resp_MR_easy_2.keys,resp_MR_easy_2.corr,resp_MR_easy_2.rt,space_perehod_MRtrain.keys,space_perehod_MRtrain.rt,training_MR.thisRepN,training_MR.thisTrialN,training_MR.thisN,training_MR.thisIndex,training_MR.ran,train_stim,train_base,train_correctAns,Индивидуальный_код,date,expName,psychopyVersion,OS,frameRate,key_resp_SE_2.keys,key_resp_SE_2.corr,key_resp_SE_2.rt,space_perehod_STtrain.keys,space_perehod_STtrain.rt,train_sternberg.thisRepN,train_sternberg.thisTrialN,train_sternberg.thisN,train_sternberg.thisIndex,train_sternberg.ran,resp1_2.text,resp2_2.text,resp3_2.text,mouse_MSe_2.x,mouse_MSe_2.y,mouse_MSe_2.leftButton,mouse_MSe_2.midButton,mouse_MSe_2.rightButton,mouse_MSe_2.time,mouse_MSe_2.clicked_name,train_MS.thisRepN,train_MS.thisTrialN,train_MS.thisN,train_MS.thisIndex,train_MS.ran,train_noun1,train_noun2,train_noun3,slider.response,slider.rt,tlx_training.thisRepN,tlx_training.thisTrialN,tlx_training.thisN,tlx_training.thisIndex,tlx_training.ran,head,question,left,right,sequence,target_present,control,task_type,task_level,key_resp_SM.keys,key_resp_SM.corr,key_resp_SM.rt,space_perehod_SM.keys,space_perehod_SM.rt,sternberg_medium_loop.thisRepN,sternberg_medium_loop.thisTrialN,sternberg_medium_loop.thisN,sternberg_medium_loop.thisIndex,sternberg_medium_loop.ran,T/Q,nasa_tlx_loop_Sm.thisRepN,nasa_tlx_loop_Sm.thisTrialN,nasa_tlx_loop_Sm.thisN,nasa_tlx_loop_Sm.thisIndex,nasa_tlx_loop_Sm.ran,Sm.thisRepN,Sm.thisTrialN,Sm.thisN,Sm.thisIndex,Sm.ran,all.thisRepN,all.thisTrialN,all.thisN,all.thisIndex,all.ran,E_rotation,M_rotation,H_rotation,E_span,M_span,H_span,E_Sternberg,M_Sternberg,H_Sternberg,base_position,correctAns,rotated_pic,base_pic,X,Z,resp_MR_medium.keys,resp_MR_medium.corr,resp_MR_medium.rt,space_perehod_MRm.keys,space_perehod_MRm.rt,MR_medium_loop.thisRepN,MR_medium_loop.thisTrialN,MR_medium_loop.thisN,MR_medium_loop.thisIndex,MR_medium_loop.ran,nasa_tlx_loop_MRm.thisRepN,nasa_tlx_loop_MRm.thisTrialN,nasa_tlx_loop_MRm.thisN,nasa_tlx_loop_MRm.thisIndex,nasa_tlx_loop_MRm.ran,MRm.thisRepN,MRm.thisTrialN,MRm.thisN,MRm.thisIndex,MRm.ran,key_resp_SE.keys,key_resp_SE.corr,key_resp_SE.rt,space_perehod_SE.keys,space_perehod_SE.rt,sternberg_easy_loop.thisRepN,sternberg_easy_loop.thisTrialN,sternberg_easy_loop.thisN,sternberg_easy_loop.thisIndex,sternberg_easy_loop.ran,nasa_tlx_loop_Se.thisRepN,nasa_tlx_loop_Se.thisTrialN,nasa_tlx_loop_Se.thisN,nasa_tlx_loop_Se.thisIndex,nasa_tlx_loop_Se.ran,Se.thisRepN,Se.thisTrialN,Se.thisN,Se.thisIndex,Se.ran,noun1,noun2,noun3,noun4,noun5,noun6,noun7,resp1_MSh.text,resp2_MSh.text,resp3_MSh.text,resp4_MSh.text,resp5_MSh.text,resp6_MSh.text,resp7_MSh.text,mouse_MSh.x,mouse_MSh.y,mouse_MSh.leftButton,mouse_MSh.midButton,mouse_MSh.rightButton,mouse_MSh.time,mouse_MSh.clicked_name,MS_hard.thisRepN,MS_hard.thisTrialN,MS_hard.thisN,MS_hard.thisIndex,MS_hard.ran,nasa_tlx_loop_MSh.thisRepN,nasa_tlx_loop_MSh.thisTrialN,nasa_tlx_loop_MSh.thisN,nasa_tlx_loop_MSh.thisIndex,nasa_tlx_loop_MSh.ran,MSh.thisRepN,MSh.thisTrialN,MSh.thisN,MSh.thisIndex,MSh.ran,resp1_MSm.text,resp2_MSm.text,resp3_MSm.text,resp4_MSm.text,resp5_MSm.text,mouse_MSm.x,mouse_MSm.y,mouse_MSm.leftButton,mouse_MSm.midButton,mouse_MSm.rightButton,mouse_MSm.time,mouse_MSm.clicked_name,MS_medium.thisRepN,MS_medium.thisTrialN,MS_medium.thisN,MS_medium.thisIndex,MS_medium.ran,nasa_tlx_loop_MSm.thisRepN,nasa_tlx_loop_MSm.thisTrialN,nasa_tlx_loop_MSm.thisN,nasa_tlx_loop_MSm.thisIndex,nasa_tlx_loop_MSm.ran,MSm.thisRepN,MSm.thisTrialN,MSm.thisN,MSm.thisIndex,MSm.ran,resp_MR_hard.keys,resp_MR_hard.corr,resp_MR_hard.rt,space_perehod_MRh.keys,space_perehod_MRh.rt,MR_hard_loop.thisRepN,MR_hard_loop.thisTrialN,MR_hard_loop.thisN,MR_hard_loop.thisIndex,MR_hard_loop.ran,nasa_tlx_loop_MRh.thisRepN,nasa_tlx_loop_MRh.thisTrialN,nasa_tlx_loop_MRh.thisN,nasa_tlx_loop_MRh.thisIndex,nasa_tlx_loop_MRh.ran,MRh.thisRepN,MRh.thisTrialN,MRh.thisN,MRh.thisIndex,MRh.ran,resp1.text,resp2.text,resp3.text,mouse_MSe.x,mouse_MSe.y,mouse_MSe.leftButton,mouse_MSe.midButton,mouse_MSe.rightButton,mouse_MSe.time,mouse_MSe.clicked_name,MS_easy.thisRepN,MS_easy.thisTrialN,MS_easy.thisN,MS_easy.thisIndex,MS_easy.ran
right,0,13.829,space,1.115,0,0,0,0,1,images/training/10_b_x_180_y_0_z_0.png,images/training/10_a_x_180_y_0_z_45.png,left,028ARAA,2023-04-24_14h42.11.965,entire_exp,2022.1.1,Win32,60.0240096,,,,,,,,,,,,,,,,,,,,,,,,,,,,,,,,,,,,,,,,,,,,,,,,,,,,,,,,,,,,,,,,,,,,,,,,,,,,,,,,,,,,,,,,,,,,,,,,,,,,,,,,,,,,,,,,,,,,,,,,,,,,,,,,,,,,,,,,,,,,,,,,,,,,,,,,,,,,,,,,,,,,,,,,,,,,,,,,,,,,,,,,,,,,,,,,,,,,,,,,,,,,,,,,,,,,,,,,,,,,,,,
right,1,7.479,space,0.653,0,1,1,1,1,images/training/1_a_x_180_y_0_z_0.png,images/training/1_a_x_180_y_0_z_135.png,right,028ARAA,2023-04-24_14h42.11.965,entire_exp,2022.1.1,Win32,60.0240096,,,,,,,,,,,,,,,,,,,,,,,,,,,,,,,,,,,,,,,,,,,,,,,,,,,,,,,,,,,,,,,,,,,,,,,,,,,,,,,,,,,,,,,,,,,,,,,,,,,,,,,,,,,,,,,,,,,,,,,,,,,,,,,,,,,,,,,,,,,,,,,,,,,,,,,,,,,,,,,,,,,,,,,,,,,,,,,,,,,,,,,,,,,,,,,,,,,,,,,,,,,,,,,,,,,,,,,,,,,,,,,
left,1,38.009,space,0.869,0,2,2,2,1,images/training/2_a_x_135_y_45_z_315.png,images/training/2_b_x_135_y_135_z_315.png,left,028ARAA,2023-04-24_14h42.11.965,entire_exp,2022.1.1,Win32,60.0240096,,,,,,,,,,,,,,,,,,,,,,,,,,,,,,,,,,,,,,,,,,,,,,,,,,,,,,,,,,,,,,,,,,,,,,,,,,,,,,,,,,,,,,,,,,,,,,,,,,,,,,,,,,,,,,,,,,,,,,,,,,,,,,,,,,,,,,,,,,,,,,,,,,,,,,,,,,,,,,,,,,,,,,,,,,,,,,,,,,,,,,,,,,,,,,,,,,,,,,,,,,,,,,,,,,,,,,,,,,,,,,,
,,,,,,,,,,,,,028ARAA,2023-04-24_14h42.11.965,entire_exp,2022.1.1,Win32,60.0240096,right,1,1.742,space,0.625,0,0,0,0,1,,,,,,,,,,,,,,,,,,,,,,,,,,,,,,,,,,,,,,,,,,,,,,,,,,,,,,,,,,,,,,,,,,,,,,,,,,,,,,,,,,,,,,,,,,,,,,,,,,,,,,,,,,,,,,,,,,,,,,,,,,,,,,,,,,,,,,,,,,,,,,,,,,,,,,,,,,,,,,,,,,,,,,,,,,,,,,,,,,,,,,,,,,,,,,,,,,,,,,,,,,,,,,,,,,,,,
,,,,,,,,,,,,,028ARAA,2023-04-24_14h42.11.965,entire_exp,2022.1.1,Win32,60.0240096,left,1,1.333,space,0.414,1,0,1,0,1,,,,,,,,,,,,,,,,,,,,,,,,,,,,,,,,,,,,,,,,,,,,,,,,,,,,,,,,,,,,,,,,,,,,,,,,,,,,,,,,,,,,,,,,,,,,,,,,,,,,,,,,,,,,,,,,,,,,,,,,,,,,,,,,,,,,,,,,,,,,,,,,,,,,,,,,,,,,,,,,,,,,,,,,,,,,,,,,,,,,,,,,,,,,,,,,,,,,,,,,,,,,,,,,,,,,,
,,,,,,,,,,,,,028ARAA,2023-04-24_14h42.11.965,entire_exp,2022.1.1,Win32,60.0240096,left,1,2.499,space,0.565,2,0,2,0,1,,,,,,,,,,,,,,,,,,,,,,,,,,,,,,,,,,,,,,,,,,,,,,,,,,,,,,,,,,,,,,,,,,,,,,,,,,,,,,,,,,,,,,,,,,,,,,,,,,,,,,,,,,,,,,,,,,,,,,,,,,,,,,,,,,,,,,,,,,,,,,,,,,,,,,,,,,,,,,,,,,,,,,,,,,,,,,,,,,,,,,,,,,,,,,,,,,,,,,,,,,,,,,,,,,,,,
,,,,,,,,,,,,,028ARAA,2023-04-24_14h42.11.965,entire_exp,2022.1.1,Win32,60.0240096,,,,,,,,,,,письмо,среда,хоккей,-0.021296296,-0.387962963,1,0,0,15.952,dalee_polygon,0,0,0,2,1,письмо,среда,хоккей,,,,,,,,,,,,,,,,,,,,,,,,,,,,,,,,,,,,,,,,,,,,,,,,,,,,,,,,,,,,,,,,,,,,,,,,,,,,,,,,,,,,,,,,,,,,,,,,,,,,,,,,,,,,,,,,,,,,,,,,,,,,,,,,,,,,,,,,,,,,,,,,,,,,,,,,,,,,,,,,,,,,,,,,,,,,,,,,,,,,,,,,,,,,,,,,,,,
,,,,,,,,,,,,,028ARAA,2023-04-24_14h42.11.965,entire_exp,2022.1.1,Win32,60.0240096,,,,,,,,,,,здание,фраза,оплата,0.063888889,-0.380555556,1,0,0,9.895,dalee_polygon,0,1,1,0,1,здание,фраза,оплата,,,,,,,,,,,,,,,,,,,,,,,,,,,,,,,,,,,,,,,,,,,,,,,,,,,,,,,,,,,,,,,,,,,,,,,,,,,,,,,,,,,,,,,,,,,,,,,,,,,,,,,,,,,,,,,,,,,,,,,,,,,,,,,,,,,,,,,,,,,,,,,,,,,,,,,,,,,,,,,,,,,,,,,,,,,,,,,,,,,,,,,,,,,,,,,,,,,
,,,,,,,,,,,,,028ARAA,2023-04-24_14h42.11.965,entire_exp,2022.1.1,Win32,60.0240096,,,,,,,,,,,магазин,сюжет,бумага,-0.011111111,-0.376851852,1,0,0,9.471,dalee_polygon,0,2,2,1,1,магазин,сюжет,бумага,,,,,,,,,,,,,,,,,,,,,,,,,,,,,,,,,,,,,,,,,,,,,,,,,,,,,,,,,,,,,,,,,,,,,,,,,,,,,,,,,,,,,,,,,,,,,,,,,,,,,,,,,,,,,,,,,,,,,,,,,,,,,,,,,,,,,,,,,,,,,,,,,,,,,,,,,,,,,,,,,,,,,,,,,,,,,,,,,,,,,,,,,,,,,,,,,,,
,,,,,,,,,,,,,028ARAA,2023-04-24_14h42.11.965,entire_exp,2022.1.1,Win32,60.0240096,,,,,,,,,,,,,,,,,,,,,,,,,,,,,12,3.082,0,0,0,0,1,Умственная нагрузка,"Как много умственных усилий, как вам показалось на первый взгляд, требовалось для выполнения задания? (при размышлении, принятия решений, запоминании, поиске и др.) Задание было легким или трудным, простым или сложным, изнурительным или щадящим?",Низкая,Высокая,,,,,,,,,,,,,,,,,,,,,,,,,,,,,,,,,,,,,,,,,,,,,,,,,,,,,,,,,,,,,,,,,,,,,,,,,,,,,,,,,,,,,,,,,,,,,,,,,,,,,,,,,,,,,,,,,,,,,,,,,,,,,,,,,,,,,,,,,,,,,,,,,,,,,,,,,,,,,,,,,,,,,,,,,,,,,,,,,,,,,,,,
,,,,,,,,,,,,,028ARAA,2023-04-24_14h42.11.965,entire_exp,2022.1.1,Win32,60.0240096,,,,,,,,,,,,,,,,,,,,,,,,,,,,,6.977777778,2.197,0,1,1,1,1,Физическая нагрузка,"Как много физических усилий, как вам показалось на первый взгляд, пришлось приложить для выполнения задания (например, бег, прыжки, тяга, толкание, вращения и др.)? Задание было легким или трудным, неспешным или оживлённым, спокойным или напряженным, расслабленным или утомительным?",Низкая,Высокая,,,,,,,,,,,,,,,,,,,,,,,,,,,,,,,,,,,,,,,,,,,,,,,,,,,,,,,,,,,,,,,,,,,,,,,,,,,,,,,,,,,,,,,,,,,,,,,,,,,,,,,,,,,,,,,,,,,,,,,,,,,,,,,,,,,,,,,,,,,,,,,,,,,,,,,,,,,,,,,,,,,,,,,,,,,,,,,,,,,,,,,,
,,,,,,,,,,,,,028ARAA,2023-04-24_14h42.11.965,entire_exp,2022.1.1,Win32,60.0240096,,,,,,,,,,,,,,,,,,,,,,,,,,,,,7.955555556,2.793,0,2,2,2,1,Давление времени,"Насколько сильно ощущалась нехватка времени при выполнении задания? Был ли ход выполнения спокойным и неторопливым или, наоборот, быстрым и бурным?",Слабое,Сильное,,,,,,,,,,,,,,,,,,,,,,,,,,,,,,,,,,,,,,,,,,,,,,,,,,,,,,,,,,,,,,,,,,,,,,,,,,,,,,,,,,,,,,,,,,,,,,,,,,,,,,,,,,,,,,,,,,,,,,,,,,,,,,,,,,,,,,,,,,,,,,,,,,,,,,,,,,,,,,,,,,,,,,,,,,,,,,,,,,,,,,,,
,,,,,,,,,,,,,028ARAA,2023-04-24_14h42.11.965,entire_exp,2022.1.1,Win32,60.0240096,,,,,,,,,,,,,,,,,,,,,,,,,,,,,12.96296296,4.313,0,3,3,3,1,Успешность выполнения,"Как вы думаете, насколько успешно было выполнено задание? Насколько вы довольны ходом выполнения задания?",Совсем не выполнено,Полностью выполнено,,,,,,,,,,,,,,,,,,,,,,,,,,,,,,,,,,,,,,,,,,,,,,,,,,,,,,,,,,,,,,,,,,,,,,,,,,,,,,,,,,,,,,,,,,,,,,,,,,,,,,,,,,,,,,,,,,,,,,,,,,,,,,,,,,,,,,,,,,,,,,,,,,,,,,,,,,,,,,,,,,,,,,,,,,,,,,,,,,,,,,,,
,,,,,,,,,,,,,028ARAA,2023-04-24_14h42.11.965,entire_exp,2022.1.1,Win32,60.0240096,,,,,,,,,,,,,,,,,,,,,,,,,,,,,10.93333333,2.954,0,4,4,4,1,Усилия,Сколько усилий на самом деле вы приложили для выполнения задания (умственных и/или физических) для достигнутого вами результата?,Мало,Много,,,,,,,,,,,,,,,,,,,,,,,,,,,,,,,,,,,,,,,,,,,,,,,,,,,,,,,,,,,,,,,,,,,,,,,,,,,,,,,,,,,,,,,,,,,,,,,,,,,,,,,,,,,,,,,,,,,,,,,,,,,,,,,,,,,,,,,,,,,,,,,,,,,,,,,,,,,,,,,,,,,,,,,,,,,,,,,,,,,,,,,,
,,,,,,,,,,,,,028ARAA,2023-04-24_14h42.11.965,entire_exp,2022.1.1,Win32,60.0240096,,,,,,,,,,,,,,,,,,,,,,,,,,,,,10.07407407,1.896,0,5,5,5,1,Уровень фрустрации,"Насколько неуверенно в себе, разочарованно, раздраженно или напряженно вы чувствовали себя в ходе выполнения задания? Или же наоборот, вы были уверенны в себе, а выполнение задания было приятным и расслабленным?",Низкий,Высокий,,,,,,,,,,,,,,,,,,,,,,,,,,,,,,,,,,,,,,,,,,,,,,,,,,,,,,,,,,,,,,,,,,,,,,,,,,,,,,,,,,,,,,,,,,,,,,,,,,,,,,,,,,,,,,,,,,,,,,,,,,,,,,,,,,,,,,,,,,,,,,,,,,,,,,,,,,,,,,,,,,,,,,,,,,,,,,,,,,,,,,,,
,,,,,,,,,,,,,028ARAA,2023-04-24_14h42.11.965,entire_exp,2022.1.1,Win32,60.0240096,,,,,,,,,,,,,,,,,,,,,,,,,,,,,,,,,,,,,,,,"[""Й"",""Г"",""Ф"",""Д"",""Ч"",""Щ"",""З"",""Б""]",1,З,sternberg,2,left,0,17.079,space,1.702,0,0,0,0,1,,,,,,,,,,,,,,,,,,,,,,,,,,,,,,,,,,,,,,,,,,,,,,,,,,,,,,,,,,,,,,,,,,,,,,,,,,,,,,,,,,,,,,,,,,,,,,,,,,,,,,,,,,,,,,,,,,,,,,,,,,,,,,,,,,,,,,,,,,,,,,,,,,,,,,,,,,,,,,,,,,,,,,,,,
,,,,,,,,,,,,,028ARAA,2023-04-24_14h42.11.965,entire_exp,2022.1.1,Win32,60.0240096,,,,,,,,,,,,,,,,,,,,,,,,,,,,,,,,,,,,,,,,"[""С"",""Ц"",""Ф"",""Т"",""Х"",""Н"",""Д"",""М""]",0,Ж,sternberg,2,left,1,1.05,space,0.431,1,0,1,0,1,,,,,,,,,,,,,,,,,,,,,,,,,,,,,,,,,,,,,,,,,,,,,,,,,,,,,,,,,,,,,,,,,,,,,,,,,,,,,,,,,,,,,,,,,,,,,,,,,,,,,,,,,,,,,,,,,,,,,,,,,,,,,,,,,,,,,,,,,,,,,,,,,,,,,,,,,,,,,,,,,,,,,,,,,
,,,,,,,,,,,,,028ARAA,2023-04-24_14h42.11.965,entire_exp,2022.1.1,Win32,60.0240096,,,,,,,,,,,,,,,,,,,,,,,,,,,,,,,,,,,,,,,,"[""Й"",""Ж"",""П"",""Н"",""Р"",""Ц"",""М"",""Щ""]",1,Ц,sternberg,2,right,1,0.884,space,0.465,2,0,2,0,1,,,,,,,,,,,,,,,,,,,,,,,,,,,,,,,,,,,,,,,,,,,,,,,,,,,,,,,,,,,,,,,,,,,,,,,,,,,,,,,,,,,,,,,,,,,,,,,,,,,,,,,,,,,,,,,,,,,,,,,,,,,,,,,,,,,,,,,,,,,,,,,,,,,,,,,,,,,,,,,,,,,,,,,,,
,,,,,,,,,,,,,028ARAA,2023-04-24_14h42.11.965,entire_exp,2022.1.1,Win32,60.0240096,,,,,,,,,,,,,,,,,,,,,,,,,,,,,,,,,,,,,,,,"[""Х"",""Й"",""Н"",""В"",""Ц"",""Ж"",""Д"",""Ч""]",1,Й,sternberg,2,right,1,1.284,space,0.415,3,0,3,0,1,,,,,,,,,,,,,,,,,,,,,,,,,,,,,,,,,,,,,,,,,,,,,,,,,,,,,,,,,,,,,,,,,,,,,,,,,,,,,,,,,,,,,,,,,,,,,,,,,,,,,,,,,,,,,,,,,,,,,,,,,,,,,,,,,,,,,,,,,,,,,,,,,,,,,,,,,,,,,,,,,,,,,,,,,
,,,,,,,,,,,,,028ARAA,2023-04-24_14h42.11.965,entire_exp,2022.1.1,Win32,60.0240096,,,,,,,,,,,,,,,,,,,,,,,,,,,,,,,,,,,,,,,,"[""Л"",""Ж"",""Д"",""С"",""В"",""Ч"",""З"",""Н""]",1,Ч,sternberg,2,right,1,3.965,space,0.299,4,0,4,0,1,,,,,,,,,,,,,,,,,,,,,,,,,,,,,,,,,,,,,,,,,,,,,,,,,,,,,,,,,,,,,,,,,,,,,,,,,,,,,,,,,,,,,,,,,,,,,,,,,,,,,,,,,,,,,,,,,,,,,,,,,,,,,,,,,,,,,,,,,,,,,,,,,,,,,,,,,,,,,,,,,,,,,,,,,
,,,,,,,,,,,,,028ARAA,2023-04-24_14h42.11.965,entire_exp,2022.1.1,Win32,60.0240096,,,,,,,,,,,,,,,,,,,,,,,,,,,,,,,,,,,,,,,,"[""Щ"",""Т"",""Ж"",""Р"",""З"",""С"",""Х"",""Ч""]",0,Ф,sternberg,2,left,1,0.71,space,1.158,5,0,5,0,1,,,,,,,,,,,,,,,,,,,,,,,,,,,,,,,,,,,,,,,,,,,,,,,,,,,,,,,,,,,,,,,,,,,,,,,,,,,,,,,,,,,,,,,,,,,,,,,,,,,,,,,,,,,,,,,,,,,,,,,,,,,,,,,,,,,,,,,,,,,,,,,,,,,,,,,,,,,,,,,,,,,,,,,,,
,,,,,,,,,,,,,028ARAA,2023-04-24_14h42.11.965,entire_exp,2022.1.1,Win32,60.0240096,,,,,,,,,,,,,,,,,,,,,,,,,,,,,,,,,,,,,,,,"[""М"",""Ж"",""Ф"",""Л"",""Ш"",""Й"",""Ц"",""З""]",1,М,sternberg,2,right,1,1.134,space,0.415,6,0,6,0,1,,,,,,,,,,,,,,,,,,,,,,,,,,,,,,,,,,,,,,,,,,,,,,,,,,,,,,,,,,,,,,,,,,,,,,,,,,,,,,,,,,,,,,,,,,,,,,,,,,,,,,,,,,,,,,,,,,,,,,,,,,,,,,,,,,,,,,,,,,,,,,,,,,,,,,,,,,,,,,,,,,,,,,,,,
,,,,,,,,,,,,,028ARAA,2023-04-24_14h42.11.965,entire_exp,2022.1.1,Win32,60.0240096,,,,,,,,,,,,,,,,,,,,,,,,,,,,,,,,,,,,,,,,"[""Т"",""Р"",""С"",""Л"",""Ц"",""Д"",""П"",""К""]",0,З,sternberg,2,right,0,1.718,space,0.549,7,0,7,0,1,,,,,,,,,,,,,,,,,,,,,,,,,,,,,,,,,,,,,,,,,,,,,,,,,,,,,,,,,,,,,,,,,,,,,,,,,,,,,,,,,,,,,,,,,,,,,,,,,,,,,,,,,,,,,,,,,,,,,,,,,,,,,,,,,,,,,,,,,,,,,,,,,,,,,,,,,,,,,,,,,,,,,,,,,
,,,,,,,,,,,,,028ARAA,2023-04-24_14h42.11.965,entire_exp,2022.1.1,Win32,60.0240096,,,,,,,,,,,,,,,,,,,,,,,,,,,,,,,,,,,,,,,,"[""Х"",""Ч"",""Г"",""Д"",""Л"",""Щ"",""Ф"",""Й""]",0,Т,sternberg,2,left,1,0.682,space,0.747,8,0,8,0,1,,,,,,,,,,,,,,,,,,,,,,,,,,,,,,,,,,,,,,,,,,,,,,,,,,,,,,,,,,,,,,,,,,,,,,,,,,,,,,,,,,,,,,,,,,,,,,,,,,,,,,,,,,,,,,,,,,,,,,,,,,,,,,,,,,,,,,,,,,,,,,,,,,,,,,,,,,,,,,,,,,,,,,,,,
,,,,,,,,,,,,,028ARAA,2023-04-24_14h42.11.965,entire_exp,2022.1.1,Win32,60.0240096,,,,,,,,,,,,,,,,,,,,,,,,,,,,,,,,,,,,,,,,"[""Щ"",""З"",""Й"",""С"",""Ж"",""Д"",""Л"",""Х""]",0,Т,sternberg,2,left,1,1.303,space,0.998,9,0,9,0,1,,,,,,,,,,,,,,,,,,,,,,,,,,,,,,,,,,,,,,,,,,,,,,,,,,,,,,,,,,,,,,,,,,,,,,,,,,,,,,,,,,,,,,,,,,,,,,,,,,,,,,,,,,,,,,,,,,,,,,,,,,,,,,,,,,,,,,,,,,,,,,,,,,,,,,,,,,,,,,,,,,,,,,,,,
,,,,,,,,,,,,,028ARAA,2023-04-24_14h42.11.965,entire_exp,2022.1.1,Win32,60.0240096,,,,,,,,,,,,,,,,,,,,,,,,,,,,,,,,,,,,,,,,"[""В"",""Щ"",""З"",""М"",""Т"",""С"",""Г"",""Ж""]",1,Т,sternberg,2,right,1,1.319,space,0.481,10,0,10,0,1,,,,,,,,,,,,,,,,,,,,,,,,,,,,,,,,,,,,,,,,,,,,,,,,,,,,,,,,,,,,,,,,,,,,,,,,,,,,,,,,,,,,,,,,,,,,,,,,,,,,,,,,,,,,,,,,,,,,,,,,,,,,,,,,,,,,,,,,,,,,,,,,,,,,,,,,,,,,,,,,,,,,,,,,,
,,,,,,,,,,,,,028ARAA,2023-04-24_14h42.11.965,entire_exp,2022.1.1,Win32,60.0240096,,,,,,,,,,,,,,,,,,,,,,,,,,,,,,,,,,,,,,,,"[""Л"",""Р"",""Д"",""М"",""С"",""Б"",""Ф"",""З""]",1,С,sternberg,2,right,1,0.782,space,0.565,11,0,11,0,1,,,,,,,,,,,,,,,,,,,,,,,,,,,,,,,,,,,,,,,,,,,,,,,,,,,,,,,,,,,,,,,,,,,,,,,,,,,,,,,,,,,,,,,,,,,,,,,,,,,,,,,,,,,,,,,,,,,,,,,,,,,,,,,,,,,,,,,,,,,,,,,,,,,,,,,,,,,,,,,,,,,,,,,,,
,,,,,,,,,,,,,028ARAA,2023-04-24_14h42.11.965,entire_exp,2022.1.1,Win32,60.0240096,,,,,,,,,,,,,,,,,,,,,,,,,,,,,,,,,,,,,,,,"[""М"",""Щ"",""З"",""Ш"",""П"",""Ж"",""Н"",""Т""]",1,Ж,sternberg,2,right,1,0.433,space,0.797,12,0,12,0,1,,,,,,,,,,,,,,,,,,,,,,,,,,,,,,,,,,,,,,,,,,,,,,,,,,,,,,,,,,,,,,,,,,,,,,,,,,,,,,,,,,,,,,,,,,,,,,,,,,,,,,,,,,,,,,,,,,,,,,,,,,,,,,,,,,,,,,,,,,,,,,,,,,,,,,,,,,,,,,,,,,,,,,,,,
,,,,,,,,,,,,,028ARAA,2023-04-24_14h42.11.965,entire_exp,2022.1.1,Win32,60.0240096,,,,,,,,,,,,,,,,,,,,,,,,,,,,,,,,,,,,,,,,"[""Л"",""Р"",""М"",""Г"",""Ц"",""Ф"",""Й"",""С""]",1,Г,sternberg,2,left,0,1.064,space,0.633,13,0,13,0,1,,,,,,,,,,,,,,,,,,,,,,,,,,,,,,,,,,,,,,,,,,,,,,,,,,,,,,,,,,,,,,,,,,,,,,,,,,,,,,,,,,,,,,,,,,,,,,,,,,,,,,,,,,,,,,,,,,,,,,,,,,,,,,,,,,,,,,,,,,,,,,,,,,,,,,,,,,,,,,,,,,,,,,,,,
,,,,,,,,,,,,,028ARAA,2023-04-24_14h42.11.965,entire_exp,2022.1.1,Win32,60.0240096,,,,,,,,,,,,,,,,,,,,,,,,,,,,,,,,,,,,,,,,"[""Т"",""Ф"",""Р"",""Д"",""Х"",""Й"",""Ш"",""Ч""]",1,Т,sternberg,2,right,1,0.951,space,0.366,14,0,14,0,1,,,,,,,,,,,,,,,,,,,,,,,,,,,,,,,,,,,,,,,,,,,,,,,,,,,,,,,,,,,,,,,,,,,,,,,,,,,,,,,,,,,,,,,,,,,,,,,,,,,,,,,,,,,,,,,,,,,,,,,,,,,,,,,,,,,,,,,,,,,,,,,,,,,,,,,,,,,,,,,,,,,,,,,,,
,,,,,,,,,,,,,028ARAA,2023-04-24_14h42.11.965,entire_exp,2022.1.1,Win32,60.0240096,,,,,,,,,,,,,,,,,,,,,,,,,,,,,,,,,,,,,,,,"[""Н"",""Ш"",""М"",""Ж"",""Х"",""К"",""З"",""Д""]",1,Ж,sternberg,2,right,1,0.934,space,0.332,15,0,15,0,1,,,,,,,,,,,,,,,,,,,,,,,,,,,,,,,,,,,,,,,,,,,,,,,,,,,,,,,,,,,,,,,,,,,,,,,,,,,,,,,,,,,,,,,,,,,,,,,,,,,,,,,,,,,,,,,,,,,,,,,,,,,,,,,,,,,,,,,,,,,,,,,,,,,,,,,,,,,,,,,,,,,,,,,,,
,,,,,,,,,,,,,028ARAA,2023-04-24_14h42.11.965,entire_exp,2022.1.1,Win32,60.0240096,,,,,,,,,,,,,,,,,,,,,,,,,,,,,15.05185185,6.688,,,,,,Умственная нагрузка,"Как много умственных усилий, как вам показалось на первый взгляд, требовалось для выполнения задания?",Низкая,Высокая,,,,sternberg,2,,,,,,,,,,,Q,0,0,0,0,1,,,,,,,,,,,,,,,,,,,,,,,,,,,,,,,,,,,,,,,,,,,,,,,,,,,,,,,,,,,,,,,,,,,,,,,,,,,,,,,,,,,,,,,,,,,,,,,,,,,,,,,,,,,,,,,,,,,,,,,,,,,,,,,,,,,,,,,,,,,,,,,,,,,,,,,,,,,,,,,,,,,
,,,,,,,,,,,,,028ARAA,2023-04-24_14h42.11.965,entire_exp,2022.1.1,Win32,60.0240096,,,,,,,,,,,,,,,,,,,,,,,,,,,,,12.99259259,4.61,,,,,,Физическая нагрузка,"Как много физических усилий, как вам показалось на первый взгляд, пришлось приложить для выполнения задания?",Низкая,Высокая,,,,sternberg,2,,,,,,,,,,,Q,0,1,1,1,1,,,,,,,,,,,,,,,,,,,,,,,,,,,,,,,,,,,,,,,,,,,,,,,,,,,,,,,,,,,,,,,,,,,,,,,,,,,,,,,,,,,,,,,,,,,,,,,,,,,,,,,,,,,,,,,,,,,,,,,,,,,,,,,,,,,,,,,,,,,,,,,,,,,,,,,,,,,,,,,,,,,
,,,,,,,,,,,,,028ARAA,2023-04-24_14h42.11.965,entire_exp,2022.1.1,Win32,60.0240096,,,,,,,,,,,,,,,,,,,,,,,,,,,,,16.04444444,3.733,,,,,,Давление времени,"Нужно было торопиться, чтобы выполнить задание, или можно было работать в своём темпе?",Слабое,Сильное,,,,sternberg,2,,,,,,,,,,,Q,0,2,2,2,1,,,,,,,,,,,,,,,,,,,,,,,,,,,,,,,,,,,,,,,,,,,,,,,,,,,,,,,,,,,,,,,,,,,,,,,,,,,,,,,,,,,,,,,,,,,,,,,,,,,,,,,,,,,,,,,,,,,,,,,,,,,,,,,,,,,,,,,,,,,,,,,,,,,,,,,,,,,,,,,,,,,
,,,,,,,,,,,,,028ARAA,2023-04-24_14h42.11.965,entire_exp,2022.1.1,Win32,60.0240096,,,,,,,,,,,,,,,,,,,,,,,,,,,,,10.47407407,2.939,,,,,,Успешность выполнения,"Как вы думаете, насколько успешно было выполнено задание?",Совсем не выполнено,Полностью выполнено,,,,sternberg,2,,,,,,,,,,,Q,0,3,3,3,1,,,,,,,,,,,,,,,,,,,,,,,,,,,,,,,,,,,,,,,,,,,,,,,,,,,,,,,,,,,,,,,,,,,,,,,,,,,,,,,,,,,,,,,,,,,,,,,,,,,,,,,,,,,,,,,,,,,,,,,,,,,,,,,,,,,,,,,,,,,,,,,,,,,,,,,,,,,,,,,,,,,
,,,,,,,,,,,,,028ARAA,2023-04-24_14h42.11.965,entire_exp,2022.1.1,Win32,60.0240096,,,,,,,,,,,,,,,,,,,,,,,,,,,,,17.00740741,2.439,,,,,,Усилия,Сколько усилий на самом деле вы приложили для выполнения задания?,Мало,Много,,,,sternberg,2,,,,,,,,,,,Q,0,4,4,4,1,,,,,,,,,,,,,,,,,,,,,,,,,,,,,,,,,,,,,,,,,,,,,,,,,,,,,,,,,,,,,,,,,,,,,,,,,,,,,,,,,,,,,,,,,,,,,,,,,,,,,,,,,,,,,,,,,,,,,,,,,,,,,,,,,,,,,,,,,,,,,,,,,,,,,,,,,,,,,,,,,,,
,,,,,,,,,,,,,028ARAA,2023-04-24_14h42.11.965,entire_exp,2022.1.1,Win32,60.0240096,,,,,,,,,,,,,,,,,,,,,,,,,,,,,12.9037037,2.724,,,,,,Уровень фрустрации,Насколько напряженным и раздражающим было задание?,Низкий,Высокий,,,,sternberg,2,,,,,,,,,,,Q,0,5,5,5,1,,,,,,,,,,,,,,,,,,,,,,,,,,,,,,,,,,,,,,,,,,,,,,,,,,,,,,,,,,,,,,,,,,,,,,,,,,,,,,,,,,,,,,,,,,,,,,,,,,,,,,,,,,,,,,,,,,,,,,,,,,,,,,,,,,,,,,,,,,,,,,,,,,,,,,,,,,,,,,,,,,,
,,,,,,,,,,,,,028ARAA,2023-04-24_14h42.11.965,entire_exp,2022.1.1,Win32,60.0240096,,,,,,,,,,,,,,,,,,,,,,,,,,,,,,,,,,,,,,,,,,,,,,,,,,,,,,,,,,,,,0,0,0,0,1,,,,,,,,,,,,,,,,,,,,,,,,,,,,,,,,,,,,,,,,,,,,,,,,,,,,,,,,,,,,,,,,,,,,,,,,,,,,,,,,,,,,,,,,,,,,,,,,,,,,,,,,,,,,,,,,,,,,,,,,,,,,,,,,,,,,,,,,,,,,,,,,,,,,,,,,,,,,,,
,,,,,,,,,,,,,028ARAA,2023-04-24_14h42.11.965,entire_exp,2022.1.1,Win32,60.0240096,,,,,,,,,,,,,,,,,,,,,,,,,,,,,,,,,,,,,,,,,,,,,,,,,,,,,,,,,,,,,,,,,,0,0,0,7,1,0,0,0,0,0,0,0,1,0,,,,,,,,,,,,,,,,,,,,,,,,,,,,,,,,,,,,,,,,,,,,,,,,,,,,,,,,,,,,,,,,,,,,,,,,,,,,,,,,,,,,,,,,,,,,,,,,,,,,,,,,,,,,,,,,,,,,,,,,,,,,,,,,,,,,,,,,,,,,,,,,
,,,,,,,,,,,,,028ARAA,2023-04-24_14h42.11.965,entire_exp,2022.1.1,Win32,60.0240096,,,,,,,,,,,,,,,,,,,,,,,,,,,,,,,,,,,,,,,,,,,mental_rotation,2,,,,,,,,,,,T,,,,,,,,,,,,,,,,,,,,,,,,,"[0.4,0]",left,images/combined/1_a_x_315_y_0_z_90.png,images/base/1_b.png,315,90,left,1,38.946,space,0.855,0,0,0,0,1,,,,,,,,,,,,,,,,,,,,,,,,,,,,,,,,,,,,,,,,,,,,,,,,,,,,,,,,,,,,,,,,,,,,,,,,,,,,,,,,,,,,,,,,,,,,,,,,,,,,,,,,,,,,,,,,,,,,,,,,,,,,,,,,
,,,,,,,,,,,,,028ARAA,2023-04-24_14h42.11.965,entire_exp,2022.1.1,Win32,60.0240096,,,,,,,,,,,,,,,,,,,,,,,,,,,,,,,,,,,,,,,,,,,mental_rotation,2,,,,,,,,,,,T,,,,,,,,,,,,,,,,,,,,,,,,,"[-0.4,0]",right,images/combined/10_b_x_315_y_0_z_270.png,images/base/10_b.png,315,270,right,1,72.27,space,0.783,1,0,1,0,1,,,,,,,,,,,,,,,,,,,,,,,,,,,,,,,,,,,,,,,,,,,,,,,,,,,,,,,,,,,,,,,,,,,,,,,,,,,,,,,,,,,,,,,,,,,,,,,,,,,,,,,,,,,,,,,,,,,,,,,,,,,,,,,,
,,,,,,,,,,,,,028ARAA,2023-04-24_14h42.11.965,entire_exp,2022.1.1,Win32,60.0240096,,,,,,,,,,,,,,,,,,,,,,,,,,,,,,,,,,,,,,,,,,,mental_rotation,2,,,,,,,,,,,T,,,,,,,,,,,,,,,,,,,,,,,,,"[-0.4,0]",left,images/combined/5_b_x_45_y_0_z_90.png,images/base/5_a.png,45,90,left,1,60.066,space,0.681,2,0,2,0,1,,,,,,,,,,,,,,,,,,,,,,,,,,,,,,,,,,,,,,,,,,,,,,,,,,,,,,,,,,,,,,,,,,,,,,,,,,,,,,,,,,,,,,,,,,,,,,,,,,,,,,,,,,,,,,,,,,,,,,,,,,,,,,,,
,,,,,,,,,,,,,028ARAA,2023-04-24_14h42.11.965,entire_exp,2022.1.1,Win32,60.0240096,,,,,,,,,,,,,,,,,,,,,,,,,,,,,,,,,,,,,,,,,,,mental_rotation,2,,,,,,,,,,,T,,,,,,,,,,,,,,,,,,,,,,,,,"[0.4,0]",left,images/combined/2_a_x_45_y_0_z_270.png,images/base/2_b.png,45,270,left,1,47.585,space,0.599,3,0,3,0,1,,,,,,,,,,,,,,,,,,,,,,,,,,,,,,,,,,,,,,,,,,,,,,,,,,,,,,,,,,,,,,,,,,,,,,,,,,,,,,,,,,,,,,,,,,,,,,,,,,,,,,,,,,,,,,,,,,,,,,,,,,,,,,,,
,,,,,,,,,,,,,028ARAA,2023-04-24_14h42.11.965,entire_exp,2022.1.1,Win32,60.0240096,,,,,,,,,,,,,,,,,,,,,,,,,,,,,,,,,,,,,,,,,,,mental_rotation,2,,,,,,,,,,,T,,,,,,,,,,,,,,,,,,,,,,,,,"[0.4,0]",left,images/combined/15_b_x_315_y_0_z_90.png,images/base/15_a.png,315,90,left,1,41.424,space,0.598,4,0,4,0,1,,,,,,,,,,,,,,,,,,,,,,,,,,,,,,,,,,,,,,,,,,,,,,,,,,,,,,,,,,,,,,,,,,,,,,,,,,,,,,,,,,,,,,,,,,,,,,,,,,,,,,,,,,,,,,,,,,,,,,,,,,,,,,,,
,,,,,,,,,,,,,028ARAA,2023-04-24_14h42.11.965,entire_exp,2022.1.1,Win32,60.0240096,,,,,,,,,,,,,,,,,,,,,,,,,,,,,,,,,,,,,,,,,,,mental_rotation,2,,,,,,,,,,,T,,,,,,,,,,,,,,,,,,,,,,,,,"[0.4,0]",left,images/combined/16_b_x_45_y_0_z_270.png,images/base/16_a.png,45,270,left,1,31.962,space,0.629,5,0,5,0,1,,,,,,,,,,,,,,,,,,,,,,,,,,,,,,,,,,,,,,,,,,,,,,,,,,,,,,,,,,,,,,,,,,,,,,,,,,,,,,,,,,,,,,,,,,,,,,,,,,,,,,,,,,,,,,,,,,,,,,,,,,,,,,,,
,,,,,,,,,,,,,028ARAA,2023-04-24_14h42.11.965,entire_exp,2022.1.1,Win32,60.0240096,,,,,,,,,,,,,,,,,,,,,,,,,,,,,,,,,,,,,,,,,,,mental_rotation,2,,,,,,,,,,,T,,,,,,,,,,,,,,,,,,,,,,,,,"[0.4,0]",right,images/combined/12_a_x_315_y_0_z_270.png,images/base/12_a.png,315,270,right,1,27.714,space,0.589,6,0,6,0,1,,,,,,,,,,,,,,,,,,,,,,,,,,,,,,,,,,,,,,,,,,,,,,,,,,,,,,,,,,,,,,,,,,,,,,,,,,,,,,,,,,,,,,,,,,,,,,,,,,,,,,,,,,,,,,,,,,,,,,,,,,,,,,,,
,,,,,,,,,,,,,028ARAA,2023-04-24_14h42.11.965,entire_exp,2022.1.1,Win32,60.0240096,,,,,,,,,,,,,,,,,,,,,,,,,,,,,,,,,,,,,,,,,,,mental_rotation,2,,,,,,,,,,,T,,,,,,,,,,,,,,,,,,,,,,,,,"[0.4,0]",left,images/combined/3_b_x_45_y_0_z_270.png,images/base/3_a.png,45,270,left,1,16.661,space,0.484,7,0,7,0,1,,,,,,,,,,,,,,,,,,,,,,,,,,,,,,,,,,,,,,,,,,,,,,,,,,,,,,,,,,,,,,,,,,,,,,,,,,,,,,,,,,,,,,,,,,,,,,,,,,,,,,,,,,,,,,,,,,,,,,,,,,,,,,,,
,,,,,,,,,,,,,028ARAA,2023-04-24_14h42.11.965,entire_exp,2022.1.1,Win32,60.0240096,,,,,,,,,,,,,,,,,,,,,,,,,,,,,,,,,,,,,,,,,,,mental_rotation,2,,,,,,,,,,,T,,,,,,,,,,,,,,,,,,,,,,,,,"[0.4,0]",left,images/combined/6_a_x_315_y_0_z_90.png,images/base/6_b.png,315,90,left,1,14.991,space,0.631,8,0,8,0,1,,,,,,,,,,,,,,,,,,,,,,,,,,,,,,,,,,,,,,,,,,,,,,,,,,,,,,,,,,,,,,,,,,,,,,,,,,,,,,,,,,,,,,,,,,,,,,,,,,,,,,,,,,,,,,,,,,,,,,,,,,,,,,,,
,,,,,,,,,,,,,028ARAA,2023-04-24_14h42.11.965,entire_exp,2022.1.1,Win32,60.0240096,,,,,,,,,,,,,,,,,,,,,,,,,,,,,,,,,,,,,,,,,,,mental_rotation,2,,,,,,,,,,,T,,,,,,,,,,,,,,,,,,,,,,,,,"[-0.4,0]",right,images/combined/13_b_x_45_y_0_z_90.png,images/base/13_b.png,45,90,right,1,8.592,space,0.598,9,0,9,0,1,,,,,,,,,,,,,,,,,,,,,,,,,,,,,,,,,,,,,,,,,,,,,,,,,,,,,,,,,,,,,,,,,,,,,,,,,,,,,,,,,,,,,,,,,,,,,,,,,,,,,,,,,,,,,,,,,,,,,,,,,,,,,,,,
,,,,,,,,,,,,,028ARAA,2023-04-24_14h42.11.965,entire_exp,2022.1.1,Win32,60.0240096,,,,,,,,,,,,,,,,,,,,,,,,,,,,,,,,,,,,,,,,,,,mental_rotation,2,,,,,,,,,,,T,,,,,,,,,,,,,,,,,,,,,,,,,"[-0.4,0]",left,images/combined/4_b_x_45_y_0_z_90.png,images/base/4_a.png,45,90,left,1,22.788,space,0.51,10,0,10,0,1,,,,,,,,,,,,,,,,,,,,,,,,,,,,,,,,,,,,,,,,,,,,,,,,,,,,,,,,,,,,,,,,,,,,,,,,,,,,,,,,,,,,,,,,,,,,,,,,,,,,,,,,,,,,,,,,,,,,,,,,,,,,,,,,
,,,,,,,,,,,,,028ARAA,2023-04-24_14h42.11.965,entire_exp,2022.1.1,Win32,60.0240096,,,,,,,,,,,,,,,,,,,,,,,,,,,,,,,,,,,,,,,,,,,mental_rotation,2,,,,,,,,,,,T,,,,,,,,,,,,,,,,,,,,,,,,,"[0.4,0]",left,images/combined/7_b_x_315_y_0_z_270.png,images/base/7_a.png,315,270,left,1,33.66,space,0.497,11,0,11,0,1,,,,,,,,,,,,,,,,,,,,,,,,,,,,,,,,,,,,,,,,,,,,,,,,,,,,,,,,,,,,,,,,,,,,,,,,,,,,,,,,,,,,,,,,,,,,,,,,,,,,,,,,,,,,,,,,,,,,,,,,,,,,,,,,
,,,,,,,,,,,,,028ARAA,2023-04-24_14h42.11.965,entire_exp,2022.1.1,Win32,60.0240096,,,,,,,,,,,,,,,,,,,,,,,,,,,,,,,,,,,,,,,,,,,mental_rotation,2,,,,,,,,,,,T,,,,,,,,,,,,,,,,,,,,,,,,,"[0.4,0]",right,images/combined/14_b_x_315_y_0_z_270.png,images/base/14_b.png,315,270,right,1,26.066,space,0.882,12,0,12,0,1,,,,,,,,,,,,,,,,,,,,,,,,,,,,,,,,,,,,,,,,,,,,,,,,,,,,,,,,,,,,,,,,,,,,,,,,,,,,,,,,,,,,,,,,,,,,,,,,,,,,,,,,,,,,,,,,,,,,,,,,,,,,,,,,
,,,,,,,,,,,,,028ARAA,2023-04-24_14h42.11.965,entire_exp,2022.1.1,Win32,60.0240096,,,,,,,,,,,,,,,,,,,,,,,,,,,,,,,,,,,,,,,,,,,mental_rotation,2,,,,,,,,,,,T,,,,,,,,,,,,,,,,,,,,,,,,,"[-0.4,0]",left,images/combined/8_a_x_45_y_0_z_90.png,images/base/8_b.png,45,90,left,1,17.525,space,0.669,13,0,13,0,1,,,,,,,,,,,,,,,,,,,,,,,,,,,,,,,,,,,,,,,,,,,,,,,,,,,,,,,,,,,,,,,,,,,,,,,,,,,,,,,,,,,,,,,,,,,,,,,,,,,,,,,,,,,,,,,,,,,,,,,,,,,,,,,,
,,,,,,,,,,,,,028ARAA,2023-04-24_14h42.11.965,entire_exp,2022.1.1,Win32,60.0240096,,,,,,,,,,,,,,,,,,,,,,,,,,,,,,,,,,,,,,,,,,,mental_rotation,2,,,,,,,,,,,T,,,,,,,,,,,,,,,,,,,,,,,,,"[0.4,0]",right,images/combined/9_a_x_315_y_0_z_90.png,images/base/9_a.png,315,90,left,0,41.537,space,0.494,14,0,14,0,1,,,,,,,,,,,,,,,,,,,,,,,,,,,,,,,,,,,,,,,,,,,,,,,,,,,,,,,,,,,,,,,,,,,,,,,,,,,,,,,,,,,,,,,,,,,,,,,,,,,,,,,,,,,,,,,,,,,,,,,,,,,,,,,,
,,,,,,,,,,,,,028ARAA,2023-04-24_14h42.11.965,entire_exp,2022.1.1,Win32,60.0240096,,,,,,,,,,,,,,,,,,,,,,,,,,,,,,,,,,,,,,,,,,,mental_rotation,2,,,,,,,,,,,T,,,,,,,,,,,,,,,,,,,,,,,,,"[-0.4,0]",right,images/combined/11_b_x_45_y_0_z_90.png,images/base/11_b.png,45,90,right,1,21.953,space,0.611,15,0,15,0,1,,,,,,,,,,,,,,,,,,,,,,,,,,,,,,,,,,,,,,,,,,,,,,,,,,,,,,,,,,,,,,,,,,,,,,,,,,,,,,,,,,,,,,,,,,,,,,,,,,,,,,,,,,,,,,,,,,,,,,,,,,,,,,,,
,,,,,,,,,,,,,028ARAA,2023-04-24_14h42.11.965,entire_exp,2022.1.1,Win32,60.0240096,,,,,,,,,,,,,,,,,,,,,,,,,,,,,19.17037037,2.618,,,,,,Умственная нагрузка,"Как много умственных усилий, как вам показалось на первый взгляд, требовалось для выполнения задания?",Низкая,Высокая,,,,mental_rotation,2,,,,,,,,,,,Q,,,,,,,,,,,,,,,,,,,,,,,,,,,,,,,,,,,,,,,,,0,0,0,0,1,,,,,,,,,,,,,,,,,,,,,,,,,,,,,,,,,,,,,,,,,,,,,,,,,,,,,,,,,,,,,,,,,,,,,,,,,,,,,,,,,,,,,,,,,,,,,,,,,,,,,,,,,,,,,,,,,,,,,,,,,,,
,,,,,,,,,,,,,028ARAA,2023-04-24_14h42.11.965,entire_exp,2022.1.1,Win32,60.0240096,,,,,,,,,,,,,,,,,,,,,,,,,,,,,17.39259259,3.17,,,,,,Физическая нагрузка,"Как много физических усилий, как вам показалось на первый взгляд, пришлось приложить для выполнения задания?",Низкая,Высокая,,,,mental_rotation,2,,,,,,,,,,,Q,,,,,,,,,,,,,,,,,,,,,,,,,,,,,,,,,,,,,,,,,0,1,1,1,1,,,,,,,,,,,,,,,,,,,,,,,,,,,,,,,,,,,,,,,,,,,,,,,,,,,,,,,,,,,,,,,,,,,,,,,,,,,,,,,,,,,,,,,,,,,,,,,,,,,,,,,,,,,,,,,,,,,,,,,,,,,
,,,,,,,,,,,,,028ARAA,2023-04-24_14h42.11.965,entire_exp,2022.1.1,Win32,60.0240096,,,,,,,,,,,,,,,,,,,,,,,,,,,,,6.237037037,2.514,,,,,,Давление времени,"Нужно было торопиться, чтобы выполнить задание, или можно было работать в своём темпе?",Слабое,Сильное,,,,mental_rotation,2,,,,,,,,,,,Q,,,,,,,,,,,,,,,,,,,,,,,,,,,,,,,,,,,,,,,,,0,2,2,2,1,,,,,,,,,,,,,,,,,,,,,,,,,,,,,,,,,,,,,,,,,,,,,,,,,,,,,,,,,,,,,,,,,,,,,,,,,,,,,,,,,,,,,,,,,,,,,,,,,,,,,,,,,,,,,,,,,,,,,,,,,,,
,,,,,,,,,,,,,028ARAA,2023-04-24_14h42.11.965,entire_exp,2022.1.1,Win32,60.0240096,,,,,,,,,,,,,,,,,,,,,,,,,,,,,9.762962963,3.372,,,,,,Успешность выполнения,"Как вы думаете, насколько успешно было выполнено задание?",Совсем не выполнено,Полностью выполнено,,,,mental_rotation,2,,,,,,,,,,,Q,,,,,,,,,,,,,,,,,,,,,,,,,,,,,,,,,,,,,,,,,0,3,3,3,1,,,,,,,,,,,,,,,,,,,,,,,,,,,,,,,,,,,,,,,,,,,,,,,,,,,,,,,,,,,,,,,,,,,,,,,,,,,,,,,,,,,,,,,,,,,,,,,,,,,,,,,,,,,,,,,,,,,,,,,,,,,
,,,,,,,,,,,,,028ARAA,2023-04-24_14h42.11.965,entire_exp,2022.1.1,Win32,60.0240096,,,,,,,,,,,,,,,,,,,,,,,,,,,,,19.58518519,2.165,,,,,,Усилия,Сколько усилий на самом деле вы приложили для выполнения задания?,Мало,Много,,,,mental_rotation,2,,,,,,,,,,,Q,,,,,,,,,,,,,,,,,,,,,,,,,,,,,,,,,,,,,,,,,0,4,4,4,1,,,,,,,,,,,,,,,,,,,,,,,,,,,,,,,,,,,,,,,,,,,,,,,,,,,,,,,,,,,,,,,,,,,,,,,,,,,,,,,,,,,,,,,,,,,,,,,,,,,,,,,,,,,,,,,,,,,,,,,,,,,
,,,,,,,,,,,,,028ARAA,2023-04-24_14h42.11.965,entire_exp,2022.1.1,Win32,60.0240096,,,,,,,,,,,,,,,,,,,,,,,,,,,,,15.06666667,2.312,,,,,,Уровень фрустрации,Насколько напряженным и раздражающим было задание?,Низкий,Высокий,,,,mental_rotation,2,,,,,,,,,,,Q,,,,,,,,,,,,,,,,,,,,,,,,,,,,,,,,,,,,,,,,,0,5,5,5,1,,,,,,,,,,,,,,,,,,,,,,,,,,,,,,,,,,,,,,,,,,,,,,,,,,,,,,,,,,,,,,,,,,,,,,,,,,,,,,,,,,,,,,,,,,,,,,,,,,,,,,,,,,,,,,,,,,,,,,,,,,,
,,,,,,,,,,,,,028ARAA,2023-04-24_14h42.11.965,entire_exp,2022.1.1,Win32,60.0240096,,,,,,,,,,,,,,,,,,,,,,,,,,,,,,,,,,,,,,,,,,,,,,,,,,,,,,,,,,,,,,,,,,,,,,,,,,,,,,,,,,,,,,,,,,,,,,,,,,,,,0,0,0,0,1,,,,,,,,,,,,,,,,,,,,,,,,,,,,,,,,,,,,,,,,,,,,,,,,,,,,,,,,,,,,,,,,,,,,,,,,,,,,,,,,,,,,,,,,,,,,,,,,,,,,,,,,,,,,,,,,,,,,,,
,,,,,,,,,,,,,028ARAA,2023-04-24_14h42.11.965,entire_exp,2022.1.1,Win32,60.0240096,,,,,,,,,,,,,,,,,,,,,,,,,,,,,,,,,,,,,,,,,,,,,,,,,,,,,,,,,,,,,,,,,,0,1,1,1,1,0,1,0,0,0,0,0,0,0,,,,,,,,,,,,,,,,,,,,,,,,,,,,,,,,,,,,,,,,,,,,,,,,,,,,,,,,,,,,,,,,,,,,,,,,,,,,,,,,,,,,,,,,,,,,,,,,,,,,,,,,,,,,,,,,,,,,,,,,,,,,,,,,,,,,,,,,,,,,,,,,
,,,,,,,,,,,,,028ARAA,2023-04-24_14h42.11.965,entire_exp,2022.1.1,Win32,60.0240096,,,,,,,,,,,,,,,,,,,,,,,,,,,,,,,,,,,,,,,,Т  П  Ф  З,1,Т,sternberg,1,,,,,,,,,,,T,,,,,,,,,,,,,,,,,,,,,,,,,,,,,,,,,,,,,,,,,,,,,,,,,,,right,1,1.357,space,0.592,0,0,0,0,1,,,,,,,,,,,,,,,,,,,,,,,,,,,,,,,,,,,,,,,,,,,,,,,,,,,,,,,,,,,,,,,,,,,,,,,,,,,,,,,,,,,,,,,,,,,,,,,,,,,,,,,,,,,,
,,,,,,,,,,,,,028ARAA,2023-04-24_14h42.11.965,entire_exp,2022.1.1,Win32,60.0240096,,,,,,,,,,,,,,,,,,,,,,,,,,,,,,,,,,,,,,,,Б  К  Л  С,0,Щ,sternberg,1,,,,,,,,,,,T,,,,,,,,,,,,,,,,,,,,,,,,,,,,,,,,,,,,,,,,,,,,,,,,,,,left,1,1.316,space,0.515,1,0,1,0,1,,,,,,,,,,,,,,,,,,,,,,,,,,,,,,,,,,,,,,,,,,,,,,,,,,,,,,,,,,,,,,,,,,,,,,,,,,,,,,,,,,,,,,,,,,,,,,,,,,,,,,,,,,,,
,,,,,,,,,,,,,028ARAA,2023-04-24_14h42.11.965,entire_exp,2022.1.1,Win32,60.0240096,,,,,,,,,,,,,,,,,,,,,,,,,,,,,,,,,,,,,,,,Ш  Д  Л  М,1,Д,sternberg,1,,,,,,,,,,,T,,,,,,,,,,,,,,,,,,,,,,,,,,,,,,,,,,,,,,,,,,,,,,,,,,,right,1,1.184,space,0.514,2,0,2,0,1,,,,,,,,,,,,,,,,,,,,,,,,,,,,,,,,,,,,,,,,,,,,,,,,,,,,,,,,,,,,,,,,,,,,,,,,,,,,,,,,,,,,,,,,,,,,,,,,,,,,,,,,,,,,
,,,,,,,,,,,,,028ARAA,2023-04-24_14h42.11.965,entire_exp,2022.1.1,Win32,60.0240096,,,,,,,,,,,,,,,,,,,,,,,,,,,,,,,,,,,,,,,,Д  З  Щ  Р,0,Н,sternberg,1,,,,,,,,,,,T,,,,,,,,,,,,,,,,,,,,,,,,,,,,,,,,,,,,,,,,,,,,,,,,,,,left,1,1.267,space,0.531,3,0,3,0,1,,,,,,,,,,,,,,,,,,,,,,,,,,,,,,,,,,,,,,,,,,,,,,,,,,,,,,,,,,,,,,,,,,,,,,,,,,,,,,,,,,,,,,,,,,,,,,,,,,,,,,,,,,,,
,,,,,,,,,,,,,028ARAA,2023-04-24_14h42.11.965,entire_exp,2022.1.1,Win32,60.0240096,,,,,,,,,,,,,,,,,,,,,,,,,,,,,,,,,,,,,,,,М  Ч  Т  Г,0,Ф,sternberg,1,,,,,,,,,,,T,,,,,,,,,,,,,,,,,,,,,,,,,,,,,,,,,,,,,,,,,,,,,,,,,,,left,1,1.149,space,0.425,4,0,4,0,1,,,,,,,,,,,,,,,,,,,,,,,,,,,,,,,,,,,,,,,,,,,,,,,,,,,,,,,,,,,,,,,,,,,,,,,,,,,,,,,,,,,,,,,,,,,,,,,,,,,,,,,,,,,,
,,,,,,,,,,,,,028ARAA,2023-04-24_14h42.11.965,entire_exp,2022.1.1,Win32,60.0240096,,,,,,,,,,,,,,,,,,,,,,,,,,,,,,,,,,,,,,,,Н  Р  Т  Ц,1,Т,sternberg,1,,,,,,,,,,,T,,,,,,,,,,,,,,,,,,,,,,,,,,,,,,,,,,,,,,,,,,,,,,,,,,,right,1,1.366,space,0.466,5,0,5,0,1,,,,,,,,,,,,,,,,,,,,,,,,,,,,,,,,,,,,,,,,,,,,,,,,,,,,,,,,,,,,,,,,,,,,,,,,,,,,,,,,,,,,,,,,,,,,,,,,,,,,,,,,,,,,
,,,,,,,,,,,,,028ARAA,2023-04-24_14h42.11.965,entire_exp,2022.1.1,Win32,60.0240096,,,,,,,,,,,,,,,,,,,,,,,,,,,,,,,,,,,,,,,,В  Ф  Ж  М,0,Ш,sternberg,1,,,,,,,,,,,T,,,,,,,,,,,,,,,,,,,,,,,,,,,,,,,,,,,,,,,,,,,,,,,,,,,left,1,2.549,space,0.498,6,0,6,0,1,,,,,,,,,,,,,,,,,,,,,,,,,,,,,,,,,,,,,,,,,,,,,,,,,,,,,,,,,,,,,,,,,,,,,,,,,,,,,,,,,,,,,,,,,,,,,,,,,,,,,,,,,,,,
,,,,,,,,,,,,,028ARAA,2023-04-24_14h42.11.965,entire_exp,2022.1.1,Win32,60.0240096,,,,,,,,,,,,,,,,,,,,,,,,,,,,,,,,,,,,,,,,Ш  Ф  Щ  Й,1,Ф,sternberg,1,,,,,,,,,,,T,,,,,,,,,,,,,,,,,,,,,,,,,,,,,,,,,,,,,,,,,,,,,,,,,,,right,1,2.897,space,0.649,7,0,7,0,1,,,,,,,,,,,,,,,,,,,,,,,,,,,,,,,,,,,,,,,,,,,,,,,,,,,,,,,,,,,,,,,,,,,,,,,,,,,,,,,,,,,,,,,,,,,,,,,,,,,,,,,,,,,,
,,,,,,,,,,,,,028ARAA,2023-04-24_14h42.11.965,entire_exp,2022.1.1,Win32,60.0240096,,,,,,,,,,,,,,,,,,,,,,,,,,,,,,,,,,,,,,,,Т  Щ  Б  Й,1,Й,sternberg,1,,,,,,,,,,,T,,,,,,,,,,,,,,,,,,,,,,,,,,,,,,,,,,,,,,,,,,,,,,,,,,,right,1,1.417,space,0.532,8,0,8,0,1,,,,,,,,,,,,,,,,,,,,,,,,,,,,,,,,,,,,,,,,,,,,,,,,,,,,,,,,,,,,,,,,,,,,,,,,,,,,,,,,,,,,,,,,,,,,,,,,,,,,,,,,,,,,
,,,,,,,,,,,,,028ARAA,2023-04-24_14h42.11.965,entire_exp,2022.1.1,Win32,60.0240096,,,,,,,,,,,,,,,,,,,,,,,,,,,,,,,,,,,,,,,,Н  С  В  Й,1,Й,sternberg,1,,,,,,,,,,,T,,,,,,,,,,,,,,,,,,,,,,,,,,,,,,,,,,,,,,,,,,,,,,,,,,,right,1,1.635,space,0.516,9,0,9,0,1,,,,,,,,,,,,,,,,,,,,,,,,,,,,,,,,,,,,,,,,,,,,,,,,,,,,,,,,,,,,,,,,,,,,,,,,,,,,,,,,,,,,,,,,,,,,,,,,,,,,,,,,,,,,
,,,,,,,,,,,,,028ARAA,2023-04-24_14h42.11.965,entire_exp,2022.1.1,Win32,60.0240096,,,,,,,,,,,,,,,,,,,,,,,,,,,,,,,,,,,,,,,,Ф  Ж  Р  Б,1,Ж,sternberg,1,,,,,,,,,,,T,,,,,,,,,,,,,,,,,,,,,,,,,,,,,,,,,,,,,,,,,,,,,,,,,,,right,1,1.5,space,0.408,10,0,10,0,1,,,,,,,,,,,,,,,,,,,,,,,,,,,,,,,,,,,,,,,,,,,,,,,,,,,,,,,,,,,,,,,,,,,,,,,,,,,,,,,,,,,,,,,,,,,,,,,,,,,,,,,,,,,,
,,,,,,,,,,,,,028ARAA,2023-04-24_14h42.11.965,entire_exp,2022.1.1,Win32,60.0240096,,,,,,,,,,,,,,,,,,,,,,,,,,,,,,,,,,,,,,,,Ч  Т  З  Б,0,Й,sternberg,1,,,,,,,,,,,T,,,,,,,,,,,,,,,,,,,,,,,,,,,,,,,,,,,,,,,,,,,,,,,,,,,left,1,1.5,space,0.466,11,0,11,0,1,,,,,,,,,,,,,,,,,,,,,,,,,,,,,,,,,,,,,,,,,,,,,,,,,,,,,,,,,,,,,,,,,,,,,,,,,,,,,,,,,,,,,,,,,,,,,,,,,,,,,,,,,,,,
,,,,,,,,,,,,,028ARAA,2023-04-24_14h42.11.965,entire_exp,2022.1.1,Win32,60.0240096,,,,,,,,,,,,,,,,,,,,,,,,,,,,,,,,,,,,,,,,П  Р  М  Л,1,Р,sternberg,1,,,,,,,,,,,T,,,,,,,,,,,,,,,,,,,,,,,,,,,,,,,,,,,,,,,,,,,,,,,,,,,right,1,3.995,space,0.85,12,0,12,0,1,,,,,,,,,,,,,,,,,,,,,,,,,,,,,,,,,,,,,,,,,,,,,,,,,,,,,,,,,,,,,,,,,,,,,,,,,,,,,,,,,,,,,,,,,,,,,,,,,,,,,,,,,,,,
,,,,,,,,,,,,,028ARAA,2023-04-24_14h42.11.965,entire_exp,2022.1.1,Win32,60.0240096,,,,,,,,,,,,,,,,,,,,,,,,,,,,,,,,,,,,,,,,Л  К  Х  Б,0,Г,sternberg,1,,,,,,,,,,,T,,,,,,,,,,,,,,,,,,,,,,,,,,,,,,,,,,,,,,,,,,,,,,,,,,,left,1,1.432,space,0.431,13,0,13,0,1,,,,,,,,,,,,,,,,,,,,,,,,,,,,,,,,,,,,,,,,,,,,,,,,,,,,,,,,,,,,,,,,,,,,,,,,,,,,,,,,,,,,,,,,,,,,,,,,,,,,,,,,,,,,
,,,,,,,,,,,,,028ARAA,2023-04-24_14h42.11.965,entire_exp,2022.1.1,Win32,60.0240096,,,,,,,,,,,,,,,,,,,,,,,,,,,,,,,,,,,,,,,,Й  К  Р  Б,1,К,sternberg,1,,,,,,,,,,,T,,,,,,,,,,,,,,,,,,,,,,,,,,,,,,,,,,,,,,,,,,,,,,,,,,,right,1,1.217,space,1.314,14,0,14,0,1,,,,,,,,,,,,,,,,,,,,,,,,,,,,,,,,,,,,,,,,,,,,,,,,,,,,,,,,,,,,,,,,,,,,,,,,,,,,,,,,,,,,,,,,,,,,,,,,,,,,,,,,,,,,
,,,,,,,,,,,,,028ARAA,2023-04-24_14h42.11.965,entire_exp,2022.1.1,Win32,60.0240096,,,,,,,,,,,,,,,,,,,,,,,,,,,,,,,,,,,,,,,,М  Ц  Р  С,1,Р,sternberg,1,,,,,,,,,,,T,,,,,,,,,,,,,,,,,,,,,,,,,,,,,,,,,,,,,,,,,,,,,,,,,,,right,1,2.934,space,2.308,15,0,15,0,1,,,,,,,,,,,,,,,,,,,,,,,,,,,,,,,,,,,,,,,,,,,,,,,,,,,,,,,,,,,,,,,,,,,,,,,,,,,,,,,,,,,,,,,,,,,,,,,,,,,,,,,,,,,,
,,,,,,,,,,,,,028ARAA,2023-04-24_14h42.11.965,entire_exp,2022.1.1,Win32,60.0240096,,,,,,,,,,,,,,,,,,,,,,,,,,,,,12.37037037,3.59,,,,,,Умственная нагрузка,"Как много умственных усилий, как вам показалось на первый взгляд, требовалось для выполнения задания?",Низкая,Высокая,,,,sternberg,1,,,,,,,,,,,Q,,,,,,,,,,,,,,,,,,,,,,,,,,,,,,,,,,,,,,,,,,,,,,,,,,,,,,,,,,,,,0,0,0,0,1,,,,,,,,,,,,,,,,,,,,,,,,,,,,,,,,,,,,,,,,,,,,,,,,,,,,,,,,,,,,,,,,,,,,,,,,,,,,,,,,,,,,,,,,,,,,,,,,,,,,,,,
,,,,,,,,,,,,,028ARAA,2023-04-24_14h42.11.965,entire_exp,2022.1.1,Win32,60.0240096,,,,,,,,,,,,,,,,,,,,,,,,,,,,,10.5037037,3.475,,,,,,Физическая нагрузка,"Как много физических усилий, как вам показалось на первый взгляд, пришлось приложить для выполнения задания?",Низкая,Высокая,,,,sternberg,1,,,,,,,,,,,Q,,,,,,,,,,,,,,,,,,,,,,,,,,,,,,,,,,,,,,,,,,,,,,,,,,,,,,,,,,,,,0,1,1,1,1,,,,,,,,,,,,,,,,,,,,,,,,,,,,,,,,,,,,,,,,,,,,,,,,,,,,,,,,,,,,,,,,,,,,,,,,,,,,,,,,,,,,,,,,,,,,,,,,,,,,,,,
,,,,,,,,,,,,,028ARAA,2023-04-24_14h42.11.965,entire_exp,2022.1.1,Win32,60.0240096,,,,,,,,,,,,,,,,,,,,,,,,,,,,,9.481481481,5.311,,,,,,Давление времени,"Нужно было торопиться, чтобы выполнить задание, или можно было работать в своём темпе?",Слабое,Сильное,,,,sternberg,1,,,,,,,,,,,Q,,,,,,,,,,,,,,,,,,,,,,,,,,,,,,,,,,,,,,,,,,,,,,,,,,,,,,,,,,,,,0,2,2,2,1,,,,,,,,,,,,,,,,,,,,,,,,,,,,,,,,,,,,,,,,,,,,,,,,,,,,,,,,,,,,,,,,,,,,,,,,,,,,,,,,,,,,,,,,,,,,,,,,,,,,,,,
,,,,,,,,,,,,,028ARAA,2023-04-24_14h42.11.965,entire_exp,2022.1.1,Win32,60.0240096,,,,,,,,,,,,,,,,,,,,,,,,,,,,,15.06666667,2.84,,,,,,Успешность выполнения,"Как вы думаете, насколько успешно было выполнено задание?",Совсем не выполнено,Полностью выполнено,,,,sternberg,1,,,,,,,,,,,Q,,,,,,,,,,,,,,,,,,,,,,,,,,,,,,,,,,,,,,,,,,,,,,,,,,,,,,,,,,,,,0,3,3,3,1,,,,,,,,,,,,,,,,,,,,,,,,,,,,,,,,,,,,,,,,,,,,,,,,,,,,,,,,,,,,,,,,,,,,,,,,,,,,,,,,,,,,,,,,,,,,,,,,,,,,,,,
,,,,,,,,,,,,,028ARAA,2023-04-24_14h42.11.965,entire_exp,2022.1.1,Win32,60.0240096,,,,,,,,,,,,,,,,,,,,,,,,,,,,,13.61481481,3.093,,,,,,Усилия,Сколько усилий на самом деле вы приложили для выполнения задания?,Мало,Много,,,,sternberg,1,,,,,,,,,,,Q,,,,,,,,,,,,,,,,,,,,,,,,,,,,,,,,,,,,,,,,,,,,,,,,,,,,,,,,,,,,,0,4,4,4,1,,,,,,,,,,,,,,,,,,,,,,,,,,,,,,,,,,,,,,,,,,,,,,,,,,,,,,,,,,,,,,,,,,,,,,,,,,,,,,,,,,,,,,,,,,,,,,,,,,,,,,,
,,,,,,,,,,,,,028ARAA,2023-04-24_14h42.11.965,entire_exp,2022.1.1,Win32,60.0240096,,,,,,,,,,,,,,,,,,,,,,,,,,,,,10.63703704,1.812,,,,,,Уровень фрустрации,Насколько напряженным и раздражающим было задание?,Низкий,Высокий,,,,sternberg,1,,,,,,,,,,,Q,,,,,,,,,,,,,,,,,,,,,,,,,,,,,,,,,,,,,,,,,,,,,,,,,,,,,,,,,,,,,0,5,5,5,1,,,,,,,,,,,,,,,,,,,,,,,,,,,,,,,,,,,,,,,,,,,,,,,,,,,,,,,,,,,,,,,,,,,,,,,,,,,,,,,,,,,,,,,,,,,,,,,,,,,,,,,
,,,,,,,,,,,,,028ARAA,2023-04-24_14h42.11.965,entire_exp,2022.1.1,Win32,60.0240096,,,,,,,,,,,,,,,,,,,,,,,,,,,,,,,,,,,,,,,,,,,,,,,,,,,,,,,,,,,,,,,,,,,,,,,,,,,,,,,,,,,,,,,,,,,,,,,,,,,,,,,,,,,,,,,,,,,,,,,,,0,0,0,0,1,,,,,,,,,,,,,,,,,,,,,,,,,,,,,,,,,,,,,,,,,,,,,,,,,,,,,,,,,,,,,,,,,,,,,,,,,,,,,,,,,,,,,,,,,,,,,,,,,,
,,,,,,,,,,,,,028ARAA,2023-04-24_14h42.11.965,entire_exp,2022.1.1,Win32,60.0240096,,,,,,,,,,,,,,,,,,,,,,,,,,,,,,,,,,,,,,,,,,,,,,,,,,,,,,,,,,,,,,,,,,0,2,2,6,1,0,0,0,0,0,0,1,0,0,,,,,,,,,,,,,,,,,,,,,,,,,,,,,,,,,,,,,,,,,,,,,,,,,,,,,,,,,,,,,,,,,,,,,,,,,,,,,,,,,,,,,,,,,,,,,,,,,,,,,,,,,,,,,,,,,,,,,,,,,,,,,,,,,,,,,,,,,,,,,,,,
,,,,,,,,,,,,,028ARAA,2023-04-24_14h42.11.965,entire_exp,2022.1.1,Win32,60.0240096,,,,,,,,,,,,,,,,,,,,,,,,,,,,,,,,,,,,,,,,,,,mental_span,3,,,,,,,,,,,T,,,,,,,,,,,,,,,,,,,,,,,,,,,,,,,,,,,,,,,,,,,,,,,,,,,,,,,,,,,,,,,,,,,,,,,тостер,платье,шапка,половник,трамвай,вишня,щетка,тостер,платье,шапка,полковник,трамвай,вишня,щетка,0.021296296,-0.37962963,1,0,0,23.463,dalee_polygon_h,0,0,0,0,1,,,,,,,,,,,,,,,,,,,,,,,,,,,,,,,,,,,,,,,,,,,,,,,,,,,,,,,,,,,,,,,,,,,,,,,,
,,,,,,,,,,,,,028ARAA,2023-04-24_14h42.11.965,entire_exp,2022.1.1,Win32,60.0240096,,,,,,,,,,,,,,,,,,,,,,,,,,,,,,,,,,,,,,,,,,,mental_span,3,,,,,,,,,,,T,,,,,,,,,,,,,,,,,,,,,,,,,,,,,,,,,,,,,,,,,,,,,,,,,,,,,,,,,,,,,,,,,,,,,,,шлагбаум,дятел,стрекоза,тяпка,табурет,трубка,барабан,шлагбаум,дятел,стрекоза,тяпка,табурет,половник,,-0.026851852,-0.383333333,1,0,0,35.995,dalee_polygon_h,1,0,1,0,1,,,,,,,,,,,,,,,,,,,,,,,,,,,,,,,,,,,,,,,,,,,,,,,,,,,,,,,,,,,,,,,,,,,,,,,,
,,,,,,,,,,,,,028ARAA,2023-04-24_14h42.11.965,entire_exp,2022.1.1,Win32,60.0240096,,,,,,,,,,,,,,,,,,,,,,,,,,,,,,,,,,,,,,,,,,,mental_span,3,,,,,,,,,,,T,,,,,,,,,,,,,,,,,,,,,,,,,,,,,,,,,,,,,,,,,,,,,,,,,,,,,,,,,,,,,,,,,,,,,,,муравей,корзина,бутылка,линейка,коготь,клетка,метла,муравей,корзина,,,коготь,клетка,метла,-0.031481481,-0.409259259,1,0,0,22.301,dalee_polygon_h,2,0,2,0,1,,,,,,,,,,,,,,,,,,,,,,,,,,,,,,,,,,,,,,,,,,,,,,,,,,,,,,,,,,,,,,,,,,,,,,,,
,,,,,,,,,,,,,028ARAA,2023-04-24_14h42.11.965,entire_exp,2022.1.1,Win32,60.0240096,,,,,,,,,,,,,,,,,,,,,,,,,,,,,,,,,,,,,,,,,,,mental_span,3,,,,,,,,,,,T,,,,,,,,,,,,,,,,,,,,,,,,,,,,,,,,,,,,,,,,,,,,,,,,,,,,,,,,,,,,,,,,,,,,,,,петух,кровать,стрекоза,улитка,аптека,маска,половник,петух,кровать,стрекоза,улитка,аптека,маска,половник,-0.016666667,-0.406481481,1,0,0,24.712,dalee_polygon_h,3,0,3,0,1,,,,,,,,,,,,,,,,,,,,,,,,,,,,,,,,,,,,,,,,,,,,,,,,,,,,,,,,,,,,,,,,,,,,,,,,
,,,,,,,,,,,,,028ARAA,2023-04-24_14h42.11.965,entire_exp,2022.1.1,Win32,60.0240096,,,,,,,,,,,,,,,,,,,,,,,,,,,,,,,,,,,,,,,,,,,mental_span,3,,,,,,,,,,,T,,,,,,,,,,,,,,,,,,,,,,,,,,,,,,,,,,,,,,,,,,,,,,,,,,,,,,,,,,,,,,,,,,,,,,,костюм,колба,якорь,дуршлаг,робот,радуга,пистолет,костюм,колба,якорь,дуршлаг,,,пистолет,-0.02962963,-0.389814815,1,0,0,23.997,dalee_polygon_h,4,0,4,0,1,,,,,,,,,,,,,,,,,,,,,,,,,,,,,,,,,,,,,,,,,,,,,,,,,,,,,,,,,,,,,,,,,,,,,,,,
,,,,,,,,,,,,,028ARAA,2023-04-24_14h42.11.965,entire_exp,2022.1.1,Win32,60.0240096,,,,,,,,,,,,,,,,,,,,,,,,,,,,,,,,,,,,,,,,,,,mental_span,3,,,,,,,,,,,T,,,,,,,,,,,,,,,,,,,,,,,,,,,,,,,,,,,,,,,,,,,,,,,,,,,,,,,,,,,,,,,,,,,,,,,сноуборд,капуста,жалюзи,солдат,учитель,щетка,ракетка,сноуборд,капуста,жалюзи,,,щетка,ракетка,-0.015740741,-0.394444444,1,0,0,19.286,dalee_polygon_h,5,0,5,0,1,,,,,,,,,,,,,,,,,,,,,,,,,,,,,,,,,,,,,,,,,,,,,,,,,,,,,,,,,,,,,,,,,,,,,,,,
,,,,,,,,,,,,,028ARAA,2023-04-24_14h42.11.965,entire_exp,2022.1.1,Win32,60.0240096,,,,,,,,,,,,,,,,,,,,,,,,,,,,,,,,,,,,,,,,,,,mental_span,3,,,,,,,,,,,T,,,,,,,,,,,,,,,,,,,,,,,,,,,,,,,,,,,,,,,,,,,,,,,,,,,,,,,,,,,,,,,,,,,,,,,куртка,помидор,венок,лейка,корона,хобот,колбаса,,помидор,венок,лейка,корона,хобот,колбаса,-0.037037037,-0.397222222,1,0,0,26.652,dalee_polygon_h,6,0,6,0,1,,,,,,,,,,,,,,,,,,,,,,,,,,,,,,,,,,,,,,,,,,,,,,,,,,,,,,,,,,,,,,,,,,,,,,,,
,,,,,,,,,,,,,028ARAA,2023-04-24_14h42.11.965,entire_exp,2022.1.1,Win32,60.0240096,,,,,,,,,,,,,,,,,,,,,,,,,,,,,,,,,,,,,,,,,,,mental_span,3,,,,,,,,,,,T,,,,,,,,,,,,,,,,,,,,,,,,,,,,,,,,,,,,,,,,,,,,,,,,,,,,,,,,,,,,,,,,,,,,,,,подушка,словарь,чашка,лампа,блины,муравей,кресло,подушка,словарь,чашка,лампа,блины,муравей,кресло,-0.034259259,-0.422222222,1,0,0,24.773,dalee_polygon_h,7,0,7,0,1,,,,,,,,,,,,,,,,,,,,,,,,,,,,,,,,,,,,,,,,,,,,,,,,,,,,,,,,,,,,,,,,,,,,,,,,
,,,,,,,,,,,,,028ARAA,2023-04-24_14h42.11.965,entire_exp,2022.1.1,Win32,60.0240096,,,,,,,,,,,,,,,,,,,,,,,,,,,,,,,,,,,,,,,,,,,mental_span,3,,,,,,,,,,,T,,,,,,,,,,,,,,,,,,,,,,,,,,,,,,,,,,,,,,,,,,,,,,,,,,,,,,,,,,,,,,,,,,,,,,,грабли,яйцо,кубики,банка,торшер,робот,туфли,,яйцо,кубики,рамка,торшер,робот ,туфли,0.008333333,-0.389814815,1,0,0,30.997,dalee_polygon_h,8,0,8,0,1,,,,,,,,,,,,,,,,,,,,,,,,,,,,,,,,,,,,,,,,,,,,,,,,,,,,,,,,,,,,,,,,,,,,,,,,
,,,,,,,,,,,,,028ARAA,2023-04-24_14h42.11.965,entire_exp,2022.1.1,Win32,60.0240096,,,,,,,,,,,,,,,,,,,,,,,,,,,,,,,,,,,,,,,,,,,mental_span,3,,,,,,,,,,,T,,,,,,,,,,,,,,,,,,,,,,,,,,,,,,,,,,,,,,,,,,,,,,,,,,,,,,,,,,,,,,,,,,,,,,,портрет,тыква,девочка,банан,принцесса,веер,гайка,портрет,тыква,девочка,банан,принцесса,веер,гайка,0.016666667,-0.421296296,1,0,0,22.37,dalee_polygon_h,9,0,9,0,1,,,,,,,,,,,,,,,,,,,,,,,,,,,,,,,,,,,,,,,,,,,,,,,,,,,,,,,,,,,,,,,,,,,,,,,,
,,,,,,,,,,,,,028ARAA,2023-04-24_14h42.11.965,entire_exp,2022.1.1,Win32,60.0240096,,,,,,,,,,,,,,,,,,,,,,,,,,,,,,,,,,,,,,,,,,,mental_span,3,,,,,,,,,,,T,,,,,,,,,,,,,,,,,,,,,,,,,,,,,,,,,,,,,,,,,,,,,,,,,,,,,,,,,,,,,,,,,,,,,,,масло,футболка,цыпленок,камера,светофор,священник,стакан,масло,футболка,цыпленок,камера,светофор,священник,стакан,0.013888889,-0.406481481,1,0,0,24.967,dalee_polygon_h,10,0,10,0,1,,,,,,,,,,,,,,,,,,,,,,,,,,,,,,,,,,,,,,,,,,,,,,,,,,,,,,,,,,,,,,,,,,,,,,,,
,,,,,,,,,,,,,028ARAA,2023-04-24_14h42.11.965,entire_exp,2022.1.1,Win32,60.0240096,,,,,,,,,,,,,,,,,,,,,,,,,,,,,,,,,,,,,,,,,,,mental_span,3,,,,,,,,,,,T,,,,,,,,,,,,,,,,,,,,,,,,,,,,,,,,,,,,,,,,,,,,,,,,,,,,,,,,,,,,,,,,,,,,,,,костыль,стрекоза,мотоцикл,пастух,фонарь,платье,коньки,костыль,стрекоза,мотоцикл,,,платье,коньки,-0.065740741,-0.424074074,1,0,0,20.665,dalee_polygon_h,11,0,11,0,1,,,,,,,,,,,,,,,,,,,,,,,,,,,,,,,,,,,,,,,,,,,,,,,,,,,,,,,,,,,,,,,,,,,,,,,,
,,,,,,,,,,,,,028ARAA,2023-04-24_14h42.11.965,entire_exp,2022.1.1,Win32,60.0240096,,,,,,,,,,,,,,,,,,,,,,,,,,,,,,,,,,,,,,,,,,,mental_span,3,,,,,,,,,,,T,,,,,,,,,,,,,,,,,,,,,,,,,,,,,,,,,,,,,,,,,,,,,,,,,,,,,,,,,,,,,,,,,,,,,,,парусник,телефон,светофор,виноград,жалюзи,папка,молоко,парусник,телефон,светофор,,жалюзи,папка,молоко,-0.010185185,-0.40462963,1,0,0,25.734,dalee_polygon_h,12,0,12,0,1,,,,,,,,,,,,,,,,,,,,,,,,,,,,,,,,,,,,,,,,,,,,,,,,,,,,,,,,,,,,,,,,,,,,,,,,
,,,,,,,,,,,,,028ARAA,2023-04-24_14h42.11.965,entire_exp,2022.1.1,Win32,60.0240096,,,,,,,,,,,,,,,,,,,,,,,,,,,,,,,,,,,,,,,,,,,mental_span,3,,,,,,,,,,,T,,,,,,,,,,,,,,,,,,,,,,,,,,,,,,,,,,,,,,,,,,,,,,,,,,,,,,,,,,,,,,,,,,,,,,,унитаз,корзина,корсет,персик,матрос,пилка,клоун,,,корсет,персик,матрос,пилка,клоун,-0.036111111,-0.399074074,1,0,0,22.896,dalee_polygon_h,13,0,13,0,1,,,,,,,,,,,,,,,,,,,,,,,,,,,,,,,,,,,,,,,,,,,,,,,,,,,,,,,,,,,,,,,,,,,,,,,,
,,,,,,,,,,,,,028ARAA,2023-04-24_14h42.11.965,entire_exp,2022.1.1,Win32,60.0240096,,,,,,,,,,,,,,,,,,,,,,,,,,,,,,,,,,,,,,,,,,,mental_span,3,,,,,,,,,,,T,,,,,,,,,,,,,,,,,,,,,,,,,,,,,,,,,,,,,,,,,,,,,,,,,,,,,,,,,,,,,,,,,,,,,,,билет,скрепка,леопард,дорога,таракан,бубен,пистолет,деньги,скрепка,леопард,дорога,таракан,бубен,пистолет,0.036111111,-0.409259259,1,0,0,42.965,dalee_polygon_h,14,0,14,0,1,,,,,,,,,,,,,,,,,,,,,,,,,,,,,,,,,,,,,,,,,,,,,,,,,,,,,,,,,,,,,,,,,,,,,,,,
,,,,,,,,,,,,,028ARAA,2023-04-24_14h42.11.965,entire_exp,2022.1.1,Win32,60.0240096,,,,,,,,,,,,,,,,,,,,,,,,,,,,,,,,,,,,,,,,,,,mental_span,3,,,,,,,,,,,T,,,,,,,,,,,,,,,,,,,,,,,,,,,,,,,,,,,,,,,,,,,,,,,,,,,,,,,,,,,,,,,,,,,,,,,корабль,рюкзак,фонарь,карта,копье,ложка,педаль,корабль,рюкзак,фонарь,карта,копье,ложка,педаль,-0.00462963,-0.432407407,1,0,0,21.32,dalee_polygon_h,15,0,15,0,1,,,,,,,,,,,,,,,,,,,,,,,,,,,,,,,,,,,,,,,,,,,,,,,,,,,,,,,,,,,,,,,,,,,,,,,,
,,,,,,,,,,,,,028ARAA,2023-04-24_14h42.11.965,entire_exp,2022.1.1,Win32,60.0240096,,,,,,,,,,,,,,,,,,,,,,,,,,,,,15.43703704,2.134,,,,,,Умственная нагрузка,"Как много умственных усилий, как вам показалось на первый взгляд, требовалось для выполнения задания?",Низкая,Высокая,,,,mental_span,3,,,,,,,,,,,Q,,,,,,,,,,,,,,,,,,,,,,,,,,,,,,,,,,,,,,,,,,,,,,,,,,,,,,,,,,,,,,,,,,,,,,,,,,,,,,,,,,,,,,,,,,,,,,,,,0,0,0,0,1,,,,,,,,,,,,,,,,,,,,,,,,,,,,,,,,,,,,,,,,,,,,,,,,,,,,,,,,,,,,,,,,,,,
,,,,,,,,,,,,,028ARAA,2023-04-24_14h42.11.965,entire_exp,2022.1.1,Win32,60.0240096,,,,,,,,,,,,,,,,,,,,,,,,,,,,,12.02962963,1.588,,,,,,Физическая нагрузка,"Как много физических усилий, как вам показалось на первый взгляд, пришлось приложить для выполнения задания?",Низкая,Высокая,,,,mental_span,3,,,,,,,,,,,Q,,,,,,,,,,,,,,,,,,,,,,,,,,,,,,,,,,,,,,,,,,,,,,,,,,,,,,,,,,,,,,,,,,,,,,,,,,,,,,,,,,,,,,,,,,,,,,,,,0,1,1,1,1,,,,,,,,,,,,,,,,,,,,,,,,,,,,,,,,,,,,,,,,,,,,,,,,,,,,,,,,,,,,,,,,,,,
,,,,,,,,,,,,,028ARAA,2023-04-24_14h42.11.965,entire_exp,2022.1.1,Win32,60.0240096,,,,,,,,,,,,,,,,,,,,,,,,,,,,,13.57037037,3.277,,,,,,Давление времени,"Нужно было торопиться, чтобы выполнить задание, или можно было работать в своём темпе?",Слабое,Сильное,,,,mental_span,3,,,,,,,,,,,Q,,,,,,,,,,,,,,,,,,,,,,,,,,,,,,,,,,,,,,,,,,,,,,,,,,,,,,,,,,,,,,,,,,,,,,,,,,,,,,,,,,,,,,,,,,,,,,,,,0,2,2,2,1,,,,,,,,,,,,,,,,,,,,,,,,,,,,,,,,,,,,,,,,,,,,,,,,,,,,,,,,,,,,,,,,,,,
,,,,,,,,,,,,,028ARAA,2023-04-24_14h42.11.965,entire_exp,2022.1.1,Win32,60.0240096,,,,,,,,,,,,,,,,,,,,,,,,,,,,,13.4962963,1.673,,,,,,Успешность выполнения,"Как вы думаете, насколько успешно было выполнено задание?",Совсем не выполнено,Полностью выполнено,,,,mental_span,3,,,,,,,,,,,Q,,,,,,,,,,,,,,,,,,,,,,,,,,,,,,,,,,,,,,,,,,,,,,,,,,,,,,,,,,,,,,,,,,,,,,,,,,,,,,,,,,,,,,,,,,,,,,,,,0,3,3,3,1,,,,,,,,,,,,,,,,,,,,,,,,,,,,,,,,,,,,,,,,,,,,,,,,,,,,,,,,,,,,,,,,,,,
,,,,,,,,,,,,,028ARAA,2023-04-24_14h42.11.965,entire_exp,2022.1.1,Win32,60.0240096,,,,,,,,,,,,,,,,,,,,,,,,,,,,,14.37037037,2.621,,,,,,Усилия,Сколько усилий на самом деле вы приложили для выполнения задания?,Мало,Много,,,,mental_span,3,,,,,,,,,,,Q,,,,,,,,,,,,,,,,,,,,,,,,,,,,,,,,,,,,,,,,,,,,,,,,,,,,,,,,,,,,,,,,,,,,,,,,,,,,,,,,,,,,,,,,,,,,,,,,,0,4,4,4,1,,,,,,,,,,,,,,,,,,,,,,,,,,,,,,,,,,,,,,,,,,,,,,,,,,,,,,,,,,,,,,,,,,,
,,,,,,,,,,,,,028ARAA,2023-04-24_14h42.11.965,entire_exp,2022.1.1,Win32,60.0240096,,,,,,,,,,,,,,,,,,,,,,,,,,,,,12.57777778,1.377,,,,,,Уровень фрустрации,Насколько напряженным и раздражающим было задание?,Низкий,Высокий,,,,mental_span,3,,,,,,,,,,,Q,,,,,,,,,,,,,,,,,,,,,,,,,,,,,,,,,,,,,,,,,,,,,,,,,,,,,,,,,,,,,,,,,,,,,,,,,,,,,,,,,,,,,,,,,,,,,,,,,0,5,5,5,1,,,,,,,,,,,,,,,,,,,,,,,,,,,,,,,,,,,,,,,,,,,,,,,,,,,,,,,,,,,,,,,,,,,
,,,,,,,,,,,,,028ARAA,2023-04-24_14h42.11.965,entire_exp,2022.1.1,Win32,60.0240096,,,,,,,,,,,,,,,,,,,,,,,,,,,,,,,,,,,,,,,,,,,,,,,,,,,,,,,,,,,,,,,,,,,,,,,,,,,,,,,,,,,,,,,,,,,,,,,,,,,,,,,,,,,,,,,,,,,,,,,,,,,,,,,,,,,,,,,,,,,,,,,,,,,,,,,,,,,,,0,0,0,0,1,,,,,,,,,,,,,,,,,,,,,,,,,,,,,,,,,,,,,,,,,,,,,,,,,,,,,,,,,,,,,,
,,,,,,,,,,,,,028ARAA,2023-04-24_14h42.11.965,entire_exp,2022.1.1,Win32,60.0240096,,,,,,,,,,,,,,,,,,,,,,,,,,,,,,,,,,,,,,,,,,,,,,,,,,,,,,,,,,,,,,,,,,0,3,3,5,1,0,0,0,0,0,1,0,0,0,,,,,,,,,,,,,,,,,,,,,,,,,,,,,,,,,,,,,,,,,,,,,,,,,,,,,,,,,,,,,,,,,,,,,,,,,,,,,,,,,,,,,,,,,,,,,,,,,,,,,,,,,,,,,,,,,,,,,,,,,,,,,,,,,,,,,,,,,,,,,,,,
,,,,,,,,,,,,,028ARAA,2023-04-24_14h42.11.965,entire_exp,2022.1.1,Win32,60.0240096,,,,,,,,,,,,,,,,,,,,,,,,,,,,,,,,,,,,,,,,,,,mental_span,2,,,,,,,,,,,T,,,,,,,,,,,,,,,,,,,,,,,,,,,,,,,,,,,,,,,,,,,,,,,,,,,,,,,,,,,,,,,,,,,,,,,орден,коридор,цыпленок,халат,скакалка,,,,,,,,,,,,,,,,,,,,,,,,,,,,,,,,орден,коридор,цыпленок,халат,скалка,0.07037037,-0.362962963,1,0,0,17.499,dalee_polygon_m,0,0,0,0,1,,,,,,,,,,,,,,,,,,,,,,,,,,,,,,,,,,,,,,,,,,,,,
,,,,,,,,,,,,,028ARAA,2023-04-24_14h42.11.965,entire_exp,2022.1.1,Win32,60.0240096,,,,,,,,,,,,,,,,,,,,,,,,,,,,,,,,,,,,,,,,,,,mental_span,2,,,,,,,,,,,T,,,,,,,,,,,,,,,,,,,,,,,,,,,,,,,,,,,,,,,,,,,,,,,,,,,,,,,,,,,,,,,,,,,,,,,коридор,подушка,весло,комната,ролики,,,,,,,,,,,,,,,,,,,,,,,,,,,,,,,,коридор,подушка,весло,комната,ролики,-0.005555556,-0.380555556,1,0,0,14.186,dalee_polygon_m,1,0,1,0,1,,,,,,,,,,,,,,,,,,,,,,,,,,,,,,,,,,,,,,,,,,,,,
,,,,,,,,,,,,,028ARAA,2023-04-24_14h42.11.965,entire_exp,2022.1.1,Win32,60.0240096,,,,,,,,,,,,,,,,,,,,,,,,,,,,,,,,,,,,,,,,,,,mental_span,2,,,,,,,,,,,T,,,,,,,,,,,,,,,,,,,,,,,,,,,,,,,,,,,,,,,,,,,,,,,,,,,,,,,,,,,,,,,,,,,,,,,бокал,бассейн,молоток,кузнечик,чашка,,,,,,,,,,,,,,,,,,,,,,,,,,,,,,,,бокал,бассейн,молоток,кузнечик,чашка,0.022222222,-0.377777778,1,0,0,17.24,dalee_polygon_m,2,0,2,0,1,,,,,,,,,,,,,,,,,,,,,,,,,,,,,,,,,,,,,,,,,,,,,
,,,,,,,,,,,,,028ARAA,2023-04-24_14h42.11.965,entire_exp,2022.1.1,Win32,60.0240096,,,,,,,,,,,,,,,,,,,,,,,,,,,,,,,,,,,,,,,,,,,mental_span,2,,,,,,,,,,,T,,,,,,,,,,,,,,,,,,,,,,,,,,,,,,,,,,,,,,,,,,,,,,,,,,,,,,,,,,,,,,,,,,,,,,,тельняшка,рынок,деньги,крючок,колонна,,,,,,,,,,,,,,,,,,,,,,,,,,,,,,,,тельняшка,рынок,деньги,крючок,колонна,-0.012962963,-0.405555556,1,0,0,17.537,dalee_polygon_m,3,0,3,0,1,,,,,,,,,,,,,,,,,,,,,,,,,,,,,,,,,,,,,,,,,,,,,
,,,,,,,,,,,,,028ARAA,2023-04-24_14h42.11.965,entire_exp,2022.1.1,Win32,60.0240096,,,,,,,,,,,,,,,,,,,,,,,,,,,,,,,,,,,,,,,,,,,mental_span,2,,,,,,,,,,,T,,,,,,,,,,,,,,,,,,,,,,,,,,,,,,,,,,,,,,,,,,,,,,,,,,,,,,,,,,,,,,,,,,,,,,,священник,самокат,колбаса,скалка,тостер,,,,,,,,,,,,,,,,,,,,,,,,,,,,,,,,священник,самокат,колбаса,палка,тостер,0.037962963,-0.37962963,1,0,0,16.968,dalee_polygon_m,4,0,4,0,1,,,,,,,,,,,,,,,,,,,,,,,,,,,,,,,,,,,,,,,,,,,,,
,,,,,,,,,,,,,028ARAA,2023-04-24_14h42.11.965,entire_exp,2022.1.1,Win32,60.0240096,,,,,,,,,,,,,,,,,,,,,,,,,,,,,,,,,,,,,,,,,,,mental_span,2,,,,,,,,,,,T,,,,,,,,,,,,,,,,,,,,,,,,,,,,,,,,,,,,,,,,,,,,,,,,,,,,,,,,,,,,,,,,,,,,,,,пылесос,жвачка,картофель,рыцарь,клубника,,,,,,,,,,,,,,,,,,,,,,,,,,,,,,,,пылесос,жвачка,картофель,рыцарь,клубника,0.016666667,-0.418518519,1,0,0,41.817,dalee_polygon_m,5,0,5,0,1,,,,,,,,,,,,,,,,,,,,,,,,,,,,,,,,,,,,,,,,,,,,,
,,,,,,,,,,,,,028ARAA,2023-04-24_14h42.11.965,entire_exp,2022.1.1,Win32,60.0240096,,,,,,,,,,,,,,,,,,,,,,,,,,,,,,,,,,,,,,,,,,,mental_span,2,,,,,,,,,,,T,,,,,,,,,,,,,,,,,,,,,,,,,,,,,,,,,,,,,,,,,,,,,,,,,,,,,,,,,,,,,,,,,,,,,,,юбка,хомяк,унитаз,кактус,скамейка,,,,,,,,,,,,,,,,,,,,,,,,,,,,,,,,юбка,хомяк,унитаз,кактус,скамейка,0.031481481,-0.392592593,1,0,0,16.274,dalee_polygon_m,6,0,6,0,1,,,,,,,,,,,,,,,,,,,,,,,,,,,,,,,,,,,,,,,,,,,,,
,,,,,,,,,,,,,028ARAA,2023-04-24_14h42.11.965,entire_exp,2022.1.1,Win32,60.0240096,,,,,,,,,,,,,,,,,,,,,,,,,,,,,,,,,,,,,,,,,,,mental_span,2,,,,,,,,,,,T,,,,,,,,,,,,,,,,,,,,,,,,,,,,,,,,,,,,,,,,,,,,,,,,,,,,,,,,,,,,,,,,,,,,,,,гантеля,стакан,колба,мотоцикл,ершик,,,,,,,,,,,,,,,,,,,,,,,,,,,,,,,,гантеля,стакан,колба,мотоцикл,ершик,0.032407407,-0.388888889,1,0,0,78.309,dalee_polygon_m,7,0,7,0,1,,,,,,,,,,,,,,,,,,,,,,,,,,,,,,,,,,,,,,,,,,,,,
,,,,,,,,,,,,,028ARAA,2023-04-24_14h42.11.965,entire_exp,2022.1.1,Win32,60.0240096,,,,,,,,,,,,,,,,,,,,,,,,,,,,,,,,,,,,,,,,,,,mental_span,2,,,,,,,,,,,T,,,,,,,,,,,,,,,,,,,,,,,,,,,,,,,,,,,,,,,,,,,,,,,,,,,,,,,,,,,,,,,,,,,,,,,ремень,крючок,корсет,страус,таблетка,,,,,,,,,,,,,,,,,,,,,,,,,,,,,,,,ремень,крючок,корсет,страус,таблетка,-0.033333333,-0.385185185,1,0,0,16.882,dalee_polygon_m,8,0,8,0,1,,,,,,,,,,,,,,,,,,,,,,,,,,,,,,,,,,,,,,,,,,,,,
,,,,,,,,,,,,,028ARAA,2023-04-24_14h42.11.965,entire_exp,2022.1.1,Win32,60.0240096,,,,,,,,,,,,,,,,,,,,,,,,,,,,,,,,,,,,,,,,,,,mental_span,2,,,,,,,,,,,T,,,,,,,,,,,,,,,,,,,,,,,,,,,,,,,,,,,,,,,,,,,,,,,,,,,,,,,,,,,,,,,,,,,,,,,полка,автобус,крокодил,половник,кролик,,,,,,,,,,,,,,,,,,,,,,,,,,,,,,,,полка,автобус,крокодил,половник,кролик,0.025925926,-0.387037037,1,0,0,15.251,dalee_polygon_m,9,0,9,0,1,,,,,,,,,,,,,,,,,,,,,,,,,,,,,,,,,,,,,,,,,,,,,
,,,,,,,,,,,,,028ARAA,2023-04-24_14h42.11.965,entire_exp,2022.1.1,Win32,60.0240096,,,,,,,,,,,,,,,,,,,,,,,,,,,,,,,,,,,,,,,,,,,mental_span,2,,,,,,,,,,,T,,,,,,,,,,,,,,,,,,,,,,,,,,,,,,,,,,,,,,,,,,,,,,,,,,,,,,,,,,,,,,,,,,,,,,,яблоко,кружка,сапог,джинсы,фляга,,,,,,,,,,,,,,,,,,,,,,,,,,,,,,,,яблоко,кружка,сапог,джинсы,фляга,0.042592593,-0.387962963,1,0,0,14.271,dalee_polygon_m,10,0,10,0,1,,,,,,,,,,,,,,,,,,,,,,,,,,,,,,,,,,,,,,,,,,,,,
,,,,,,,,,,,,,028ARAA,2023-04-24_14h42.11.965,entire_exp,2022.1.1,Win32,60.0240096,,,,,,,,,,,,,,,,,,,,,,,,,,,,,,,,,,,,,,,,,,,mental_span,2,,,,,,,,,,,T,,,,,,,,,,,,,,,,,,,,,,,,,,,,,,,,,,,,,,,,,,,,,,,,,,,,,,,,,,,,,,,,,,,,,,,яйцо,копье,церковь,спортсмен,ершик,,,,,,,,,,,,,,,,,,,,,,,,,,,,,,,,яйцо,копье,церковь,спотрсмен,ершик,-0.039814815,-0.400925926,1,0,0,19.073,dalee_polygon_m,11,0,11,0,1,,,,,,,,,,,,,,,,,,,,,,,,,,,,,,,,,,,,,,,,,,,,,
,,,,,,,,,,,,,028ARAA,2023-04-24_14h42.11.965,entire_exp,2022.1.1,Win32,60.0240096,,,,,,,,,,,,,,,,,,,,,,,,,,,,,,,,,,,,,,,,,,,mental_span,2,,,,,,,,,,,T,,,,,,,,,,,,,,,,,,,,,,,,,,,,,,,,,,,,,,,,,,,,,,,,,,,,,,,,,,,,,,,,,,,,,,,вилка,балкон,блокнот,священник,малина,,,,,,,,,,,,,,,,,,,,,,,,,,,,,,,,вилка,полковник,блокнот,священник,малина,0.028703704,-0.375925926,1,0,0,18.164,dalee_polygon_m,12,0,12,0,1,,,,,,,,,,,,,,,,,,,,,,,,,,,,,,,,,,,,,,,,,,,,,
,,,,,,,,,,,,,028ARAA,2023-04-24_14h42.11.965,entire_exp,2022.1.1,Win32,60.0240096,,,,,,,,,,,,,,,,,,,,,,,,,,,,,,,,,,,,,,,,,,,mental_span,2,,,,,,,,,,,T,,,,,,,,,,,,,,,,,,,,,,,,,,,,,,,,,,,,,,,,,,,,,,,,,,,,,,,,,,,,,,,,,,,,,,,рынок,качели,креветка,ветка,рупор,,,,,,,,,,,,,,,,,,,,,,,,,,,,,,,,рынок,качели,креветка,ветка,рупор,0.071296296,-0.368518519,1,0,0,13.491,dalee_polygon_m,13,0,13,0,1,,,,,,,,,,,,,,,,,,,,,,,,,,,,,,,,,,,,,,,,,,,,,
,,,,,,,,,,,,,028ARAA,2023-04-24_14h42.11.965,entire_exp,2022.1.1,Win32,60.0240096,,,,,,,,,,,,,,,,,,,,,,,,,,,,,,,,,,,,,,,,,,,mental_span,2,,,,,,,,,,,T,,,,,,,,,,,,,,,,,,,,,,,,,,,,,,,,,,,,,,,,,,,,,,,,,,,,,,,,,,,,,,,,,,,,,,,кухня,скакалка,стрела,кастрюля,тостер,,,,,,,,,,,,,,,,,,,,,,,,,,,,,,,,кухня,скакалка,стрела,кастрюля,тостер,-0.013888889,-0.411111111,1,0,0,15.127,dalee_polygon_m,14,0,14,0,1,,,,,,,,,,,,,,,,,,,,,,,,,,,,,,,,,,,,,,,,,,,,,
,,,,,,,,,,,,,028ARAA,2023-04-24_14h42.11.965,entire_exp,2022.1.1,Win32,60.0240096,,,,,,,,,,,,,,,,,,,,,,,,,,,,,,,,,,,,,,,,,,,mental_span,2,,,,,,,,,,,T,,,,,,,,,,,,,,,,,,,,,,,,,,,,,,,,,,,,,,,,,,,,,,,,,,,,,,,,,,,,,,,,,,,,,,,маска,веер,топор,кружка,шкатулка,,,,,,,,,,,,,,,,,,,,,,,,,,,,,,,,маска,веер,топор,кружка,шкатулка,0.036111111,-0.394444444,1,0,0,14.716,dalee_polygon_m,15,0,15,0,1,,,,,,,,,,,,,,,,,,,,,,,,,,,,,,,,,,,,,,,,,,,,,
,,,,,,,,,,,,,028ARAA,2023-04-24_14h42.11.965,entire_exp,2022.1.1,Win32,60.0240096,,,,,,,,,,,,,,,,,,,,,,,,,,,,,11.52592593,2.7,,,,,,Умственная нагрузка,"Как много умственных усилий, как вам показалось на первый взгляд, требовалось для выполнения задания?",Низкая,Высокая,,,,mental_span,2,,,,,,,,,,,Q,,,,,,,,,,,,,,,,,,,,,,,,,,,,,,,,,,,,,,,,,,,,,,,,,,,,,,,,,,,,,,,,,,,,,,,,,,,,,,,,,,,,,,,,,,,,,,,,,,,,,,,,,,,,,,,,,,,,,,,,,,,,0,0,0,0,1,,,,,,,,,,,,,,,,,,,,,,,,,,,,,,,,,,,,,,,,
,,,,,,,,,,,,,028ARAA,2023-04-24_14h42.11.965,entire_exp,2022.1.1,Win32,60.0240096,,,,,,,,,,,,,,,,,,,,,,,,,,,,,9.703703704,1.407,,,,,,Физическая нагрузка,"Как много физических усилий, как вам показалось на первый взгляд, пришлось приложить для выполнения задания?",Низкая,Высокая,,,,mental_span,2,,,,,,,,,,,Q,,,,,,,,,,,,,,,,,,,,,,,,,,,,,,,,,,,,,,,,,,,,,,,,,,,,,,,,,,,,,,,,,,,,,,,,,,,,,,,,,,,,,,,,,,,,,,,,,,,,,,,,,,,,,,,,,,,,,,,,,,,,0,1,1,1,1,,,,,,,,,,,,,,,,,,,,,,,,,,,,,,,,,,,,,,,,
,,,,,,,,,,,,,028ARAA,2023-04-24_14h42.11.965,entire_exp,2022.1.1,Win32,60.0240096,,,,,,,,,,,,,,,,,,,,,,,,,,,,,9.214814815,2.026,,,,,,Давление времени,"Нужно было торопиться, чтобы выполнить задание, или можно было работать в своём темпе?",Слабое,Сильное,,,,mental_span,2,,,,,,,,,,,Q,,,,,,,,,,,,,,,,,,,,,,,,,,,,,,,,,,,,,,,,,,,,,,,,,,,,,,,,,,,,,,,,,,,,,,,,,,,,,,,,,,,,,,,,,,,,,,,,,,,,,,,,,,,,,,,,,,,,,,,,,,,,0,2,2,2,1,,,,,,,,,,,,,,,,,,,,,,,,,,,,,,,,,,,,,,,,
,,,,,,,,,,,,,028ARAA,2023-04-24_14h42.11.965,entire_exp,2022.1.1,Win32,60.0240096,,,,,,,,,,,,,,,,,,,,,,,,,,,,,14.99259259,1.758,,,,,,Успешность выполнения,"Как вы думаете, насколько успешно было выполнено задание?",Совсем не выполнено,Полностью выполнено,,,,mental_span,2,,,,,,,,,,,Q,,,,,,,,,,,,,,,,,,,,,,,,,,,,,,,,,,,,,,,,,,,,,,,,,,,,,,,,,,,,,,,,,,,,,,,,,,,,,,,,,,,,,,,,,,,,,,,,,,,,,,,,,,,,,,,,,,,,,,,,,,,,0,3,3,3,1,,,,,,,,,,,,,,,,,,,,,,,,,,,,,,,,,,,,,,,,
,,,,,,,,,,,,,028ARAA,2023-04-24_14h42.11.965,entire_exp,2022.1.1,Win32,60.0240096,,,,,,,,,,,,,,,,,,,,,,,,,,,,,13.58518519,1.939,,,,,,Усилия,Сколько усилий на самом деле вы приложили для выполнения задания?,Мало,Много,,,,mental_span,2,,,,,,,,,,,Q,,,,,,,,,,,,,,,,,,,,,,,,,,,,,,,,,,,,,,,,,,,,,,,,,,,,,,,,,,,,,,,,,,,,,,,,,,,,,,,,,,,,,,,,,,,,,,,,,,,,,,,,,,,,,,,,,,,,,,,,,,,,0,4,4,4,1,,,,,,,,,,,,,,,,,,,,,,,,,,,,,,,,,,,,,,,,
,,,,,,,,,,,,,028ARAA,2023-04-24_14h42.11.965,entire_exp,2022.1.1,Win32,60.0240096,,,,,,,,,,,,,,,,,,,,,,,,,,,,,11.22962963,1.534,,,,,,Уровень фрустрации,Насколько напряженным и раздражающим было задание?,Низкий,Высокий,,,,mental_span,2,,,,,,,,,,,Q,,,,,,,,,,,,,,,,,,,,,,,,,,,,,,,,,,,,,,,,,,,,,,,,,,,,,,,,,,,,,,,,,,,,,,,,,,,,,,,,,,,,,,,,,,,,,,,,,,,,,,,,,,,,,,,,,,,,,,,,,,,,0,5,5,5,1,,,,,,,,,,,,,,,,,,,,,,,,,,,,,,,,,,,,,,,,
,,,,,,,,,,,,,028ARAA,2023-04-24_14h42.11.965,entire_exp,2022.1.1,Win32,60.0240096,,,,,,,,,,,,,,,,,,,,,,,,,,,,,,,,,,,,,,,,,,,,,,,,,,,,,,,,,,,,,,,,,,,,,,,,,,,,,,,,,,,,,,,,,,,,,,,,,,,,,,,,,,,,,,,,,,,,,,,,,,,,,,,,,,,,,,,,,,,,,,,,,,,,,,,,,,,,,,,,,,,,,,,,,,,,,,,,,,,,,,,,0,0,0,0,1,,,,,,,,,,,,,,,,,,,,,,,,,,,,,,,,,,,
,,,,,,,,,,,,,028ARAA,2023-04-24_14h42.11.965,entire_exp,2022.1.1,Win32,60.0240096,,,,,,,,,,,,,,,,,,,,,,,,,,,,,,,,,,,,,,,,,,,,,,,,,,,,,,,,,,,,,,,,,,0,4,4,4,1,0,0,0,0,1,0,0,0,0,,,,,,,,,,,,,,,,,,,,,,,,,,,,,,,,,,,,,,,,,,,,,,,,,,,,,,,,,,,,,,,,,,,,,,,,,,,,,,,,,,,,,,,,,,,,,,,,,,,,,,,,,,,,,,,,,,,,,,,,,,,,,,,,,,,,,,,,,,,,,,,,
,,,,,,,,,,,,,028ARAA,2023-04-24_14h42.11.965,entire_exp,2022.1.1,Win32,60.0240096,,,,,,,,,,,,,,,,,,,,,,,,,,,,,,,,,,,,,,,,,,,mental_rotation,3,,,,,,,,,,,T,,,,,,,,,,,,,,,,,,,,,,,,,"[0.4,0]",left,images/combined/13_b_x_90_y_0_z_270.png,images/base/13_a.png,90,270,,,,,,,,,,,,,,,,,,,,,,,,,,,,,,,,,,,,,,,,,,,,,,,,,,,,,,,,,,,,,,,,,,,,,,,,,,,,,,,,,,,,,,,,,,,,,,,,,,,,,,,,left,1,34.283,space,1.823,0,0,0,0,1,,,,,,,,,,,,,,,,,,,,,,,,,
,,,,,,,,,,,,,028ARAA,2023-04-24_14h42.11.965,entire_exp,2022.1.1,Win32,60.0240096,,,,,,,,,,,,,,,,,,,,,,,,,,,,,,,,,,,,,,,,,,,mental_rotation,3,,,,,,,,,,,T,,,,,,,,,,,,,,,,,,,,,,,,,"[-0.4,0]",left,images/combined/2_a_x_270_y_0_z_90.png,images/base/2_b.png,270,90,,,,,,,,,,,,,,,,,,,,,,,,,,,,,,,,,,,,,,,,,,,,,,,,,,,,,,,,,,,,,,,,,,,,,,,,,,,,,,,,,,,,,,,,,,,,,,,,,,,,,,,,left,1,18.337,space,0.562,1,0,1,0,1,,,,,,,,,,,,,,,,,,,,,,,,,
,,,,,,,,,,,,,028ARAA,2023-04-24_14h42.11.965,entire_exp,2022.1.1,Win32,60.0240096,,,,,,,,,,,,,,,,,,,,,,,,,,,,,,,,,,,,,,,,,,,mental_rotation,3,,,,,,,,,,,T,,,,,,,,,,,,,,,,,,,,,,,,,"[-0.4,0]",left,images/combined/5_b_x_90_y_0_z_270.png,images/base/5_a.png,90,270,,,,,,,,,,,,,,,,,,,,,,,,,,,,,,,,,,,,,,,,,,,,,,,,,,,,,,,,,,,,,,,,,,,,,,,,,,,,,,,,,,,,,,,,,,,,,,,,,,,,,,,,left,1,29.796,space,0.861,2,0,2,0,1,,,,,,,,,,,,,,,,,,,,,,,,,
,,,,,,,,,,,,,028ARAA,2023-04-24_14h42.11.965,entire_exp,2022.1.1,Win32,60.0240096,,,,,,,,,,,,,,,,,,,,,,,,,,,,,,,,,,,,,,,,,,,mental_rotation,3,,,,,,,,,,,T,,,,,,,,,,,,,,,,,,,,,,,,,"[-0.4,0]",left,images/combined/3_b_x_90_y_0_z_90.png,images/base/3_a.png,90,90,,,,,,,,,,,,,,,,,,,,,,,,,,,,,,,,,,,,,,,,,,,,,,,,,,,,,,,,,,,,,,,,,,,,,,,,,,,,,,,,,,,,,,,,,,,,,,,,,,,,,,,,left,1,12.311,space,0.398,3,0,3,0,1,,,,,,,,,,,,,,,,,,,,,,,,,
,,,,,,,,,,,,,028ARAA,2023-04-24_14h42.11.965,entire_exp,2022.1.1,Win32,60.0240096,,,,,,,,,,,,,,,,,,,,,,,,,,,,,,,,,,,,,,,,,,,mental_rotation,3,,,,,,,,,,,T,,,,,,,,,,,,,,,,,,,,,,,,,"[-0.4,0]",right,images/combined/6_a_x_270_y_0_z_270.png,images/base/6_a.png,270,270,,,,,,,,,,,,,,,,,,,,,,,,,,,,,,,,,,,,,,,,,,,,,,,,,,,,,,,,,,,,,,,,,,,,,,,,,,,,,,,,,,,,,,,,,,,,,,,,,,,,,,,,right,1,47.801,space,0.611,4,0,4,0,1,,,,,,,,,,,,,,,,,,,,,,,,,
,,,,,,,,,,,,,028ARAA,2023-04-24_14h42.11.965,entire_exp,2022.1.1,Win32,60.0240096,,,,,,,,,,,,,,,,,,,,,,,,,,,,,,,,,,,,,,,,,,,mental_rotation,3,,,,,,,,,,,T,,,,,,,,,,,,,,,,,,,,,,,,,"[0.4,0]",left,images/combined/15_b_x_90_y_0_z_90.png,images/base/15_a.png,90,90,,,,,,,,,,,,,,,,,,,,,,,,,,,,,,,,,,,,,,,,,,,,,,,,,,,,,,,,,,,,,,,,,,,,,,,,,,,,,,,,,,,,,,,,,,,,,,,,,,,,,,,,left,1,12.56,space,0.961,5,0,5,0,1,,,,,,,,,,,,,,,,,,,,,,,,,
,,,,,,,,,,,,,028ARAA,2023-04-24_14h42.11.965,entire_exp,2022.1.1,Win32,60.0240096,,,,,,,,,,,,,,,,,,,,,,,,,,,,,,,,,,,,,,,,,,,mental_rotation,3,,,,,,,,,,,T,,,,,,,,,,,,,,,,,,,,,,,,,"[-0.4,0]",left,images/combined/8_a_x_270_y_0_z_90.png,images/base/8_b.png,270,90,,,,,,,,,,,,,,,,,,,,,,,,,,,,,,,,,,,,,,,,,,,,,,,,,,,,,,,,,,,,,,,,,,,,,,,,,,,,,,,,,,,,,,,,,,,,,,,,,,,,,,,,left,1,15.161,space,0.464,6,0,6,0,1,,,,,,,,,,,,,,,,,,,,,,,,,
,,,,,,,,,,,,,028ARAA,2023-04-24_14h42.11.965,entire_exp,2022.1.1,Win32,60.0240096,,,,,,,,,,,,,,,,,,,,,,,,,,,,,,,,,,,,,,,,,,,mental_rotation,3,,,,,,,,,,,T,,,,,,,,,,,,,,,,,,,,,,,,,"[-0.4,0]",left,images/combined/1_a_x_90_y_0_z_90.png,images/base/1_b.png,90,90,,,,,,,,,,,,,,,,,,,,,,,,,,,,,,,,,,,,,,,,,,,,,,,,,,,,,,,,,,,,,,,,,,,,,,,,,,,,,,,,,,,,,,,,,,,,,,,,,,,,,,,,right,0,19.623,space,0.646,7,0,7,0,1,,,,,,,,,,,,,,,,,,,,,,,,,
,,,,,,,,,,,,,028ARAA,2023-04-24_14h42.11.965,entire_exp,2022.1.1,Win32,60.0240096,,,,,,,,,,,,,,,,,,,,,,,,,,,,,,,,,,,,,,,,,,,mental_rotation,3,,,,,,,,,,,T,,,,,,,,,,,,,,,,,,,,,,,,,"[0.4,0]",left,images/combined/10_b_x_90_y_0_z_270.png,images/base/10_a.png,90,270,,,,,,,,,,,,,,,,,,,,,,,,,,,,,,,,,,,,,,,,,,,,,,,,,,,,,,,,,,,,,,,,,,,,,,,,,,,,,,,,,,,,,,,,,,,,,,,,,,,,,,,,left,1,61.525,space,0.33,8,0,8,0,1,,,,,,,,,,,,,,,,,,,,,,,,,
,,,,,,,,,,,,,028ARAA,2023-04-24_14h42.11.965,entire_exp,2022.1.1,Win32,60.0240096,,,,,,,,,,,,,,,,,,,,,,,,,,,,,,,,,,,,,,,,,,,mental_rotation,3,,,,,,,,,,,T,,,,,,,,,,,,,,,,,,,,,,,,,"[-0.4,0]",right,images/combined/14_b_x_90_y_0_z_270.png,images/base/14_b.png,90,270,,,,,,,,,,,,,,,,,,,,,,,,,,,,,,,,,,,,,,,,,,,,,,,,,,,,,,,,,,,,,,,,,,,,,,,,,,,,,,,,,,,,,,,,,,,,,,,,,,,,,,,,right,1,10.843,space,0.578,9,0,9,0,1,,,,,,,,,,,,,,,,,,,,,,,,,
,,,,,,,,,,,,,028ARAA,2023-04-24_14h42.11.965,entire_exp,2022.1.1,Win32,60.0240096,,,,,,,,,,,,,,,,,,,,,,,,,,,,,,,,,,,,,,,,,,,mental_rotation,3,,,,,,,,,,,T,,,,,,,,,,,,,,,,,,,,,,,,,"[0.4,0]",left,images/combined/12_b_x_270_y_0_z_90.png,images/base/12_a.png,270,90,,,,,,,,,,,,,,,,,,,,,,,,,,,,,,,,,,,,,,,,,,,,,,,,,,,,,,,,,,,,,,,,,,,,,,,,,,,,,,,,,,,,,,,,,,,,,,,,,,,,,,,,left,1,75.908,space,0.443,10,0,10,0,1,,,,,,,,,,,,,,,,,,,,,,,,,
,,,,,,,,,,,,,028ARAA,2023-04-24_14h42.11.965,entire_exp,2022.1.1,Win32,60.0240096,,,,,,,,,,,,,,,,,,,,,,,,,,,,,,,,,,,,,,,,,,,mental_rotation,3,,,,,,,,,,,T,,,,,,,,,,,,,,,,,,,,,,,,,"[-0.4,0]",right,images/combined/11_b_x_270_y_0_z_270.png,images/base/11_b.png,270,270,,,,,,,,,,,,,,,,,,,,,,,,,,,,,,,,,,,,,,,,,,,,,,,,,,,,,,,,,,,,,,,,,,,,,,,,,,,,,,,,,,,,,,,,,,,,,,,,,,,,,,,,right,1,82.379,space,0.562,11,0,11,0,1,,,,,,,,,,,,,,,,,,,,,,,,,
,,,,,,,,,,,,,028ARAA,2023-04-24_14h42.11.965,entire_exp,2022.1.1,Win32,60.0240096,,,,,,,,,,,,,,,,,,,,,,,,,,,,,,,,,,,,,,,,,,,mental_rotation,3,,,,,,,,,,,T,,,,,,,,,,,,,,,,,,,,,,,,,"[-0.4,0]",left,images/combined/16_b_x_270_y_0_z_90.png,images/base/16_a.png,270,90,,,,,,,,,,,,,,,,,,,,,,,,,,,,,,,,,,,,,,,,,,,,,,,,,,,,,,,,,,,,,,,,,,,,,,,,,,,,,,,,,,,,,,,,,,,,,,,,,,,,,,,,left,1,17.655,space,0.499,12,0,12,0,1,,,,,,,,,,,,,,,,,,,,,,,,,
,,,,,,,,,,,,,028ARAA,2023-04-24_14h42.11.965,entire_exp,2022.1.1,Win32,60.0240096,,,,,,,,,,,,,,,,,,,,,,,,,,,,,,,,,,,,,,,,,,,mental_rotation,3,,,,,,,,,,,T,,,,,,,,,,,,,,,,,,,,,,,,,"[-0.4,0]",left,images/combined/9_b_x_90_y_0_z_90.png,images/base/9_a.png,90,90,,,,,,,,,,,,,,,,,,,,,,,,,,,,,,,,,,,,,,,,,,,,,,,,,,,,,,,,,,,,,,,,,,,,,,,,,,,,,,,,,,,,,,,,,,,,,,,,,,,,,,,,left,1,23.887,space,0.496,13,0,13,0,1,,,,,,,,,,,,,,,,,,,,,,,,,
,,,,,,,,,,,,,028ARAA,2023-04-24_14h42.11.965,entire_exp,2022.1.1,Win32,60.0240096,,,,,,,,,,,,,,,,,,,,,,,,,,,,,,,,,,,,,,,,,,,mental_rotation,3,,,,,,,,,,,T,,,,,,,,,,,,,,,,,,,,,,,,,"[0.4,0]",left,images/combined/7_a_x_270_y_0_z_270.png,images/base/7_b.png,270,270,,,,,,,,,,,,,,,,,,,,,,,,,,,,,,,,,,,,,,,,,,,,,,,,,,,,,,,,,,,,,,,,,,,,,,,,,,,,,,,,,,,,,,,,,,,,,,,,,,,,,,,,left,1,40.392,space,0.449,14,0,14,0,1,,,,,,,,,,,,,,,,,,,,,,,,,
,,,,,,,,,,,,,028ARAA,2023-04-24_14h42.11.965,entire_exp,2022.1.1,Win32,60.0240096,,,,,,,,,,,,,,,,,,,,,,,,,,,,,,,,,,,,,,,,,,,mental_rotation,3,,,,,,,,,,,T,,,,,,,,,,,,,,,,,,,,,,,,,"[0.4,0]",left,images/combined/4_a_x_90_y_0_z_270.png,images/base/4_b.png,90,270,,,,,,,,,,,,,,,,,,,,,,,,,,,,,,,,,,,,,,,,,,,,,,,,,,,,,,,,,,,,,,,,,,,,,,,,,,,,,,,,,,,,,,,,,,,,,,,,,,,,,,,,left,1,17.524,space,0.444,15,0,15,0,1,,,,,,,,,,,,,,,,,,,,,,,,,
,,,,,,,,,,,,,028ARAA,2023-04-24_14h42.11.965,entire_exp,2022.1.1,Win32,60.0240096,,,,,,,,,,,,,,,,,,,,,,,,,,,,,16.22222222,2.255,,,,,,Умственная нагрузка,"Как много умственных усилий, как вам показалось на первый взгляд, требовалось для выполнения задания?",Низкая,Высокая,,,,mental_rotation,3,,,,,,,,,,,Q,,,,,,,,,,,,,,,,,,,,,,,,,,,,,,,,,,,,,,,,,,,,,,,,,,,,,,,,,,,,,,,,,,,,,,,,,,,,,,,,,,,,,,,,,,,,,,,,,,,,,,,,,,,,,,,,,,,,,,,,,,,,,,,,,,,,,,,,,,,,,,,,0,0,0,0,1,,,,,,,,,,,,,,,,,,,,
,,,,,,,,,,,,,028ARAA,2023-04-24_14h42.11.965,entire_exp,2022.1.1,Win32,60.0240096,,,,,,,,,,,,,,,,,,,,,,,,,,,,,13.15555556,1.284,,,,,,Физическая нагрузка,"Как много физических усилий, как вам показалось на первый взгляд, пришлось приложить для выполнения задания?",Низкая,Высокая,,,,mental_rotation,3,,,,,,,,,,,Q,,,,,,,,,,,,,,,,,,,,,,,,,,,,,,,,,,,,,,,,,,,,,,,,,,,,,,,,,,,,,,,,,,,,,,,,,,,,,,,,,,,,,,,,,,,,,,,,,,,,,,,,,,,,,,,,,,,,,,,,,,,,,,,,,,,,,,,,,,,,,,,,0,1,1,1,1,,,,,,,,,,,,,,,,,,,,
,,,,,,,,,,,,,028ARAA,2023-04-24_14h42.11.965,entire_exp,2022.1.1,Win32,60.0240096,,,,,,,,,,,,,,,,,,,,,,,,,,,,,7.57037037,3.477,,,,,,Давление времени,"Нужно было торопиться, чтобы выполнить задание, или можно было работать в своём темпе?",Слабое,Сильное,,,,mental_rotation,3,,,,,,,,,,,Q,,,,,,,,,,,,,,,,,,,,,,,,,,,,,,,,,,,,,,,,,,,,,,,,,,,,,,,,,,,,,,,,,,,,,,,,,,,,,,,,,,,,,,,,,,,,,,,,,,,,,,,,,,,,,,,,,,,,,,,,,,,,,,,,,,,,,,,,,,,,,,,,0,2,2,2,1,,,,,,,,,,,,,,,,,,,,
,,,,,,,,,,,,,028ARAA,2023-04-24_14h42.11.965,entire_exp,2022.1.1,Win32,60.0240096,,,,,,,,,,,,,,,,,,,,,,,,,,,,,11.05185185,1.6,,,,,,Успешность выполнения,"Как вы думаете, насколько успешно было выполнено задание?",Совсем не выполнено,Полностью выполнено,,,,mental_rotation,3,,,,,,,,,,,Q,,,,,,,,,,,,,,,,,,,,,,,,,,,,,,,,,,,,,,,,,,,,,,,,,,,,,,,,,,,,,,,,,,,,,,,,,,,,,,,,,,,,,,,,,,,,,,,,,,,,,,,,,,,,,,,,,,,,,,,,,,,,,,,,,,,,,,,,,,,,,,,,0,3,3,3,1,,,,,,,,,,,,,,,,,,,,
,,,,,,,,,,,,,028ARAA,2023-04-24_14h42.11.965,entire_exp,2022.1.1,Win32,60.0240096,,,,,,,,,,,,,,,,,,,,,,,,,,,,,14.77037037,1.859,,,,,,Усилия,Сколько усилий на самом деле вы приложили для выполнения задания?,Мало,Много,,,,mental_rotation,3,,,,,,,,,,,Q,,,,,,,,,,,,,,,,,,,,,,,,,,,,,,,,,,,,,,,,,,,,,,,,,,,,,,,,,,,,,,,,,,,,,,,,,,,,,,,,,,,,,,,,,,,,,,,,,,,,,,,,,,,,,,,,,,,,,,,,,,,,,,,,,,,,,,,,,,,,,,,,0,4,4,4,1,,,,,,,,,,,,,,,,,,,,
,,,,,,,,,,,,,028ARAA,2023-04-24_14h42.11.965,entire_exp,2022.1.1,Win32,60.0240096,,,,,,,,,,,,,,,,,,,,,,,,,,,,,14.23703704,3.113,,,,,,Уровень фрустрации,Насколько напряженным и раздражающим было задание?,Низкий,Высокий,,,,mental_rotation,3,,,,,,,,,,,Q,,,,,,,,,,,,,,,,,,,,,,,,,,,,,,,,,,,,,,,,,,,,,,,,,,,,,,,,,,,,,,,,,,,,,,,,,,,,,,,,,,,,,,,,,,,,,,,,,,,,,,,,,,,,,,,,,,,,,,,,,,,,,,,,,,,,,,,,,,,,,,,,0,5,5,5,1,,,,,,,,,,,,,,,,,,,,
,,,,,,,,,,,,,028ARAA,2023-04-24_14h42.11.965,entire_exp,2022.1.1,Win32,60.0240096,,,,,,,,,,,,,,,,,,,,,,,,,,,,,,,,,,,,,,,,,,,,,,,,,,,,,,,,,,,,,,,,,,,,,,,,,,,,,,,,,,,,,,,,,,,,,,,,,,,,,,,,,,,,,,,,,,,,,,,,,,,,,,,,,,,,,,,,,,,,,,,,,,,,,,,,,,,,,,,,,,,,,,,,,,,,,,,,,,,,,,,,,,,,,,,,,,,,,,,,,,,,0,0,0,0,1,,,,,,,,,,,,,,,
,,,,,,,,,,,,,028ARAA,2023-04-24_14h42.11.965,entire_exp,2022.1.1,Win32,60.0240096,,,,,,,,,,,,,,,,,,,,,,,,,,,,,,,,,,,,,,,,,,,,,,,,,,,,,,,,,,,,,,,,,,0,5,5,2,1,0,0,1,0,0,0,0,0,0,,,,,,,,,,,,,,,,,,,,,,,,,,,,,,,,,,,,,,,,,,,,,,,,,,,,,,,,,,,,,,,,,,,,,,,,,,,,,,,,,,,,,,,,,,,,,,,,,,,,,,,,,,,,,,,,,,,,,,,,,,,,,,,,,,,,,,,,,,,,,,,,
,,,,,,,,,,,,,028ARAA,2023-04-24_14h42.11.965,entire_exp,2022.1.1,Win32,60.0240096,,,,,,,,,,,,,,,,,,,,,,,,,,,,,,,,,,,,,,,,,,,mental_span,1,,,,,,,,,,,T,,,,,,,,,,,,,,,,,,,,,,,,,,,,,,,,,,,,,,,,,,,,,,,,,,,,,,,,,,,,,,,,,,,,,,,кастрюля,кенгуру,фартук,,,,,,,,,,,,,,,,,,,,,,,,,,,,,,,,,,,,,,,,,,,,,,,,,,,,,,,,,,,,,,,,,,,,,,,,,,,,,,,,,кастрюля,кенгуру,фартук,-0.013888889,-0.385185185,1,0,0,17.374,dalee_polygon,0,0,0,0,1
,,,,,,,,,,,,,028ARAA,2023-04-24_14h42.11.965,entire_exp,2022.1.1,Win32,60.0240096,,,,,,,,,,,,,,,,,,,,,,,,,,,,,,,,,,,,,,,,,,,mental_span,1,,,,,,,,,,,T,,,,,,,,,,,,,,,,,,,,,,,,,,,,,,,,,,,,,,,,,,,,,,,,,,,,,,,,,,,,,,,,,,,,,,,сноуборд,веер,продавец,,,,,,,,,,,,,,,,,,,,,,,,,,,,,,,,,,,,,,,,,,,,,,,,,,,,,,,,,,,,,,,,,,,,,,,,,,,,,,,,,сноуборд,веер,продавец,0.038888889,-0.381481481,1,0,0,11.159,dalee_polygon,1,0,1,0,1
