task,level,id,scale,score
MS,easy,jKBHzXx0Pg,ME,55
MS,easy,jKBHzXx0Pg,PH,35
MS,easy,jKBHzXx0Pg,TI,45
MS,easy,jKBHzXx0Pg,PE,5
MS,easy,jKBHzXx0Pg,EF,55
MS,easy,jKBHzXx0Pg,FR,40
ST,easy,jKBHzXx0Pg,ME,55
ST,easy,jKBHzXx0Pg,PH,20
ST,easy,jKBHzXx0Pg,TI,60
ST,easy,jKBHzXx0Pg,PE,5
ST,easy,jKBHzXx0Pg,EF,60
ST,easy,jKBHzXx0Pg,FR,55
MR,easy,jKBHzXx0Pg,ME,70
MR,easy,jKBHzXx0Pg,PH,20
MR,easy,jKBHzXx0Pg,TI,45
MR,easy,jKBHzXx0Pg,PE,15
MR,easy,jKBHzXx0Pg,EF,65
MR,easy,jKBHzXx0Pg,FR,40
MS,medium,jKBHzXx0Pg,ME,75
MS,medium,jKBHzXx0Pg,PH,45
MS,medium,jKBHzXx0Pg,TI,80
MS,medium,jKBHzXx0Pg,PE,10
MS,medium,jKBHzXx0Pg,EF,80
MS,medium,jKBHzXx0Pg,FR,75
ST,hard,jKBHzXx0Pg,ME,75
ST,hard,jKBHzXx0Pg,PH,25
ST,hard,jKBHzXx0Pg,TI,80
ST,hard,jKBHzXx0Pg,PE,15
ST,hard,jKBHzXx0Pg,EF,75
ST,hard,jKBHzXx0Pg,FR,62
MS,hard,jKBHzXx0Pg,ME,90
MS,hard,jKBHzXx0Pg,PH,55
MS,hard,jKBHzXx0Pg,TI,85
MS,hard,jKBHzXx0Pg,PE,25
MS,hard,jKBHzXx0Pg,EF,90
MS,hard,jKBHzXx0Pg,FR,90
ST,medium,jKBHzXx0Pg,ME,60
ST,medium,jKBHzXx0Pg,PH,20
ST,medium,jKBHzXx0Pg,TI,67
ST,medium,jKBHzXx0Pg,PE,7
ST,medium,jKBHzXx0Pg,EF,65
ST,medium,jKBHzXx0Pg,FR,35
MR,medium,jKBHzXx0Pg,ME,59
MR,medium,jKBHzXx0Pg,PH,30
MR,medium,jKBHzXx0Pg,TI,45
MR,medium,jKBHzXx0Pg,PE,17
MR,medium,jKBHzXx0Pg,EF,60
MR,medium,jKBHzXx0Pg,FR,65
MR,hard,jKBHzXx0Pg,ME,75
MR,hard,jKBHzXx0Pg,PH,35
MR,hard,jKBHzXx0Pg,TI,60
MR,hard,jKBHzXx0Pg,PE,27
MR,hard,jKBHzXx0Pg,EF,77
MR,hard,jKBHzXx0Pg,FR,70
MS,easy,TqUBvW8Aaz,ME,34
MS,easy,TqUBvW8Aaz,PH,16
MS,easy,TqUBvW8Aaz,TI,15
MS,easy,TqUBvW8Aaz,PE,6
MS,easy,TqUBvW8Aaz,EF,25
MS,easy,TqUBvW8Aaz,FR,20
ST,hard,TqUBvW8Aaz,ME,65
ST,hard,TqUBvW8Aaz,PH,25
ST,hard,TqUBvW8Aaz,TI,99
ST,hard,TqUBvW8Aaz,PE,50
ST,hard,TqUBvW8Aaz,EF,70
ST,hard,TqUBvW8Aaz,FR,79
MS,medium,TqUBvW8Aaz,ME,94
MS,medium,TqUBvW8Aaz,PH,50
MS,medium,TqUBvW8Aaz,TI,80
MS,medium,TqUBvW8Aaz,PE,6
MS,medium,TqUBvW8Aaz,EF,95
MS,medium,TqUBvW8Aaz,FR,98
MR,medium,TqUBvW8Aaz,ME,90
MR,medium,TqUBvW8Aaz,PH,50
MR,medium,TqUBvW8Aaz,TI,16
MR,medium,TqUBvW8Aaz,PE,35
MR,medium,TqUBvW8Aaz,EF,80
MR,medium,TqUBvW8Aaz,FR,91
MR,hard,TqUBvW8Aaz,ME,90
MR,hard,TqUBvW8Aaz,PH,48
MR,hard,TqUBvW8Aaz,TI,26
MR,hard,TqUBvW8Aaz,PE,49
MR,hard,TqUBvW8Aaz,EF,80
MR,hard,TqUBvW8Aaz,FR,81
ST,easy,TqUBvW8Aaz,ME,25
ST,easy,TqUBvW8Aaz,PH,16
ST,easy,TqUBvW8Aaz,TI,35
ST,easy,TqUBvW8Aaz,PE,6
ST,easy,TqUBvW8Aaz,EF,21
ST,easy,TqUBvW8Aaz,FR,30
MR,easy,TqUBvW8Aaz,ME,21
MR,easy,TqUBvW8Aaz,PH,11
MR,easy,TqUBvW8Aaz,TI,14
MR,easy,TqUBvW8Aaz,PE,34
MR,easy,TqUBvW8Aaz,EF,50
MR,easy,TqUBvW8Aaz,FR,54
ST,medium,TqUBvW8Aaz,ME,80
ST,medium,TqUBvW8Aaz,PH,36
ST,medium,TqUBvW8Aaz,TI,99
ST,medium,TqUBvW8Aaz,PE,50
ST,medium,TqUBvW8Aaz,EF,84
ST,medium,TqUBvW8Aaz,FR,90
MS,hard,TqUBvW8Aaz,ME,100
MS,hard,TqUBvW8Aaz,PH,50
MS,hard,TqUBvW8Aaz,TI,99
MS,hard,TqUBvW8Aaz,PE,50
MS,hard,TqUBvW8Aaz,EF,100
MS,hard,TqUBvW8Aaz,FR,100
MS,easy,WAh9qhgg6o,ME,75
MS,easy,WAh9qhgg6o,PH,25
MS,easy,WAh9qhgg6o,TI,45
MS,easy,WAh9qhgg6o,PE,10
MS,easy,WAh9qhgg6o,EF,60
MS,easy,WAh9qhgg6o,FR,25
MS,medium,WAh9qhgg6o,ME,80
MS,medium,WAh9qhgg6o,PH,40
MS,medium,WAh9qhgg6o,TI,90
MS,medium,WAh9qhgg6o,PE,45
MS,medium,WAh9qhgg6o,EF,80
MS,medium,WAh9qhgg6o,FR,65
MR,medium,WAh9qhgg6o,ME,40
MR,medium,WAh9qhgg6o,PH,10
MR,medium,WAh9qhgg6o,TI,0
MR,medium,WAh9qhgg6o,PE,15
MR,medium,WAh9qhgg6o,EF,25
MR,medium,WAh9qhgg6o,FR,15
ST,easy,WAh9qhgg6o,ME,15
ST,easy,WAh9qhgg6o,PH,1
ST,easy,WAh9qhgg6o,TI,15
ST,easy,WAh9qhgg6o,PE,0
ST,easy,WAh9qhgg6o,EF,10
ST,easy,WAh9qhgg6o,FR,10
MR,easy,WAh9qhgg6o,ME,30
MR,easy,WAh9qhgg6o,PH,20
MR,easy,WAh9qhgg6o,TI,10
MR,easy,WAh9qhgg6o,PE,25
MR,easy,WAh9qhgg6o,EF,20
MR,easy,WAh9qhgg6o,FR,20
MR,hard,WAh9qhgg6o,ME,15
MR,hard,WAh9qhgg6o,PH,20
MR,hard,WAh9qhgg6o,TI,10
MR,hard,WAh9qhgg6o,PE,20
MR,hard,WAh9qhgg6o,EF,15
MR,hard,WAh9qhgg6o,FR,5
MS,hard,WAh9qhgg6o,ME,70
MS,hard,WAh9qhgg6o,PH,35
MS,hard,WAh9qhgg6o,TI,85
MS,hard,WAh9qhgg6o,PE,60
MS,hard,WAh9qhgg6o,EF,75
MS,hard,WAh9qhgg6o,FR,60
ST,medium,WAh9qhgg6o,ME,38
ST,medium,WAh9qhgg6o,PH,12
ST,medium,WAh9qhgg6o,TI,94
ST,medium,WAh9qhgg6o,PE,33
ST,medium,WAh9qhgg6o,EF,28
ST,medium,WAh9qhgg6o,FR,33
ST,hard,WAh9qhgg6o,ME,89
ST,hard,WAh9qhgg6o,PH,17
ST,hard,WAh9qhgg6o,TI,100
ST,hard,WAh9qhgg6o,PE,39
ST,hard,WAh9qhgg6o,EF,23
ST,hard,WAh9qhgg6o,FR,50
MS,hard,6xDo1DDaCf,ME,90
MS,hard,6xDo1DDaCf,PH,50
MS,hard,6xDo1DDaCf,TI,70
MS,hard,6xDo1DDaCf,PE,5
MS,hard,6xDo1DDaCf,EF,60
MS,hard,6xDo1DDaCf,FR,79
MR,easy,6xDo1DDaCf,ME,80
MR,easy,6xDo1DDaCf,PH,20
MR,easy,6xDo1DDaCf,TI,50
MR,easy,6xDo1DDaCf,PE,1
MR,easy,6xDo1DDaCf,EF,50
MR,easy,6xDo1DDaCf,FR,50
MR,medium,6xDo1DDaCf,ME,60
MR,medium,6xDo1DDaCf,PH,20
MR,medium,6xDo1DDaCf,TI,25
MR,medium,6xDo1DDaCf,PE,0
MR,medium,6xDo1DDaCf,EF,50
MR,medium,6xDo1DDaCf,FR,50
MS,easy,6xDo1DDaCf,ME,35
MS,easy,6xDo1DDaCf,PH,10
MS,easy,6xDo1DDaCf,TI,10
MS,easy,6xDo1DDaCf,PE,0
MS,easy,6xDo1DDaCf,EF,25
MS,easy,6xDo1DDaCf,FR,25
MS,medium,6xDo1DDaCf,ME,74
MS,medium,6xDo1DDaCf,PH,55
MS,medium,6xDo1DDaCf,TI,50
MS,medium,6xDo1DDaCf,PE,0
MS,medium,6xDo1DDaCf,EF,80
MS,medium,6xDo1DDaCf,FR,70
ST,medium,6xDo1DDaCf,ME,65
ST,medium,6xDo1DDaCf,PH,10
ST,medium,6xDo1DDaCf,TI,30
ST,medium,6xDo1DDaCf,PE,0
ST,medium,6xDo1DDaCf,EF,75
ST,medium,6xDo1DDaCf,FR,75
MR,hard,6xDo1DDaCf,ME,65
MR,hard,6xDo1DDaCf,PH,25
MR,hard,6xDo1DDaCf,TI,15
MR,hard,6xDo1DDaCf,PE,5
MR,hard,6xDo1DDaCf,EF,75
MR,hard,6xDo1DDaCf,FR,60
ST,easy,6xDo1DDaCf,ME,55
ST,easy,6xDo1DDaCf,PH,15
ST,easy,6xDo1DDaCf,TI,20
ST,easy,6xDo1DDaCf,PE,0
ST,easy,6xDo1DDaCf,EF,55
ST,easy,6xDo1DDaCf,FR,50
ST,hard,6xDo1DDaCf,ME,94
ST,hard,6xDo1DDaCf,PH,5
ST,hard,6xDo1DDaCf,TI,30
ST,hard,6xDo1DDaCf,PE,0
ST,hard,6xDo1DDaCf,EF,90
ST,hard,6xDo1DDaCf,FR,84
MR,easy,9ZffIZqFHz,ME,75
MR,easy,9ZffIZqFHz,PH,10
MR,easy,9ZffIZqFHz,TI,25
MR,easy,9ZffIZqFHz,PE,39
MR,easy,9ZffIZqFHz,EF,75
MR,easy,9ZffIZqFHz,FR,70
MS,medium,9ZffIZqFHz,ME,80
MS,medium,9ZffIZqFHz,PH,25
MS,medium,9ZffIZqFHz,TI,66
MS,medium,9ZffIZqFHz,PE,1
MS,medium,9ZffIZqFHz,EF,64
MS,medium,9ZffIZqFHz,FR,5
MR,medium,9ZffIZqFHz,ME,44
MR,medium,9ZffIZqFHz,PH,5
MR,medium,9ZffIZqFHz,TI,45
MR,medium,9ZffIZqFHz,PE,25
MR,medium,9ZffIZqFHz,EF,61
MR,medium,9ZffIZqFHz,FR,39
ST,easy,9ZffIZqFHz,ME,71
ST,easy,9ZffIZqFHz,PH,10
ST,easy,9ZffIZqFHz,TI,85
ST,easy,9ZffIZqFHz,PE,15
ST,easy,9ZffIZqFHz,EF,60
ST,easy,9ZffIZqFHz,FR,6
MS,hard,9ZffIZqFHz,ME,99
MS,hard,9ZffIZqFHz,PH,45
MS,hard,9ZffIZqFHz,TI,95
MS,hard,9ZffIZqFHz,PE,65
MS,hard,9ZffIZqFHz,EF,100
MS,hard,9ZffIZqFHz,FR,90
MR,hard,9ZffIZqFHz,ME,50
MR,hard,9ZffIZqFHz,PH,5
MR,hard,9ZffIZqFHz,TI,15
MR,hard,9ZffIZqFHz,PE,30
MR,hard,9ZffIZqFHz,EF,55
MR,hard,9ZffIZqFHz,FR,20
ST,medium,9ZffIZqFHz,ME,89
ST,medium,9ZffIZqFHz,PH,10
ST,medium,9ZffIZqFHz,TI,99
ST,medium,9ZffIZqFHz,PE,46
ST,medium,9ZffIZqFHz,EF,75
ST,medium,9ZffIZqFHz,FR,70
MS,easy,9ZffIZqFHz,ME,15
MS,easy,9ZffIZqFHz,PH,0
MS,easy,9ZffIZqFHz,TI,11
MS,easy,9ZffIZqFHz,PE,1
MS,easy,9ZffIZqFHz,EF,21
MS,easy,9ZffIZqFHz,FR,1
ST,hard,9ZffIZqFHz,ME,69
ST,hard,9ZffIZqFHz,PH,10
ST,hard,9ZffIZqFHz,TI,99
ST,hard,9ZffIZqFHz,PE,65
ST,hard,9ZffIZqFHz,EF,72
ST,hard,9ZffIZqFHz,FR,94
MS,easy,wiRZfBYOru,ME,10
MS,easy,wiRZfBYOru,PH,9
MS,easy,wiRZfBYOru,TI,11
MS,easy,wiRZfBYOru,PE,1
MS,easy,wiRZfBYOru,EF,5
MS,easy,wiRZfBYOru,FR,7
ST,medium,wiRZfBYOru,ME,75
ST,medium,wiRZfBYOru,PH,70
ST,medium,wiRZfBYOru,TI,80
ST,medium,wiRZfBYOru,PE,21
ST,medium,wiRZfBYOru,EF,73
ST,medium,wiRZfBYOru,FR,69
MS,hard,wiRZfBYOru,ME,95
MS,hard,wiRZfBYOru,PH,79
MS,hard,wiRZfBYOru,TI,91
MS,hard,wiRZfBYOru,PE,17
MS,hard,wiRZfBYOru,EF,98
MS,hard,wiRZfBYOru,FR,94
ST,easy,wiRZfBYOru,ME,50
ST,easy,wiRZfBYOru,PH,50
ST,easy,wiRZfBYOru,TI,50
ST,easy,wiRZfBYOru,PE,6
ST,easy,wiRZfBYOru,EF,49
ST,easy,wiRZfBYOru,FR,51
MR,hard,wiRZfBYOru,ME,69
MR,hard,wiRZfBYOru,PH,70
MR,hard,wiRZfBYOru,TI,70
MR,hard,wiRZfBYOru,PE,61
MR,hard,wiRZfBYOru,EF,68
MR,hard,wiRZfBYOru,FR,77
MR,medium,wiRZfBYOru,ME,68
MR,medium,wiRZfBYOru,PH,71
MR,medium,wiRZfBYOru,TI,69
MR,medium,wiRZfBYOru,PE,31
MR,medium,wiRZfBYOru,EF,69
MR,medium,wiRZfBYOru,FR,69
MS,medium,wiRZfBYOru,ME,86
MS,medium,wiRZfBYOru,PH,85
MS,medium,wiRZfBYOru,TI,85
MS,medium,wiRZfBYOru,PE,7
MS,medium,wiRZfBYOru,EF,86
MS,medium,wiRZfBYOru,FR,83
ST,hard,wiRZfBYOru,ME,79
ST,hard,wiRZfBYOru,PH,58
ST,hard,wiRZfBYOru,TI,62
ST,hard,wiRZfBYOru,PE,12
ST,hard,wiRZfBYOru,EF,87
ST,hard,wiRZfBYOru,FR,89
MR,easy,wiRZfBYOru,ME,80
MR,easy,wiRZfBYOru,PH,68
MR,easy,wiRZfBYOru,TI,53
MR,easy,wiRZfBYOru,PE,17
MR,easy,wiRZfBYOru,EF,64
MR,easy,wiRZfBYOru,FR,57
MR,easy,cCWrG11sgp,ME,58
MR,easy,cCWrG11sgp,PH,14
MR,easy,cCWrG11sgp,TI,50
MR,easy,cCWrG11sgp,PE,65
MR,easy,cCWrG11sgp,EF,75
MR,easy,cCWrG11sgp,FR,29
ST,hard,cCWrG11sgp,ME,85
ST,hard,cCWrG11sgp,PH,13
ST,hard,cCWrG11sgp,TI,79
ST,hard,cCWrG11sgp,PE,65
ST,hard,cCWrG11sgp,EF,90
ST,hard,cCWrG11sgp,FR,40
MR,medium,cCWrG11sgp,ME,75
MR,medium,cCWrG11sgp,PH,76
MR,medium,cCWrG11sgp,TI,70
MR,medium,cCWrG11sgp,PE,70
MR,medium,cCWrG11sgp,EF,75
MR,medium,cCWrG11sgp,FR,40
MS,hard,cCWrG11sgp,ME,85
MS,hard,cCWrG11sgp,PH,36
MS,hard,cCWrG11sgp,TI,99
MS,hard,cCWrG11sgp,PE,66
MS,hard,cCWrG11sgp,EF,100
MS,hard,cCWrG11sgp,FR,55
MS,medium,cCWrG11sgp,ME,89
MS,medium,cCWrG11sgp,PH,45
MS,medium,cCWrG11sgp,TI,100
MS,medium,cCWrG11sgp,PE,55
MS,medium,cCWrG11sgp,EF,100
MS,medium,cCWrG11sgp,FR,60
ST,easy,cCWrG11sgp,ME,65
ST,easy,cCWrG11sgp,PH,30
ST,easy,cCWrG11sgp,TI,100
ST,easy,cCWrG11sgp,PE,50
ST,easy,cCWrG11sgp,EF,100
ST,easy,cCWrG11sgp,FR,55
MS,easy,cCWrG11sgp,ME,75
MS,easy,cCWrG11sgp,PH,35
MS,easy,cCWrG11sgp,TI,94
MS,easy,cCWrG11sgp,PE,31
MS,easy,cCWrG11sgp,EF,85
MS,easy,cCWrG11sgp,FR,77
ST,medium,cCWrG11sgp,ME,82
ST,medium,cCWrG11sgp,PH,42
ST,medium,cCWrG11sgp,TI,98
ST,medium,cCWrG11sgp,PE,45
ST,medium,cCWrG11sgp,EF,100
ST,medium,cCWrG11sgp,FR,77
MR,hard,cCWrG11sgp,ME,90
MR,hard,cCWrG11sgp,PH,39
MR,hard,cCWrG11sgp,TI,84
MR,hard,cCWrG11sgp,PE,73
MR,hard,cCWrG11sgp,EF,100
MR,hard,cCWrG11sgp,FR,88
MS,easy,gI6hCgCchT,ME,60
MS,easy,gI6hCgCchT,PH,10
MS,easy,gI6hCgCchT,TI,50
MS,easy,gI6hCgCchT,PE,10
MS,easy,gI6hCgCchT,EF,25
MS,easy,gI6hCgCchT,FR,1
MR,medium,gI6hCgCchT,ME,70
MR,medium,gI6hCgCchT,PH,10
MR,medium,gI6hCgCchT,TI,6
MR,medium,gI6hCgCchT,PE,15
MR,medium,gI6hCgCchT,EF,70
MR,medium,gI6hCgCchT,FR,50
MR,easy,gI6hCgCchT,ME,20
MR,easy,gI6hCgCchT,PH,5
MR,easy,gI6hCgCchT,TI,1
MR,easy,gI6hCgCchT,PE,1
MR,easy,gI6hCgCchT,EF,15
MR,easy,gI6hCgCchT,FR,11
ST,medium,gI6hCgCchT,ME,64
ST,medium,gI6hCgCchT,PH,5
ST,medium,gI6hCgCchT,TI,95
ST,medium,gI6hCgCchT,PE,20
ST,medium,gI6hCgCchT,EF,65
ST,medium,gI6hCgCchT,FR,65
MS,medium,gI6hCgCchT,ME,98
MS,medium,gI6hCgCchT,PH,30
MS,medium,gI6hCgCchT,TI,90
MS,medium,gI6hCgCchT,PE,50
MS,medium,gI6hCgCchT,EF,95
MS,medium,gI6hCgCchT,FR,93
ST,easy,gI6hCgCchT,ME,18
ST,easy,gI6hCgCchT,PH,1
ST,easy,gI6hCgCchT,TI,19
ST,easy,gI6hCgCchT,PE,5
ST,easy,gI6hCgCchT,EF,20
ST,easy,gI6hCgCchT,FR,11
MR,hard,gI6hCgCchT,ME,64
MR,hard,gI6hCgCchT,PH,10
MR,hard,gI6hCgCchT,TI,20
MR,hard,gI6hCgCchT,PE,50
MR,hard,gI6hCgCchT,EF,61
MR,hard,gI6hCgCchT,FR,75
MS,hard,gI6hCgCchT,ME,100
MS,hard,gI6hCgCchT,PH,25
MS,hard,gI6hCgCchT,TI,99
MS,hard,gI6hCgCchT,PE,99
MS,hard,gI6hCgCchT,EF,99
MS,hard,gI6hCgCchT,FR,99
ST,hard,gI6hCgCchT,ME,98
ST,hard,gI6hCgCchT,PH,15
ST,hard,gI6hCgCchT,TI,97
ST,hard,gI6hCgCchT,PE,40
ST,hard,gI6hCgCchT,EF,99
ST,hard,gI6hCgCchT,FR,100
MS,easy,kGWL9y5AS9,ME,0
MS,easy,kGWL9y5AS9,PH,2
MS,easy,kGWL9y5AS9,TI,0
MS,easy,kGWL9y5AS9,PE,0
MS,easy,kGWL9y5AS9,EF,5
MS,easy,kGWL9y5AS9,FR,0
MS,hard,kGWL9y5AS9,ME,70
MS,hard,kGWL9y5AS9,PH,80
MS,hard,kGWL9y5AS9,TI,50
MS,hard,kGWL9y5AS9,PE,3
MS,hard,kGWL9y5AS9,EF,99
MS,hard,kGWL9y5AS9,FR,6
ST,hard,kGWL9y5AS9,ME,95
ST,hard,kGWL9y5AS9,PH,0
ST,hard,kGWL9y5AS9,TI,86
ST,hard,kGWL9y5AS9,PE,9
ST,hard,kGWL9y5AS9,EF,95
ST,hard,kGWL9y5AS9,FR,10
MR,medium,kGWL9y5AS9,ME,95
MR,medium,kGWL9y5AS9,PH,6
MR,medium,kGWL9y5AS9,TI,0
MR,medium,kGWL9y5AS9,PE,75
MR,medium,kGWL9y5AS9,EF,15
MR,medium,kGWL9y5AS9,FR,20
ST,medium,kGWL9y5AS9,ME,90
ST,medium,kGWL9y5AS9,PH,15
ST,medium,kGWL9y5AS9,TI,50
ST,medium,kGWL9y5AS9,PE,3
ST,medium,kGWL9y5AS9,EF,20
ST,medium,kGWL9y5AS9,FR,5
MR,hard,kGWL9y5AS9,ME,100
MR,hard,kGWL9y5AS9,PH,9
MR,hard,kGWL9y5AS9,TI,1
MR,hard,kGWL9y5AS9,PE,75
MR,hard,kGWL9y5AS9,EF,100
MR,hard,kGWL9y5AS9,FR,51
MR,easy,kGWL9y5AS9,ME,99
MR,easy,kGWL9y5AS9,PH,49
MR,easy,kGWL9y5AS9,TI,0
MR,easy,kGWL9y5AS9,PE,80
MR,easy,kGWL9y5AS9,EF,99
MR,easy,kGWL9y5AS9,FR,51
ST,easy,kGWL9y5AS9,ME,70
ST,easy,kGWL9y5AS9,PH,49
ST,easy,kGWL9y5AS9,TI,50
ST,easy,kGWL9y5AS9,PE,2
ST,easy,kGWL9y5AS9,EF,90
ST,easy,kGWL9y5AS9,FR,1
MS,medium,kGWL9y5AS9,ME,95
MS,medium,kGWL9y5AS9,PH,95
MS,medium,kGWL9y5AS9,TI,50
MS,medium,kGWL9y5AS9,PE,3
MS,medium,kGWL9y5AS9,EF,95
MS,medium,kGWL9y5AS9,FR,20
MR,hard,ntoLpzjCrW,ME,10
MR,hard,ntoLpzjCrW,PH,10
MR,hard,ntoLpzjCrW,TI,10
MR,hard,ntoLpzjCrW,PE,20
MR,hard,ntoLpzjCrW,EF,11
MR,hard,ntoLpzjCrW,FR,10
MR,easy,ntoLpzjCrW,ME,10
MR,easy,ntoLpzjCrW,PH,5
MR,easy,ntoLpzjCrW,TI,10
MR,easy,ntoLpzjCrW,PE,30
MR,easy,ntoLpzjCrW,EF,5
MR,easy,ntoLpzjCrW,FR,5
MS,medium,ntoLpzjCrW,ME,20
MS,medium,ntoLpzjCrW,PH,20
MS,medium,ntoLpzjCrW,TI,14
MS,medium,ntoLpzjCrW,PE,11
MS,medium,ntoLpzjCrW,EF,16
MS,medium,ntoLpzjCrW,FR,15
MR,medium,ntoLpzjCrW,ME,24
MR,medium,ntoLpzjCrW,PH,25
MR,medium,ntoLpzjCrW,TI,26
MR,medium,ntoLpzjCrW,PE,15
MR,medium,ntoLpzjCrW,EF,20
MR,medium,ntoLpzjCrW,FR,25
MS,easy,ntoLpzjCrW,ME,50
MS,easy,ntoLpzjCrW,PH,50
MS,easy,ntoLpzjCrW,TI,50
MS,easy,ntoLpzjCrW,PE,50
MS,easy,ntoLpzjCrW,EF,50
MS,easy,ntoLpzjCrW,FR,50
MS,hard,ntoLpzjCrW,ME,80
MS,hard,ntoLpzjCrW,PH,80
MS,hard,ntoLpzjCrW,TI,80
MS,hard,ntoLpzjCrW,PE,20
MS,hard,ntoLpzjCrW,EF,80
MS,hard,ntoLpzjCrW,FR,80
ST,hard,ntoLpzjCrW,ME,80
ST,hard,ntoLpzjCrW,PH,80
ST,hard,ntoLpzjCrW,TI,80
ST,hard,ntoLpzjCrW,PE,20
ST,hard,ntoLpzjCrW,EF,80
ST,hard,ntoLpzjCrW,FR,80
ST,easy,ntoLpzjCrW,ME,84
ST,easy,ntoLpzjCrW,PH,85
ST,easy,ntoLpzjCrW,TI,85
ST,easy,ntoLpzjCrW,PE,15
ST,easy,ntoLpzjCrW,EF,85
ST,easy,ntoLpzjCrW,FR,85
ST,medium,ntoLpzjCrW,ME,85
ST,medium,ntoLpzjCrW,PH,85
ST,medium,ntoLpzjCrW,TI,85
ST,medium,ntoLpzjCrW,PE,15
ST,medium,ntoLpzjCrW,EF,85
ST,medium,ntoLpzjCrW,FR,85
ST,hard,12zOSfawTO,ME,80
ST,hard,12zOSfawTO,PH,32
ST,hard,12zOSfawTO,TI,82
ST,hard,12zOSfawTO,PE,68
ST,hard,12zOSfawTO,EF,64
ST,hard,12zOSfawTO,FR,70
ST,medium,12zOSfawTO,ME,77
ST,medium,12zOSfawTO,PH,14
ST,medium,12zOSfawTO,TI,83
ST,medium,12zOSfawTO,PE,64
ST,medium,12zOSfawTO,EF,83
ST,medium,12zOSfawTO,FR,83
MS,easy,12zOSfawTO,ME,82
MS,easy,12zOSfawTO,PH,42
MS,easy,12zOSfawTO,TI,85
MS,easy,12zOSfawTO,PE,60
MS,easy,12zOSfawTO,EF,84
MS,easy,12zOSfawTO,FR,77
MS,medium,12zOSfawTO,ME,91
MS,medium,12zOSfawTO,PH,52
MS,medium,12zOSfawTO,TI,95
MS,medium,12zOSfawTO,PE,74
MS,medium,12zOSfawTO,EF,92
MS,medium,12zOSfawTO,FR,88
MR,hard,12zOSfawTO,ME,90
MR,hard,12zOSfawTO,PH,59
MR,hard,12zOSfawTO,TI,92
MR,hard,12zOSfawTO,PE,73
MR,hard,12zOSfawTO,EF,89
MR,hard,12zOSfawTO,FR,68
MR,medium,12zOSfawTO,ME,86
MR,medium,12zOSfawTO,PH,51
MR,medium,12zOSfawTO,TI,88
MR,medium,12zOSfawTO,PE,71
MR,medium,12zOSfawTO,EF,83
MR,medium,12zOSfawTO,FR,71
ST,easy,12zOSfawTO,ME,90
ST,easy,12zOSfawTO,PH,53
ST,easy,12zOSfawTO,TI,78
ST,easy,12zOSfawTO,PE,50
ST,easy,12zOSfawTO,EF,67
ST,easy,12zOSfawTO,FR,72
MS,hard,12zOSfawTO,ME,82
MS,hard,12zOSfawTO,PH,86
MS,hard,12zOSfawTO,TI,90
MS,hard,12zOSfawTO,PE,48
MS,hard,12zOSfawTO,EF,82
MS,hard,12zOSfawTO,FR,85
MR,easy,12zOSfawTO,ME,88
MR,easy,12zOSfawTO,PH,69
MR,easy,12zOSfawTO,TI,74
MR,easy,12zOSfawTO,PE,74
MR,easy,12zOSfawTO,EF,64
MR,easy,12zOSfawTO,FR,70
MS,easy,DVCsNitb7p,ME,0
MS,easy,DVCsNitb7p,PH,0
MS,easy,DVCsNitb7p,TI,0
MS,easy,DVCsNitb7p,PE,0
MS,easy,DVCsNitb7p,EF,0
MS,easy,DVCsNitb7p,FR,55
MR,medium,DVCsNitb7p,ME,75
MR,medium,DVCsNitb7p,PH,0
MR,medium,DVCsNitb7p,TI,0
MR,medium,DVCsNitb7p,PE,35
MR,medium,DVCsNitb7p,EF,100
MR,medium,DVCsNitb7p,FR,50
MS,hard,DVCsNitb7p,ME,99
MS,hard,DVCsNitb7p,PH,0
MS,hard,DVCsNitb7p,TI,60
MS,hard,DVCsNitb7p,PE,61
MS,hard,DVCsNitb7p,EF,99
MS,hard,DVCsNitb7p,FR,75
ST,easy,DVCsNitb7p,ME,0
ST,easy,DVCsNitb7p,PH,0
ST,easy,DVCsNitb7p,TI,15
ST,easy,DVCsNitb7p,PE,0
ST,easy,DVCsNitb7p,EF,30
ST,easy,DVCsNitb7p,FR,35
MR,hard,DVCsNitb7p,ME,85
MR,hard,DVCsNitb7p,PH,0
MR,hard,DVCsNitb7p,TI,1
MR,hard,DVCsNitb7p,PE,50
MR,hard,DVCsNitb7p,EF,75
MR,hard,DVCsNitb7p,FR,70
MS,medium,DVCsNitb7p,ME,60
MS,medium,DVCsNitb7p,PH,0
MS,medium,DVCsNitb7p,TI,45
MS,medium,DVCsNitb7p,PE,20
MS,medium,DVCsNitb7p,EF,90
MS,medium,DVCsNitb7p,FR,85
MR,easy,DVCsNitb7p,ME,20
MR,easy,DVCsNitb7p,PH,0
MR,easy,DVCsNitb7p,TI,0
MR,easy,DVCsNitb7p,PE,25
MR,easy,DVCsNitb7p,EF,10
MR,easy,DVCsNitb7p,FR,19
ST,hard,DVCsNitb7p,ME,100
ST,hard,DVCsNitb7p,PH,0
ST,hard,DVCsNitb7p,TI,100
ST,hard,DVCsNitb7p,PE,100
ST,hard,DVCsNitb7p,EF,0
ST,hard,DVCsNitb7p,FR,95
ST,medium,DVCsNitb7p,ME,70
ST,medium,DVCsNitb7p,PH,0
ST,medium,DVCsNitb7p,TI,69
ST,medium,DVCsNitb7p,PE,25
ST,medium,DVCsNitb7p,EF,71
ST,medium,DVCsNitb7p,FR,45
MR,hard,sPXXgeOo7t,ME,35
MR,hard,sPXXgeOo7t,PH,45
MR,hard,sPXXgeOo7t,TI,40
MR,hard,sPXXgeOo7t,PE,65
MR,hard,sPXXgeOo7t,EF,50
MR,hard,sPXXgeOo7t,FR,40
ST,hard,sPXXgeOo7t,ME,65
ST,hard,sPXXgeOo7t,PH,70
ST,hard,sPXXgeOo7t,TI,75
ST,hard,sPXXgeOo7t,PE,70
ST,hard,sPXXgeOo7t,EF,80
ST,hard,sPXXgeOo7t,FR,35
ST,medium,sPXXgeOo7t,ME,70
ST,medium,sPXXgeOo7t,PH,60
ST,medium,sPXXgeOo7t,TI,60
ST,medium,sPXXgeOo7t,PE,60
ST,medium,sPXXgeOo7t,EF,80
ST,medium,sPXXgeOo7t,FR,45
MR,medium,sPXXgeOo7t,ME,55
MR,medium,sPXXgeOo7t,PH,45
MR,medium,sPXXgeOo7t,TI,25
MR,medium,sPXXgeOo7t,PE,50
MR,medium,sPXXgeOo7t,EF,49
MR,medium,sPXXgeOo7t,FR,25
MS,medium,sPXXgeOo7t,ME,65
MS,medium,sPXXgeOo7t,PH,55
MS,medium,sPXXgeOo7t,TI,80
MS,medium,sPXXgeOo7t,PE,75
MS,medium,sPXXgeOo7t,EF,80
MS,medium,sPXXgeOo7t,FR,55
MS,hard,sPXXgeOo7t,ME,80
MS,hard,sPXXgeOo7t,PH,80
MS,hard,sPXXgeOo7t,TI,75
MS,hard,sPXXgeOo7t,PE,25
MS,hard,sPXXgeOo7t,EF,75
MS,hard,sPXXgeOo7t,FR,75
ST,easy,sPXXgeOo7t,ME,40
ST,easy,sPXXgeOo7t,PH,35
ST,easy,sPXXgeOo7t,TI,31
ST,easy,sPXXgeOo7t,PE,25
ST,easy,sPXXgeOo7t,EF,54
ST,easy,sPXXgeOo7t,FR,20
MR,easy,sPXXgeOo7t,ME,34
MR,easy,sPXXgeOo7t,PH,44
MR,easy,sPXXgeOo7t,TI,44
MR,easy,sPXXgeOo7t,PE,65
MR,easy,sPXXgeOo7t,EF,35
MR,easy,sPXXgeOo7t,FR,15
MS,easy,sPXXgeOo7t,ME,26
MS,easy,sPXXgeOo7t,PH,25
MS,easy,sPXXgeOo7t,TI,25
MS,easy,sPXXgeOo7t,PE,25
MS,easy,sPXXgeOo7t,EF,30
MS,easy,sPXXgeOo7t,FR,25
MR,medium,ujNKR4re1M,ME,65
MR,medium,ujNKR4re1M,PH,30
MR,medium,ujNKR4re1M,TI,30
MR,medium,ujNKR4re1M,PE,25
MR,medium,ujNKR4re1M,EF,75
MR,medium,ujNKR4re1M,FR,30
MR,easy,ujNKR4re1M,ME,60
MR,easy,ujNKR4re1M,PH,30
MR,easy,ujNKR4re1M,TI,30
MR,easy,ujNKR4re1M,PE,35
MR,easy,ujNKR4re1M,EF,70
MR,easy,ujNKR4re1M,FR,20
ST,hard,ujNKR4re1M,ME,100
ST,hard,ujNKR4re1M,PH,24
ST,hard,ujNKR4re1M,TI,40
ST,hard,ujNKR4re1M,PE,45
ST,hard,ujNKR4re1M,EF,99
ST,hard,ujNKR4re1M,FR,100
MS,medium,ujNKR4re1M,ME,100
MS,medium,ujNKR4re1M,PH,70
MS,medium,ujNKR4re1M,TI,70
MS,medium,ujNKR4re1M,PE,25
MS,medium,ujNKR4re1M,EF,100
MS,medium,ujNKR4re1M,FR,100
MS,easy,ujNKR4re1M,ME,70
MS,easy,ujNKR4re1M,PH,55
MS,easy,ujNKR4re1M,TI,50
MS,easy,ujNKR4re1M,PE,0
MS,easy,ujNKR4re1M,EF,60
MS,easy,ujNKR4re1M,FR,10
ST,easy,ujNKR4re1M,ME,65
ST,easy,ujNKR4re1M,PH,35
ST,easy,ujNKR4re1M,TI,35
ST,easy,ujNKR4re1M,PE,0
ST,easy,ujNKR4re1M,EF,60
ST,easy,ujNKR4re1M,FR,20
ST,medium,ujNKR4re1M,ME,80
ST,medium,ujNKR4re1M,PH,39
ST,medium,ujNKR4re1M,TI,80
ST,medium,ujNKR4re1M,PE,25
ST,medium,ujNKR4re1M,EF,75
ST,medium,ujNKR4re1M,FR,70
MS,hard,ujNKR4re1M,ME,100
MS,hard,ujNKR4re1M,PH,85
MS,hard,ujNKR4re1M,TI,100
MS,hard,ujNKR4re1M,PE,20
MS,hard,ujNKR4re1M,EF,100
MS,hard,ujNKR4re1M,FR,100
MR,hard,ujNKR4re1M,ME,75
MR,hard,ujNKR4re1M,PH,40
MR,hard,ujNKR4re1M,TI,35
MR,hard,ujNKR4re1M,PE,30
MR,hard,ujNKR4re1M,EF,70
MR,hard,ujNKR4re1M,FR,50
MR,medium,8EBFmIUfAy,ME,25
MR,medium,8EBFmIUfAy,PH,10
MR,medium,8EBFmIUfAy,TI,9
MR,medium,8EBFmIUfAy,PE,15
MR,medium,8EBFmIUfAy,EF,5
MR,medium,8EBFmIUfAy,FR,10
MS,medium,8EBFmIUfAy,ME,50
MS,medium,8EBFmIUfAy,PH,15
MS,medium,8EBFmIUfAy,TI,50
MS,medium,8EBFmIUfAy,PE,50
MS,medium,8EBFmIUfAy,EF,59
MS,medium,8EBFmIUfAy,FR,50
ST,hard,8EBFmIUfAy,ME,45
ST,hard,8EBFmIUfAy,PH,9
ST,hard,8EBFmIUfAy,TI,30
ST,hard,8EBFmIUfAy,PE,31
ST,hard,8EBFmIUfAy,EF,50
ST,hard,8EBFmIUfAy,FR,45
ST,medium,8EBFmIUfAy,ME,45
ST,medium,8EBFmIUfAy,PH,10
ST,medium,8EBFmIUfAy,TI,50
ST,medium,8EBFmIUfAy,PE,20
ST,medium,8EBFmIUfAy,EF,60
ST,medium,8EBFmIUfAy,FR,60
MS,hard,8EBFmIUfAy,ME,70
MS,hard,8EBFmIUfAy,PH,14
MS,hard,8EBFmIUfAy,TI,75
MS,hard,8EBFmIUfAy,PE,40
MS,hard,8EBFmIUfAy,EF,65
MS,hard,8EBFmIUfAy,FR,70
MR,hard,8EBFmIUfAy,ME,35
MR,hard,8EBFmIUfAy,PH,10
MR,hard,8EBFmIUfAy,TI,60
MR,hard,8EBFmIUfAy,PE,36
MR,hard,8EBFmIUfAy,EF,51
MR,hard,8EBFmIUfAy,FR,65
MS,easy,8EBFmIUfAy,ME,15
MS,easy,8EBFmIUfAy,PH,10
MS,easy,8EBFmIUfAy,TI,60
MS,easy,8EBFmIUfAy,PE,15
MS,easy,8EBFmIUfAy,EF,36
MS,easy,8EBFmIUfAy,FR,65
MR,easy,8EBFmIUfAy,ME,35
MR,easy,8EBFmIUfAy,PH,10
MR,easy,8EBFmIUfAy,TI,74
MR,easy,8EBFmIUfAy,PE,39
MR,easy,8EBFmIUfAy,EF,35
MR,easy,8EBFmIUfAy,FR,80
ST,easy,8EBFmIUfAy,ME,45
ST,easy,8EBFmIUfAy,PH,9
ST,easy,8EBFmIUfAy,TI,70
ST,easy,8EBFmIUfAy,PE,20
ST,easy,8EBFmIUfAy,EF,49
ST,easy,8EBFmIUfAy,FR,70
MS,easy,aqEAPJJI8e,ME,59
MS,easy,aqEAPJJI8e,PH,57
MS,easy,aqEAPJJI8e,TI,48
MS,easy,aqEAPJJI8e,PE,48
MS,easy,aqEAPJJI8e,EF,56
MS,easy,aqEAPJJI8e,FR,49
ST,hard,aqEAPJJI8e,ME,60
ST,hard,aqEAPJJI8e,PH,54
ST,hard,aqEAPJJI8e,TI,46
ST,hard,aqEAPJJI8e,PE,46
ST,hard,aqEAPJJI8e,EF,50
ST,hard,aqEAPJJI8e,FR,62
ST,easy,aqEAPJJI8e,ME,62
ST,easy,aqEAPJJI8e,PH,38
ST,easy,aqEAPJJI8e,TI,49
ST,easy,aqEAPJJI8e,PE,34
ST,easy,aqEAPJJI8e,EF,53
ST,easy,aqEAPJJI8e,FR,66
ST,medium,aqEAPJJI8e,ME,60
ST,medium,aqEAPJJI8e,PH,47
ST,medium,aqEAPJJI8e,TI,56
ST,medium,aqEAPJJI8e,PE,50
ST,medium,aqEAPJJI8e,EF,64
ST,medium,aqEAPJJI8e,FR,44
MS,medium,aqEAPJJI8e,ME,54
MS,medium,aqEAPJJI8e,PH,46
MS,medium,aqEAPJJI8e,TI,65
MS,medium,aqEAPJJI8e,PE,49
MS,medium,aqEAPJJI8e,EF,66
MS,medium,aqEAPJJI8e,FR,64
MR,easy,aqEAPJJI8e,ME,54
MR,easy,aqEAPJJI8e,PH,69
MR,easy,aqEAPJJI8e,TI,47
MR,easy,aqEAPJJI8e,PE,45
MR,easy,aqEAPJJI8e,EF,68
MR,easy,aqEAPJJI8e,FR,55
MR,hard,aqEAPJJI8e,ME,55
MR,hard,aqEAPJJI8e,PH,49
MR,hard,aqEAPJJI8e,TI,68
MR,hard,aqEAPJJI8e,PE,41
MR,hard,aqEAPJJI8e,EF,67
MR,hard,aqEAPJJI8e,FR,58
MR,medium,aqEAPJJI8e,ME,64
MR,medium,aqEAPJJI8e,PH,53
MR,medium,aqEAPJJI8e,TI,65
MR,medium,aqEAPJJI8e,PE,42
MR,medium,aqEAPJJI8e,EF,49
MR,medium,aqEAPJJI8e,FR,61
MS,hard,aqEAPJJI8e,ME,51
MS,hard,aqEAPJJI8e,PH,64
MS,hard,aqEAPJJI8e,TI,62
MS,hard,aqEAPJJI8e,PE,41
MS,hard,aqEAPJJI8e,EF,65
MS,hard,aqEAPJJI8e,FR,73
ST,hard,rh40WUcVcA,ME,97
ST,hard,rh40WUcVcA,PH,55
ST,hard,rh40WUcVcA,TI,99
ST,hard,rh40WUcVcA,PE,70
ST,hard,rh40WUcVcA,EF,91
ST,hard,rh40WUcVcA,FR,80
MS,easy,rh40WUcVcA,ME,70
MS,easy,rh40WUcVcA,PH,65
MS,easy,rh40WUcVcA,TI,5
MS,easy,rh40WUcVcA,PE,10
MS,easy,rh40WUcVcA,EF,55
MS,easy,rh40WUcVcA,FR,40
MR,hard,rh40WUcVcA,ME,55
MR,hard,rh40WUcVcA,PH,40
MR,hard,rh40WUcVcA,TI,39
MR,hard,rh40WUcVcA,PE,70
MR,hard,rh40WUcVcA,EF,30
MR,hard,rh40WUcVcA,FR,4
ST,easy,rh40WUcVcA,ME,60
ST,easy,rh40WUcVcA,PH,50
ST,easy,rh40WUcVcA,TI,66
ST,easy,rh40WUcVcA,PE,13
ST,easy,rh40WUcVcA,EF,65
ST,easy,rh40WUcVcA,FR,37
MR,easy,rh40WUcVcA,ME,50
MR,easy,rh40WUcVcA,PH,50
MR,easy,rh40WUcVcA,TI,50
MR,easy,rh40WUcVcA,PE,69
MR,easy,rh40WUcVcA,EF,37
MR,easy,rh40WUcVcA,FR,32
ST,medium,rh40WUcVcA,ME,82
ST,medium,rh40WUcVcA,PH,76
ST,medium,rh40WUcVcA,TI,89
ST,medium,rh40WUcVcA,PE,90
ST,medium,rh40WUcVcA,EF,90
ST,medium,rh40WUcVcA,FR,50
MS,medium,rh40WUcVcA,ME,99
MS,medium,rh40WUcVcA,PH,100
MS,medium,rh40WUcVcA,TI,100
MS,medium,rh40WUcVcA,PE,40
MS,medium,rh40WUcVcA,EF,94
MS,medium,rh40WUcVcA,FR,81
MS,hard,rh40WUcVcA,ME,100
MS,hard,rh40WUcVcA,PH,100
MS,hard,rh40WUcVcA,TI,100
MS,hard,rh40WUcVcA,PE,30
MS,hard,rh40WUcVcA,EF,100
MS,hard,rh40WUcVcA,FR,100
MR,medium,rh40WUcVcA,ME,48
MR,medium,rh40WUcVcA,PH,43
MR,medium,rh40WUcVcA,TI,0
MR,medium,rh40WUcVcA,PE,50
MR,medium,rh40WUcVcA,EF,36
MR,medium,rh40WUcVcA,FR,25
MS,easy,ky7vtw0gdz,ME,50
MS,easy,ky7vtw0gdz,PH,32
MS,easy,ky7vtw0gdz,TI,65
MS,easy,ky7vtw0gdz,PE,7
MS,easy,ky7vtw0gdz,EF,65
MS,easy,ky7vtw0gdz,FR,46
MR,hard,ky7vtw0gdz,ME,73
MR,hard,ky7vtw0gdz,PH,8
MR,hard,ky7vtw0gdz,TI,28
MR,hard,ky7vtw0gdz,PE,25
MR,hard,ky7vtw0gdz,EF,71
MR,hard,ky7vtw0gdz,FR,50
ST,medium,ky7vtw0gdz,ME,98
ST,medium,ky7vtw0gdz,PH,13
ST,medium,ky7vtw0gdz,TI,100
ST,medium,ky7vtw0gdz,PE,50
ST,medium,ky7vtw0gdz,EF,83
ST,medium,ky7vtw0gdz,FR,64
ST,easy,ky7vtw0gdz,ME,77
ST,easy,ky7vtw0gdz,PH,17
ST,easy,ky7vtw0gdz,TI,66
ST,easy,ky7vtw0gdz,PE,21
ST,easy,ky7vtw0gdz,EF,64
ST,easy,ky7vtw0gdz,FR,19
ST,hard,ky7vtw0gdz,ME,100
ST,hard,ky7vtw0gdz,PH,75
ST,hard,ky7vtw0gdz,TI,100
ST,hard,ky7vtw0gdz,PE,68
ST,hard,ky7vtw0gdz,EF,100
ST,hard,ky7vtw0gdz,FR,100
MR,medium,ky7vtw0gdz,ME,79
MR,medium,ky7vtw0gdz,PH,13
MR,medium,ky7vtw0gdz,TI,7
MR,medium,ky7vtw0gdz,PE,66
MR,medium,ky7vtw0gdz,EF,88
MR,medium,ky7vtw0gdz,FR,68
MS,hard,ky7vtw0gdz,ME,99
MS,hard,ky7vtw0gdz,PH,98
MS,hard,ky7vtw0gdz,TI,99
MS,hard,ky7vtw0gdz,PE,83
MS,hard,ky7vtw0gdz,EF,100
MS,hard,ky7vtw0gdz,FR,100
MR,easy,ky7vtw0gdz,ME,99
MR,easy,ky7vtw0gdz,PH,99
MR,easy,ky7vtw0gdz,TI,100
MR,easy,ky7vtw0gdz,PE,0
MR,easy,ky7vtw0gdz,EF,96
MR,easy,ky7vtw0gdz,FR,58
MS,medium,ky7vtw0gdz,ME,81
MS,medium,ky7vtw0gdz,PH,30
MS,medium,ky7vtw0gdz,TI,79
MS,medium,ky7vtw0gdz,PE,46
MS,medium,ky7vtw0gdz,EF,76
MS,medium,ky7vtw0gdz,FR,63
MR,medium,zvDM8Go5Bd,ME,80
MR,medium,zvDM8Go5Bd,PH,1
MR,medium,zvDM8Go5Bd,TI,0
MR,medium,zvDM8Go5Bd,PE,50
MR,medium,zvDM8Go5Bd,EF,65
MR,medium,zvDM8Go5Bd,FR,70
MS,medium,zvDM8Go5Bd,ME,80
MS,medium,zvDM8Go5Bd,PH,10
MS,medium,zvDM8Go5Bd,TI,50
MS,medium,zvDM8Go5Bd,PE,30
MS,medium,zvDM8Go5Bd,EF,70
MS,medium,zvDM8Go5Bd,FR,60
ST,easy,zvDM8Go5Bd,ME,0
ST,easy,zvDM8Go5Bd,PH,0
ST,easy,zvDM8Go5Bd,TI,71
ST,easy,zvDM8Go5Bd,PE,1
ST,easy,zvDM8Go5Bd,EF,60
ST,easy,zvDM8Go5Bd,FR,0
MS,easy,zvDM8Go5Bd,ME,30
MS,easy,zvDM8Go5Bd,PH,25
MS,easy,zvDM8Go5Bd,TI,65
MS,easy,zvDM8Go5Bd,PE,0
MS,easy,zvDM8Go5Bd,EF,60
MS,easy,zvDM8Go5Bd,FR,1
ST,hard,zvDM8Go5Bd,ME,80
ST,hard,zvDM8Go5Bd,PH,0
ST,hard,zvDM8Go5Bd,TI,100
ST,hard,zvDM8Go5Bd,PE,80
ST,hard,zvDM8Go5Bd,EF,81
ST,hard,zvDM8Go5Bd,FR,99
MS,hard,zvDM8Go5Bd,ME,100
MS,hard,zvDM8Go5Bd,PH,65
MS,hard,zvDM8Go5Bd,TI,99
MS,hard,zvDM8Go5Bd,PE,95
MS,hard,zvDM8Go5Bd,EF,99
MS,hard,zvDM8Go5Bd,FR,100
ST,medium,zvDM8Go5Bd,ME,80
ST,medium,zvDM8Go5Bd,PH,19
ST,medium,zvDM8Go5Bd,TI,100
ST,medium,zvDM8Go5Bd,PE,50
ST,medium,zvDM8Go5Bd,EF,85
ST,medium,zvDM8Go5Bd,FR,85
MR,easy,zvDM8Go5Bd,ME,75
MR,easy,zvDM8Go5Bd,PH,2
MR,easy,zvDM8Go5Bd,TI,2
MR,easy,zvDM8Go5Bd,PE,51
MR,easy,zvDM8Go5Bd,EF,64
MR,easy,zvDM8Go5Bd,FR,21
MR,hard,zvDM8Go5Bd,ME,60
MR,hard,zvDM8Go5Bd,PH,3
MR,hard,zvDM8Go5Bd,TI,2
MR,hard,zvDM8Go5Bd,PE,50
MR,hard,zvDM8Go5Bd,EF,45
MR,hard,zvDM8Go5Bd,FR,24
ST,hard,7SltMY2Jba,ME,80
ST,hard,7SltMY2Jba,PH,19
ST,hard,7SltMY2Jba,TI,42
ST,hard,7SltMY2Jba,PE,79
ST,hard,7SltMY2Jba,EF,50
ST,hard,7SltMY2Jba,FR,85
MS,medium,7SltMY2Jba,ME,87
MS,medium,7SltMY2Jba,PH,42
MS,medium,7SltMY2Jba,TI,45
MS,medium,7SltMY2Jba,PE,21
MS,medium,7SltMY2Jba,EF,69
MS,medium,7SltMY2Jba,FR,73
MS,easy,7SltMY2Jba,ME,19
MS,easy,7SltMY2Jba,PH,22
MS,easy,7SltMY2Jba,TI,23
MS,easy,7SltMY2Jba,PE,5
MS,easy,7SltMY2Jba,EF,20
MS,easy,7SltMY2Jba,FR,27
ST,medium,7SltMY2Jba,ME,75
ST,medium,7SltMY2Jba,PH,46
ST,medium,7SltMY2Jba,TI,54
ST,medium,7SltMY2Jba,PE,33
ST,medium,7SltMY2Jba,EF,62
ST,medium,7SltMY2Jba,FR,62
MR,medium,7SltMY2Jba,ME,57
MR,medium,7SltMY2Jba,PH,35
MR,medium,7SltMY2Jba,TI,39
MR,medium,7SltMY2Jba,PE,21
MR,medium,7SltMY2Jba,EF,66
MR,medium,7SltMY2Jba,FR,24
MR,easy,7SltMY2Jba,ME,31
MR,easy,7SltMY2Jba,PH,33
MR,easy,7SltMY2Jba,TI,33
MR,easy,7SltMY2Jba,PE,31
MR,easy,7SltMY2Jba,EF,60
MR,easy,7SltMY2Jba,FR,46
ST,easy,7SltMY2Jba,ME,56
ST,easy,7SltMY2Jba,PH,32
ST,easy,7SltMY2Jba,TI,34
ST,easy,7SltMY2Jba,PE,9
ST,easy,7SltMY2Jba,EF,48
ST,easy,7SltMY2Jba,FR,32
MR,hard,7SltMY2Jba,ME,82
MR,hard,7SltMY2Jba,PH,39
MR,hard,7SltMY2Jba,TI,39
MR,hard,7SltMY2Jba,PE,37
MR,hard,7SltMY2Jba,EF,66
MR,hard,7SltMY2Jba,FR,51
MS,hard,7SltMY2Jba,ME,83
MS,hard,7SltMY2Jba,PH,44
MS,hard,7SltMY2Jba,TI,41
MS,hard,7SltMY2Jba,PE,55
MS,hard,7SltMY2Jba,EF,74
MS,hard,7SltMY2Jba,FR,66
ST,hard,PbOEQpRS9f,ME,56
ST,hard,PbOEQpRS9f,PH,0
ST,hard,PbOEQpRS9f,TI,100
ST,hard,PbOEQpRS9f,PE,61
ST,hard,PbOEQpRS9f,EF,31
ST,hard,PbOEQpRS9f,FR,63
MS,medium,PbOEQpRS9f,ME,25
MS,medium,PbOEQpRS9f,PH,0
MS,medium,PbOEQpRS9f,TI,0
MS,medium,PbOEQpRS9f,PE,0
MS,medium,PbOEQpRS9f,EF,15
MS,medium,PbOEQpRS9f,FR,10
MS,hard,PbOEQpRS9f,ME,60
MS,hard,PbOEQpRS9f,PH,5
MS,hard,PbOEQpRS9f,TI,100
MS,hard,PbOEQpRS9f,PE,66
MS,hard,PbOEQpRS9f,EF,71
MS,hard,PbOEQpRS9f,FR,100
MR,easy,PbOEQpRS9f,ME,33
MR,easy,PbOEQpRS9f,PH,0
MR,easy,PbOEQpRS9f,TI,0
MR,easy,PbOEQpRS9f,PE,1
MR,easy,PbOEQpRS9f,EF,10
MR,easy,PbOEQpRS9f,FR,18
MR,hard,PbOEQpRS9f,ME,5
MR,hard,PbOEQpRS9f,PH,3
MR,hard,PbOEQpRS9f,TI,3
MR,hard,PbOEQpRS9f,PE,29
MR,hard,PbOEQpRS9f,EF,3
MR,hard,PbOEQpRS9f,FR,8
MR,medium,PbOEQpRS9f,ME,2
MR,medium,PbOEQpRS9f,PH,0
MR,medium,PbOEQpRS9f,TI,0
MR,medium,PbOEQpRS9f,PE,30
MR,medium,PbOEQpRS9f,EF,0
MR,medium,PbOEQpRS9f,FR,0
MS,easy,PbOEQpRS9f,ME,0
MS,easy,PbOEQpRS9f,PH,0
MS,easy,PbOEQpRS9f,TI,0
MS,easy,PbOEQpRS9f,PE,4
MS,easy,PbOEQpRS9f,EF,5
MS,easy,PbOEQpRS9f,FR,8
ST,easy,PbOEQpRS9f,ME,0
ST,easy,PbOEQpRS9f,PH,0
ST,easy,PbOEQpRS9f,TI,0
ST,easy,PbOEQpRS9f,PE,0
ST,easy,PbOEQpRS9f,EF,0
ST,easy,PbOEQpRS9f,FR,0
ST,medium,PbOEQpRS9f,ME,14
ST,medium,PbOEQpRS9f,PH,9
ST,medium,PbOEQpRS9f,TI,80
ST,medium,PbOEQpRS9f,PE,49
ST,medium,PbOEQpRS9f,EF,65
ST,medium,PbOEQpRS9f,FR,100
ST,medium,yTPpr0532t,ME,70
ST,medium,yTPpr0532t,PH,50
ST,medium,yTPpr0532t,TI,66
ST,medium,yTPpr0532t,PE,41
ST,medium,yTPpr0532t,EF,55
ST,medium,yTPpr0532t,FR,50
MR,medium,yTPpr0532t,ME,65
MR,medium,yTPpr0532t,PH,50
MR,medium,yTPpr0532t,TI,30
MR,medium,yTPpr0532t,PE,51
MR,medium,yTPpr0532t,EF,55
MR,medium,yTPpr0532t,FR,50
ST,hard,yTPpr0532t,ME,79
ST,hard,yTPpr0532t,PH,55
ST,hard,yTPpr0532t,TI,80
ST,hard,yTPpr0532t,PE,50
ST,hard,yTPpr0532t,EF,75
ST,hard,yTPpr0532t,FR,55
MS,medium,yTPpr0532t,ME,87
MS,medium,yTPpr0532t,PH,60
MS,medium,yTPpr0532t,TI,75
MS,medium,yTPpr0532t,PE,40
MS,medium,yTPpr0532t,EF,70
MS,medium,yTPpr0532t,FR,51
MR,easy,yTPpr0532t,ME,61
MR,easy,yTPpr0532t,PH,52
MR,easy,yTPpr0532t,TI,26
MR,easy,yTPpr0532t,PE,30
MR,easy,yTPpr0532t,EF,60
MR,easy,yTPpr0532t,FR,50
MS,hard,yTPpr0532t,ME,95
MS,hard,yTPpr0532t,PH,76
MS,hard,yTPpr0532t,TI,93
MS,hard,yTPpr0532t,PE,50
MS,hard,yTPpr0532t,EF,90
MS,hard,yTPpr0532t,FR,56
MR,hard,yTPpr0532t,ME,71
MR,hard,yTPpr0532t,PH,70
MR,hard,yTPpr0532t,TI,31
MR,hard,yTPpr0532t,PE,37
MR,hard,yTPpr0532t,EF,67
MR,hard,yTPpr0532t,FR,51
MS,easy,yTPpr0532t,ME,76
MS,easy,yTPpr0532t,PH,70
MS,easy,yTPpr0532t,TI,71
MS,easy,yTPpr0532t,PE,30
MS,easy,yTPpr0532t,EF,65
MS,easy,yTPpr0532t,FR,59
ST,easy,yTPpr0532t,ME,70
ST,easy,yTPpr0532t,PH,66
ST,easy,yTPpr0532t,TI,64
ST,easy,yTPpr0532t,PE,37
ST,easy,yTPpr0532t,EF,68
ST,easy,yTPpr0532t,FR,55
MS,easy,YlvUbMLU90,ME,35
MS,easy,YlvUbMLU90,PH,15
MS,easy,YlvUbMLU90,TI,84
MS,easy,YlvUbMLU90,PE,10
MS,easy,YlvUbMLU90,EF,75
MS,easy,YlvUbMLU90,FR,60
ST,hard,YlvUbMLU90,ME,95
ST,hard,YlvUbMLU90,PH,50
ST,hard,YlvUbMLU90,TI,99
ST,hard,YlvUbMLU90,PE,85
ST,hard,YlvUbMLU90,EF,95
ST,hard,YlvUbMLU90,FR,95
MS,hard,YlvUbMLU90,ME,100
MS,hard,YlvUbMLU90,PH,65
MS,hard,YlvUbMLU90,TI,99
MS,hard,YlvUbMLU90,PE,70
MS,hard,YlvUbMLU90,EF,100
MS,hard,YlvUbMLU90,FR,100
MR,easy,YlvUbMLU90,ME,55
MR,easy,YlvUbMLU90,PH,30
MR,easy,YlvUbMLU90,TI,4
MR,easy,YlvUbMLU90,PE,30
MR,easy,YlvUbMLU90,EF,20
MR,easy,YlvUbMLU90,FR,15
MS,medium,YlvUbMLU90,ME,90
MS,medium,YlvUbMLU90,PH,60
MS,medium,YlvUbMLU90,TI,100
MS,medium,YlvUbMLU90,PE,30
MS,medium,YlvUbMLU90,EF,95
MS,medium,YlvUbMLU90,FR,95
MR,hard,YlvUbMLU90,ME,20
MR,hard,YlvUbMLU90,PH,10
MR,hard,YlvUbMLU90,TI,5
MR,hard,YlvUbMLU90,PE,60
MR,hard,YlvUbMLU90,EF,70
MR,hard,YlvUbMLU90,FR,10
MR,medium,YlvUbMLU90,ME,20
MR,medium,YlvUbMLU90,PH,20
MR,medium,YlvUbMLU90,TI,15
MR,medium,YlvUbMLU90,PE,60
MR,medium,YlvUbMLU90,EF,55
MR,medium,YlvUbMLU90,FR,10
ST,easy,YlvUbMLU90,ME,35
ST,easy,YlvUbMLU90,PH,15
ST,easy,YlvUbMLU90,TI,60
ST,easy,YlvUbMLU90,PE,30
ST,easy,YlvUbMLU90,EF,70
ST,easy,YlvUbMLU90,FR,64
ST,medium,YlvUbMLU90,ME,90
ST,medium,YlvUbMLU90,PH,60
ST,medium,YlvUbMLU90,TI,99
ST,medium,YlvUbMLU90,PE,75
ST,medium,YlvUbMLU90,EF,99
ST,medium,YlvUbMLU90,FR,100
MR,hard,WQyxRdU13t,ME,65
MR,hard,WQyxRdU13t,PH,0
MR,hard,WQyxRdU13t,TI,10
MR,hard,WQyxRdU13t,PE,30
MR,hard,WQyxRdU13t,EF,60
MR,hard,WQyxRdU13t,FR,57
ST,easy,WQyxRdU13t,ME,35
ST,easy,WQyxRdU13t,PH,0
ST,easy,WQyxRdU13t,TI,30
ST,easy,WQyxRdU13t,PE,8
ST,easy,WQyxRdU13t,EF,25
ST,easy,WQyxRdU13t,FR,50
MS,hard,WQyxRdU13t,ME,70
MS,hard,WQyxRdU13t,PH,0
MS,hard,WQyxRdU13t,TI,90
MS,hard,WQyxRdU13t,PE,85
MS,hard,WQyxRdU13t,EF,75
MS,hard,WQyxRdU13t,FR,55
MS,medium,WQyxRdU13t,ME,67
MS,medium,WQyxRdU13t,PH,0
MS,medium,WQyxRdU13t,TI,87
MS,medium,WQyxRdU13t,PE,82
MS,medium,WQyxRdU13t,EF,67
MS,medium,WQyxRdU13t,FR,62
MR,easy,WQyxRdU13t,ME,18
MR,easy,WQyxRdU13t,PH,0
MR,easy,WQyxRdU13t,TI,3
MR,easy,WQyxRdU13t,PE,20
MR,easy,WQyxRdU13t,EF,10
MR,easy,WQyxRdU13t,FR,25
ST,hard,WQyxRdU13t,ME,30
ST,hard,WQyxRdU13t,PH,0
ST,hard,WQyxRdU13t,TI,100
ST,hard,WQyxRdU13t,PE,92
ST,hard,WQyxRdU13t,EF,35
ST,hard,WQyxRdU13t,FR,70
MS,easy,WQyxRdU13t,ME,55
MS,easy,WQyxRdU13t,PH,0
MS,easy,WQyxRdU13t,TI,40
MS,easy,WQyxRdU13t,PE,10
MS,easy,WQyxRdU13t,EF,60
MS,easy,WQyxRdU13t,FR,45
ST,medium,WQyxRdU13t,ME,57
ST,medium,WQyxRdU13t,PH,0
ST,medium,WQyxRdU13t,TI,95
ST,medium,WQyxRdU13t,PE,78
ST,medium,WQyxRdU13t,EF,68
ST,medium,WQyxRdU13t,FR,60
MR,medium,WQyxRdU13t,ME,60
MR,medium,WQyxRdU13t,PH,0
MR,medium,WQyxRdU13t,TI,0
MR,medium,WQyxRdU13t,PE,25
MR,medium,WQyxRdU13t,EF,40
MR,medium,WQyxRdU13t,FR,40
MS,medium,u8oFh0ZHHs,ME,31
MS,medium,u8oFh0ZHHs,PH,25
MS,medium,u8oFh0ZHHs,TI,35
MS,medium,u8oFh0ZHHs,PE,0
MS,medium,u8oFh0ZHHs,EF,16
MS,medium,u8oFh0ZHHs,FR,11
MR,medium,u8oFh0ZHHs,ME,6
MR,medium,u8oFh0ZHHs,PH,5
MR,medium,u8oFh0ZHHs,TI,5
MR,medium,u8oFh0ZHHs,PE,35
MR,medium,u8oFh0ZHHs,EF,2
MR,medium,u8oFh0ZHHs,FR,0
MS,hard,u8oFh0ZHHs,ME,58
MS,hard,u8oFh0ZHHs,PH,30
MS,hard,u8oFh0ZHHs,TI,41
MS,hard,u8oFh0ZHHs,PE,28
MS,hard,u8oFh0ZHHs,EF,57
MS,hard,u8oFh0ZHHs,FR,13
MS,easy,u8oFh0ZHHs,ME,4
MS,easy,u8oFh0ZHHs,PH,6
MS,easy,u8oFh0ZHHs,TI,23
MS,easy,u8oFh0ZHHs,PE,33
MS,easy,u8oFh0ZHHs,EF,8
MS,easy,u8oFh0ZHHs,FR,14
ST,hard,u8oFh0ZHHs,ME,59
ST,hard,u8oFh0ZHHs,PH,0
ST,hard,u8oFh0ZHHs,TI,77
ST,hard,u8oFh0ZHHs,PE,35
ST,hard,u8oFh0ZHHs,EF,68
ST,hard,u8oFh0ZHHs,FR,5
ST,medium,u8oFh0ZHHs,ME,33
ST,medium,u8oFh0ZHHs,PH,0
ST,medium,u8oFh0ZHHs,TI,21
ST,medium,u8oFh0ZHHs,PE,35
ST,medium,u8oFh0ZHHs,EF,39
ST,medium,u8oFh0ZHHs,FR,5
MR,easy,u8oFh0ZHHs,ME,21
MR,easy,u8oFh0ZHHs,PH,0
MR,easy,u8oFh0ZHHs,TI,0
MR,easy,u8oFh0ZHHs,PE,37
MR,easy,u8oFh0ZHHs,EF,0
MR,easy,u8oFh0ZHHs,FR,0
ST,easy,u8oFh0ZHHs,ME,7
ST,easy,u8oFh0ZHHs,PH,0
ST,easy,u8oFh0ZHHs,TI,8
ST,easy,u8oFh0ZHHs,PE,25
ST,easy,u8oFh0ZHHs,EF,7
ST,easy,u8oFh0ZHHs,FR,3
MR,hard,u8oFh0ZHHs,ME,3
MR,hard,u8oFh0ZHHs,PH,0
MR,hard,u8oFh0ZHHs,TI,0
MR,hard,u8oFh0ZHHs,PE,23
MR,hard,u8oFh0ZHHs,EF,0
MR,hard,u8oFh0ZHHs,FR,0
MS,easy,lO4tI9SjJX,ME,50
MS,easy,lO4tI9SjJX,PH,30
MS,easy,lO4tI9SjJX,TI,30
MS,easy,lO4tI9SjJX,PE,0
MS,easy,lO4tI9SjJX,EF,60
MS,easy,lO4tI9SjJX,FR,54
ST,medium,lO4tI9SjJX,ME,71
ST,medium,lO4tI9SjJX,PH,45
ST,medium,lO4tI9SjJX,TI,95
ST,medium,lO4tI9SjJX,PE,20
ST,medium,lO4tI9SjJX,EF,100
ST,medium,lO4tI9SjJX,FR,60
MR,medium,lO4tI9SjJX,ME,95
MR,medium,lO4tI9SjJX,PH,20
MR,medium,lO4tI9SjJX,TI,15
MR,medium,lO4tI9SjJX,PE,30
MR,medium,lO4tI9SjJX,EF,95
MR,medium,lO4tI9SjJX,FR,45
ST,hard,lO4tI9SjJX,ME,65
ST,hard,lO4tI9SjJX,PH,33
ST,hard,lO4tI9SjJX,TI,100
ST,hard,lO4tI9SjJX,PE,45
ST,hard,lO4tI9SjJX,EF,97
ST,hard,lO4tI9SjJX,FR,70
MR,hard,lO4tI9SjJX,ME,97
MR,hard,lO4tI9SjJX,PH,15
MR,hard,lO4tI9SjJX,TI,5
MR,hard,lO4tI9SjJX,PE,40
MR,hard,lO4tI9SjJX,EF,95
MR,hard,lO4tI9SjJX,FR,40
MR,easy,lO4tI9SjJX,ME,76
MR,easy,lO4tI9SjJX,PH,10
MR,easy,lO4tI9SjJX,TI,5
MR,easy,lO4tI9SjJX,PE,6
MR,easy,lO4tI9SjJX,EF,75
MR,easy,lO4tI9SjJX,FR,10
MS,medium,lO4tI9SjJX,ME,84
MS,medium,lO4tI9SjJX,PH,25
MS,medium,lO4tI9SjJX,TI,75
MS,medium,lO4tI9SjJX,PE,15
MS,medium,lO4tI9SjJX,EF,95
MS,medium,lO4tI9SjJX,FR,45
ST,easy,lO4tI9SjJX,ME,45
ST,easy,lO4tI9SjJX,PH,15
ST,easy,lO4tI9SjJX,TI,55
ST,easy,lO4tI9SjJX,PE,1
ST,easy,lO4tI9SjJX,EF,74
ST,easy,lO4tI9SjJX,FR,34
MS,hard,lO4tI9SjJX,ME,90
MS,hard,lO4tI9SjJX,PH,40
MS,hard,lO4tI9SjJX,TI,99
MS,hard,lO4tI9SjJX,PE,40
MS,hard,lO4tI9SjJX,EF,95
MS,hard,lO4tI9SjJX,FR,55
MR,hard,5oMH7YJKDi,ME,88
MR,hard,5oMH7YJKDi,PH,0
MR,hard,5oMH7YJKDi,TI,19
MR,hard,5oMH7YJKDi,PE,16
MR,hard,5oMH7YJKDi,EF,86
MR,hard,5oMH7YJKDi,FR,85
MS,medium,5oMH7YJKDi,ME,0
MS,medium,5oMH7YJKDi,PH,0
MS,medium,5oMH7YJKDi,TI,0
MS,medium,5oMH7YJKDi,PE,0
MS,medium,5oMH7YJKDi,EF,0
MS,medium,5oMH7YJKDi,FR,5
MS,hard,5oMH7YJKDi,ME,14
MS,hard,5oMH7YJKDi,PH,0
MS,hard,5oMH7YJKDi,TI,59
MS,hard,5oMH7YJKDi,PE,6
MS,hard,5oMH7YJKDi,EF,40
MS,hard,5oMH7YJKDi,FR,37
MS,easy,5oMH7YJKDi,ME,0
MS,easy,5oMH7YJKDi,PH,0
MS,easy,5oMH7YJKDi,TI,0
MS,easy,5oMH7YJKDi,PE,0
MS,easy,5oMH7YJKDi,EF,0
MS,easy,5oMH7YJKDi,FR,60
MR,easy,5oMH7YJKDi,ME,0
MR,easy,5oMH7YJKDi,PH,0
MR,easy,5oMH7YJKDi,TI,0
MR,easy,5oMH7YJKDi,PE,0
MR,easy,5oMH7YJKDi,EF,0
MR,easy,5oMH7YJKDi,FR,5
ST,hard,5oMH7YJKDi,ME,6
ST,hard,5oMH7YJKDi,PH,0
ST,hard,5oMH7YJKDi,TI,100
ST,hard,5oMH7YJKDi,PE,45
ST,hard,5oMH7YJKDi,EF,0
ST,hard,5oMH7YJKDi,FR,0
ST,medium,5oMH7YJKDi,ME,64
ST,medium,5oMH7YJKDi,PH,0
ST,medium,5oMH7YJKDi,TI,50
ST,medium,5oMH7YJKDi,PE,13
ST,medium,5oMH7YJKDi,EF,74
ST,medium,5oMH7YJKDi,FR,16
MR,medium,5oMH7YJKDi,ME,76
MR,medium,5oMH7YJKDi,PH,0
MR,medium,5oMH7YJKDi,TI,0
MR,medium,5oMH7YJKDi,PE,19
MR,medium,5oMH7YJKDi,EF,100
MR,medium,5oMH7YJKDi,FR,79
ST,easy,5oMH7YJKDi,ME,5
ST,easy,5oMH7YJKDi,PH,0
ST,easy,5oMH7YJKDi,TI,0
ST,easy,5oMH7YJKDi,PE,3
ST,easy,5oMH7YJKDi,EF,3
ST,easy,5oMH7YJKDi,FR,21
MS,easy,wBsXFrRWgF,ME,25
MS,easy,wBsXFrRWgF,PH,25
MS,easy,wBsXFrRWgF,TI,50
MS,easy,wBsXFrRWgF,PE,10
MS,easy,wBsXFrRWgF,EF,25
MS,easy,wBsXFrRWgF,FR,35
MR,easy,wBsXFrRWgF,ME,70
MR,easy,wBsXFrRWgF,PH,74
MR,easy,wBsXFrRWgF,TI,0
MR,easy,wBsXFrRWgF,PE,19
MR,easy,wBsXFrRWgF,EF,66
MR,easy,wBsXFrRWgF,FR,32
ST,medium,wBsXFrRWgF,ME,85
ST,medium,wBsXFrRWgF,PH,84
ST,medium,wBsXFrRWgF,TI,100
ST,medium,wBsXFrRWgF,PE,70
ST,medium,wBsXFrRWgF,EF,87
ST,medium,wBsXFrRWgF,FR,42
ST,easy,wBsXFrRWgF,ME,47
ST,easy,wBsXFrRWgF,PH,41
ST,easy,wBsXFrRWgF,TI,70
ST,easy,wBsXFrRWgF,PE,45
ST,easy,wBsXFrRWgF,EF,61
ST,easy,wBsXFrRWgF,FR,49
MS,medium,wBsXFrRWgF,ME,99
MS,medium,wBsXFrRWgF,PH,100
MS,medium,wBsXFrRWgF,TI,98
MS,medium,wBsXFrRWgF,PE,94
MS,medium,wBsXFrRWgF,EF,98
MS,medium,wBsXFrRWgF,FR,93
MR,medium,wBsXFrRWgF,ME,97
MR,medium,wBsXFrRWgF,PH,97
MR,medium,wBsXFrRWgF,TI,82
MR,medium,wBsXFrRWgF,PE,85
MR,medium,wBsXFrRWgF,EF,98
MR,medium,wBsXFrRWgF,FR,49
MS,hard,wBsXFrRWgF,ME,98
MS,hard,wBsXFrRWgF,PH,97
MS,hard,wBsXFrRWgF,TI,95
MS,hard,wBsXFrRWgF,PE,99
MS,hard,wBsXFrRWgF,EF,99
MS,hard,wBsXFrRWgF,FR,94
ST,hard,wBsXFrRWgF,ME,98
ST,hard,wBsXFrRWgF,PH,96
ST,hard,wBsXFrRWgF,TI,98
ST,hard,wBsXFrRWgF,PE,99
ST,hard,wBsXFrRWgF,EF,97
ST,hard,wBsXFrRWgF,FR,75
MR,hard,wBsXFrRWgF,ME,97
MR,hard,wBsXFrRWgF,PH,97
MR,hard,wBsXFrRWgF,TI,92
MR,hard,wBsXFrRWgF,PE,96
MR,hard,wBsXFrRWgF,EF,95
MR,hard,wBsXFrRWgF,FR,27
MR,hard,PkgTbVVI07,ME,47
MR,hard,PkgTbVVI07,PH,29
MR,hard,PkgTbVVI07,TI,45
MR,hard,PkgTbVVI07,PE,49
MR,hard,PkgTbVVI07,EF,54
MR,hard,PkgTbVVI07,FR,34
ST,easy,PkgTbVVI07,ME,26
ST,easy,PkgTbVVI07,PH,17
ST,easy,PkgTbVVI07,TI,22
ST,easy,PkgTbVVI07,PE,24
ST,easy,PkgTbVVI07,EF,25
ST,easy,PkgTbVVI07,FR,14
ST,hard,PkgTbVVI07,ME,68
ST,hard,PkgTbVVI07,PH,83
ST,hard,PkgTbVVI07,TI,90
ST,hard,PkgTbVVI07,PE,59
ST,hard,PkgTbVVI07,EF,70
ST,hard,PkgTbVVI07,FR,70
MR,medium,PkgTbVVI07,ME,83
MR,medium,PkgTbVVI07,PH,74
MR,medium,PkgTbVVI07,TI,49
MR,medium,PkgTbVVI07,PE,51
MR,medium,PkgTbVVI07,EF,61
MR,medium,PkgTbVVI07,FR,71
MS,hard,PkgTbVVI07,ME,81
MS,hard,PkgTbVVI07,PH,82
MS,hard,PkgTbVVI07,TI,82
MS,hard,PkgTbVVI07,PE,68
MS,hard,PkgTbVVI07,EF,76
MS,hard,PkgTbVVI07,FR,90
MS,medium,PkgTbVVI07,ME,77
MS,medium,PkgTbVVI07,PH,56
MS,medium,PkgTbVVI07,TI,48
MS,medium,PkgTbVVI07,PE,51
MS,medium,PkgTbVVI07,EF,66
MS,medium,PkgTbVVI07,FR,80
ST,medium,PkgTbVVI07,ME,55
ST,medium,PkgTbVVI07,PH,37
ST,medium,PkgTbVVI07,TI,55
ST,medium,PkgTbVVI07,PE,31
ST,medium,PkgTbVVI07,EF,35
ST,medium,PkgTbVVI07,FR,48
MR,easy,PkgTbVVI07,ME,93
MR,easy,PkgTbVVI07,PH,66
MR,easy,PkgTbVVI07,TI,23
MR,easy,PkgTbVVI07,PE,69
MR,easy,PkgTbVVI07,EF,84
MR,easy,PkgTbVVI07,FR,84
MS,easy,PkgTbVVI07,ME,46
MS,easy,PkgTbVVI07,PH,28
MS,easy,PkgTbVVI07,TI,29
MS,easy,PkgTbVVI07,PE,10
MS,easy,PkgTbVVI07,EF,32
MS,easy,PkgTbVVI07,FR,32
MS,easy,0wY7q7AFDw,ME,65
MS,easy,0wY7q7AFDw,PH,35
MS,easy,0wY7q7AFDw,TI,50
MS,easy,0wY7q7AFDw,PE,15
MS,easy,0wY7q7AFDw,EF,50
MS,easy,0wY7q7AFDw,FR,50
MS,hard,0wY7q7AFDw,ME,100
MS,hard,0wY7q7AFDw,PH,65
MS,hard,0wY7q7AFDw,TI,86
MS,hard,0wY7q7AFDw,PE,75
MS,hard,0wY7q7AFDw,EF,85
MS,hard,0wY7q7AFDw,FR,83
ST,easy,0wY7q7AFDw,ME,39
ST,easy,0wY7q7AFDw,PH,28
ST,easy,0wY7q7AFDw,TI,50
ST,easy,0wY7q7AFDw,PE,22
ST,easy,0wY7q7AFDw,EF,41
ST,easy,0wY7q7AFDw,FR,39
MR,easy,0wY7q7AFDw,ME,50
MR,easy,0wY7q7AFDw,PH,33
MR,easy,0wY7q7AFDw,TI,10
MR,easy,0wY7q7AFDw,PE,22
MR,easy,0wY7q7AFDw,EF,61
MR,easy,0wY7q7AFDw,FR,42
ST,hard,0wY7q7AFDw,ME,72
ST,hard,0wY7q7AFDw,PH,50
ST,hard,0wY7q7AFDw,TI,100
ST,hard,0wY7q7AFDw,PE,73
ST,hard,0wY7q7AFDw,EF,83
ST,hard,0wY7q7AFDw,FR,78
MS,medium,0wY7q7AFDw,ME,81
MS,medium,0wY7q7AFDw,PH,50
MS,medium,0wY7q7AFDw,TI,70
MS,medium,0wY7q7AFDw,PE,20
MS,medium,0wY7q7AFDw,EF,65
MS,medium,0wY7q7AFDw,FR,70
ST,medium,0wY7q7AFDw,ME,70
ST,medium,0wY7q7AFDw,PH,50
ST,medium,0wY7q7AFDw,TI,65
ST,medium,0wY7q7AFDw,PE,45
ST,medium,0wY7q7AFDw,EF,60
ST,medium,0wY7q7AFDw,FR,56
MR,medium,0wY7q7AFDw,ME,89
MR,medium,0wY7q7AFDw,PH,49
MR,medium,0wY7q7AFDw,TI,30
MR,medium,0wY7q7AFDw,PE,65
MR,medium,0wY7q7AFDw,EF,75
MR,medium,0wY7q7AFDw,FR,75
MR,hard,0wY7q7AFDw,ME,93
MR,hard,0wY7q7AFDw,PH,50
MR,hard,0wY7q7AFDw,TI,25
MR,hard,0wY7q7AFDw,PE,75
MR,hard,0wY7q7AFDw,EF,90
MR,hard,0wY7q7AFDw,FR,84
MS,easy,woSzLv5BIV,ME,59
MS,easy,woSzLv5BIV,PH,69
MS,easy,woSzLv5BIV,TI,39
MS,easy,woSzLv5BIV,PE,4
MS,easy,woSzLv5BIV,EF,63
MS,easy,woSzLv5BIV,FR,50
MR,easy,woSzLv5BIV,ME,95
MR,easy,woSzLv5BIV,PH,95
MR,easy,woSzLv5BIV,TI,53
MR,easy,woSzLv5BIV,PE,45
MR,easy,woSzLv5BIV,EF,100
MR,easy,woSzLv5BIV,FR,99
ST,hard,woSzLv5BIV,ME,100
ST,hard,woSzLv5BIV,PH,100
ST,hard,woSzLv5BIV,TI,100
ST,hard,woSzLv5BIV,PE,55
ST,hard,woSzLv5BIV,EF,100
ST,hard,woSzLv5BIV,FR,100
ST,medium,woSzLv5BIV,ME,100
ST,medium,woSzLv5BIV,PH,100
ST,medium,woSzLv5BIV,TI,100
ST,medium,woSzLv5BIV,PE,40
ST,medium,woSzLv5BIV,EF,100
ST,medium,woSzLv5BIV,FR,95
MS,medium,woSzLv5BIV,ME,99
MS,medium,woSzLv5BIV,PH,99
MS,medium,woSzLv5BIV,TI,99
MS,medium,woSzLv5BIV,PE,1
MS,medium,woSzLv5BIV,EF,99
MS,medium,woSzLv5BIV,FR,99
MR,hard,woSzLv5BIV,ME,100
MR,hard,woSzLv5BIV,PH,100
MR,hard,woSzLv5BIV,TI,84
MR,hard,woSzLv5BIV,PE,32
MR,hard,woSzLv5BIV,EF,99
MR,hard,woSzLv5BIV,FR,99
MR,medium,woSzLv5BIV,ME,99
MR,medium,woSzLv5BIV,PH,99
MR,medium,woSzLv5BIV,TI,88
MR,medium,woSzLv5BIV,PE,32
MR,medium,woSzLv5BIV,EF,99
MR,medium,woSzLv5BIV,FR,99
MS,hard,woSzLv5BIV,ME,99
MS,hard,woSzLv5BIV,PH,99
MS,hard,woSzLv5BIV,TI,83
MS,hard,woSzLv5BIV,PE,41
MS,hard,woSzLv5BIV,EF,100
MS,hard,woSzLv5BIV,FR,98
ST,easy,woSzLv5BIV,ME,80
ST,easy,woSzLv5BIV,PH,90
ST,easy,woSzLv5BIV,TI,85
ST,easy,woSzLv5BIV,PE,0
ST,easy,woSzLv5BIV,EF,85
ST,easy,woSzLv5BIV,FR,44
ST,medium,O0ngZJhb9l,ME,74
ST,medium,O0ngZJhb9l,PH,10
ST,medium,O0ngZJhb9l,TI,100
ST,medium,O0ngZJhb9l,PE,75
ST,medium,O0ngZJhb9l,EF,70
ST,medium,O0ngZJhb9l,FR,65
MS,easy,O0ngZJhb9l,ME,62
MS,easy,O0ngZJhb9l,PH,32
MS,easy,O0ngZJhb9l,TI,35
MS,easy,O0ngZJhb9l,PE,0
MS,easy,O0ngZJhb9l,EF,63
MS,easy,O0ngZJhb9l,FR,65
MR,hard,O0ngZJhb9l,ME,62
MR,hard,O0ngZJhb9l,PH,20
MR,hard,O0ngZJhb9l,TI,3
MR,hard,O0ngZJhb9l,PE,70
MR,hard,O0ngZJhb9l,EF,35
MR,hard,O0ngZJhb9l,FR,15
MR,easy,O0ngZJhb9l,ME,65
MR,easy,O0ngZJhb9l,PH,15
MR,easy,O0ngZJhb9l,TI,7
MR,easy,O0ngZJhb9l,PE,80
MR,easy,O0ngZJhb9l,EF,45
MR,easy,O0ngZJhb9l,FR,55
MS,medium,O0ngZJhb9l,ME,100
MS,medium,O0ngZJhb9l,PH,90
MS,medium,O0ngZJhb9l,TI,100
MS,medium,O0ngZJhb9l,PE,75
MS,medium,O0ngZJhb9l,EF,100
MS,medium,O0ngZJhb9l,FR,100
ST,hard,O0ngZJhb9l,ME,100
ST,hard,O0ngZJhb9l,PH,90
ST,hard,O0ngZJhb9l,TI,100
ST,hard,O0ngZJhb9l,PE,93
ST,hard,O0ngZJhb9l,EF,100
ST,hard,O0ngZJhb9l,FR,95
ST,easy,O0ngZJhb9l,ME,90
ST,easy,O0ngZJhb9l,PH,65
ST,easy,O0ngZJhb9l,TI,65
ST,easy,O0ngZJhb9l,PE,26
ST,easy,O0ngZJhb9l,EF,85
ST,easy,O0ngZJhb9l,FR,15
MS,hard,O0ngZJhb9l,ME,100
MS,hard,O0ngZJhb9l,PH,92
MS,hard,O0ngZJhb9l,TI,100
MS,hard,O0ngZJhb9l,PE,88
MS,hard,O0ngZJhb9l,EF,100
MS,hard,O0ngZJhb9l,FR,100
MR,medium,O0ngZJhb9l,ME,60
MR,medium,O0ngZJhb9l,PH,15
MR,medium,O0ngZJhb9l,TI,6
MR,medium,O0ngZJhb9l,PE,90
MR,medium,O0ngZJhb9l,EF,40
MR,medium,O0ngZJhb9l,FR,74
MR,easy,ttxEdLIMGM,ME,75
MR,easy,ttxEdLIMGM,PH,44
MR,easy,ttxEdLIMGM,TI,70
MR,easy,ttxEdLIMGM,PE,60
MR,easy,ttxEdLIMGM,EF,60
MR,easy,ttxEdLIMGM,FR,65
ST,easy,ttxEdLIMGM,ME,39
ST,easy,ttxEdLIMGM,PH,36
ST,easy,ttxEdLIMGM,TI,34
ST,easy,ttxEdLIMGM,PE,10
ST,easy,ttxEdLIMGM,EF,50
ST,easy,ttxEdLIMGM,FR,30
MS,hard,ttxEdLIMGM,ME,95
MS,hard,ttxEdLIMGM,PH,69
MS,hard,ttxEdLIMGM,TI,100
MS,hard,ttxEdLIMGM,PE,60
MS,hard,ttxEdLIMGM,EF,100
MS,hard,ttxEdLIMGM,FR,99
MS,medium,ttxEdLIMGM,ME,74
MS,medium,ttxEdLIMGM,PH,50
MS,medium,ttxEdLIMGM,TI,70
MS,medium,ttxEdLIMGM,PE,25
MS,medium,ttxEdLIMGM,EF,75
MS,medium,ttxEdLIMGM,FR,75
ST,hard,ttxEdLIMGM,ME,99
ST,hard,ttxEdLIMGM,PH,75
ST,hard,ttxEdLIMGM,TI,100
ST,hard,ttxEdLIMGM,PE,50
ST,hard,ttxEdLIMGM,EF,99
ST,hard,ttxEdLIMGM,FR,99
ST,medium,ttxEdLIMGM,ME,90
ST,medium,ttxEdLIMGM,PH,75
ST,medium,ttxEdLIMGM,TI,90
ST,medium,ttxEdLIMGM,PE,56
ST,medium,ttxEdLIMGM,EF,90
ST,medium,ttxEdLIMGM,FR,89
MR,hard,ttxEdLIMGM,ME,100
MR,hard,ttxEdLIMGM,PH,75
MR,hard,ttxEdLIMGM,TI,90
MR,hard,ttxEdLIMGM,PE,65
MR,hard,ttxEdLIMGM,EF,100
MR,hard,ttxEdLIMGM,FR,95
MR,medium,ttxEdLIMGM,ME,100
MR,medium,ttxEdLIMGM,PH,71
MR,medium,ttxEdLIMGM,TI,75
MR,medium,ttxEdLIMGM,PE,66
MR,medium,ttxEdLIMGM,EF,100
MR,medium,ttxEdLIMGM,FR,100
MS,easy,ttxEdLIMGM,ME,80
MS,easy,ttxEdLIMGM,PH,75
MS,easy,ttxEdLIMGM,TI,79
MS,easy,ttxEdLIMGM,PE,30
MS,easy,ttxEdLIMGM,EF,80
MS,easy,ttxEdLIMGM,FR,75
ST,hard,pevbr5tS1I,ME,81
ST,hard,pevbr5tS1I,PH,21
ST,hard,pevbr5tS1I,TI,96
ST,hard,pevbr5tS1I,PE,62
ST,hard,pevbr5tS1I,EF,79
ST,hard,pevbr5tS1I,FR,92
MR,easy,pevbr5tS1I,ME,69
MR,easy,pevbr5tS1I,PH,19
MR,easy,pevbr5tS1I,TI,64
MR,easy,pevbr5tS1I,PE,38
MR,easy,pevbr5tS1I,EF,75
MR,easy,pevbr5tS1I,FR,73
ST,medium,pevbr5tS1I,ME,87
ST,medium,pevbr5tS1I,PH,15
ST,medium,pevbr5tS1I,TI,95
ST,medium,pevbr5tS1I,PE,38
ST,medium,pevbr5tS1I,EF,78
ST,medium,pevbr5tS1I,FR,83
MS,easy,pevbr5tS1I,ME,40
MS,easy,pevbr5tS1I,PH,28
MS,easy,pevbr5tS1I,TI,48
MS,easy,pevbr5tS1I,PE,3
MS,easy,pevbr5tS1I,EF,33
MS,easy,pevbr5tS1I,FR,10
MS,hard,pevbr5tS1I,ME,87
MS,hard,pevbr5tS1I,PH,24
MS,hard,pevbr5tS1I,TI,98
MS,hard,pevbr5tS1I,PE,79
MS,hard,pevbr5tS1I,EF,91
MS,hard,pevbr5tS1I,FR,82
MR,hard,pevbr5tS1I,ME,67
MR,hard,pevbr5tS1I,PH,12
MR,hard,pevbr5tS1I,TI,58
MR,hard,pevbr5tS1I,PE,46
MR,hard,pevbr5tS1I,EF,63
MR,hard,pevbr5tS1I,FR,68
ST,easy,pevbr5tS1I,ME,22
ST,easy,pevbr5tS1I,PH,16
ST,easy,pevbr5tS1I,TI,59
ST,easy,pevbr5tS1I,PE,3
ST,easy,pevbr5tS1I,EF,43
ST,easy,pevbr5tS1I,FR,54
MR,medium,pevbr5tS1I,ME,73
MR,medium,pevbr5tS1I,PH,13
MR,medium,pevbr5tS1I,TI,71
MR,medium,pevbr5tS1I,PE,42
MR,medium,pevbr5tS1I,EF,67
MR,medium,pevbr5tS1I,FR,72
MS,medium,pevbr5tS1I,ME,42
MS,medium,pevbr5tS1I,PH,18
MS,medium,pevbr5tS1I,TI,68
MS,medium,pevbr5tS1I,PE,8
MS,medium,pevbr5tS1I,EF,72
MS,medium,pevbr5tS1I,FR,66
MS,easy,zMSGYZOzxF,ME,40
MS,easy,zMSGYZOzxF,PH,35
MS,easy,zMSGYZOzxF,TI,70
MS,easy,zMSGYZOzxF,PE,0
MS,easy,zMSGYZOzxF,EF,60
MS,easy,zMSGYZOzxF,FR,84
ST,medium,zMSGYZOzxF,ME,90
ST,medium,zMSGYZOzxF,PH,90
ST,medium,zMSGYZOzxF,TI,100
ST,medium,zMSGYZOzxF,PE,60
ST,medium,zMSGYZOzxF,EF,100
ST,medium,zMSGYZOzxF,FR,100
MS,hard,zMSGYZOzxF,ME,100
MS,hard,zMSGYZOzxF,PH,100
MS,hard,zMSGYZOzxF,TI,100
MS,hard,zMSGYZOzxF,PE,95
MS,hard,zMSGYZOzxF,EF,100
MS,hard,zMSGYZOzxF,FR,100
MS,medium,zMSGYZOzxF,ME,90
MS,medium,zMSGYZOzxF,PH,90
MS,medium,zMSGYZOzxF,TI,95
MS,medium,zMSGYZOzxF,PE,50
MS,medium,zMSGYZOzxF,EF,100
MS,medium,zMSGYZOzxF,FR,95
ST,easy,zMSGYZOzxF,ME,65
ST,easy,zMSGYZOzxF,PH,75
ST,easy,zMSGYZOzxF,TI,30
ST,easy,zMSGYZOzxF,PE,0
ST,easy,zMSGYZOzxF,EF,85
ST,easy,zMSGYZOzxF,FR,70
MR,hard,zMSGYZOzxF,ME,99
MR,hard,zMSGYZOzxF,PH,99
MR,hard,zMSGYZOzxF,TI,10
MR,hard,zMSGYZOzxF,PE,75
MR,hard,zMSGYZOzxF,EF,85
MR,hard,zMSGYZOzxF,FR,100
ST,hard,zMSGYZOzxF,ME,99
ST,hard,zMSGYZOzxF,PH,99
ST,hard,zMSGYZOzxF,TI,99
ST,hard,zMSGYZOzxF,PE,90
ST,hard,zMSGYZOzxF,EF,100
ST,hard,zMSGYZOzxF,FR,100
MR,medium,zMSGYZOzxF,ME,95
MR,medium,zMSGYZOzxF,PH,95
MR,medium,zMSGYZOzxF,TI,10
MR,medium,zMSGYZOzxF,PE,50
MR,medium,zMSGYZOzxF,EF,100
MR,medium,zMSGYZOzxF,FR,100
MR,easy,zMSGYZOzxF,ME,90
MR,easy,zMSGYZOzxF,PH,90
MR,easy,zMSGYZOzxF,TI,20
MR,easy,zMSGYZOzxF,PE,50
MR,easy,zMSGYZOzxF,EF,100
MR,easy,zMSGYZOzxF,FR,100
MS,easy,FgaXoRhEpQ,ME,0
MS,easy,FgaXoRhEpQ,PH,0
MS,easy,FgaXoRhEpQ,TI,0
MS,easy,FgaXoRhEpQ,PE,0
MS,easy,FgaXoRhEpQ,EF,0
MS,easy,FgaXoRhEpQ,FR,0
MR,hard,FgaXoRhEpQ,ME,70
MR,hard,FgaXoRhEpQ,PH,0
MR,hard,FgaXoRhEpQ,TI,0
MR,hard,FgaXoRhEpQ,PE,90
MR,hard,FgaXoRhEpQ,EF,30
MR,hard,FgaXoRhEpQ,FR,20
ST,hard,FgaXoRhEpQ,ME,1
ST,hard,FgaXoRhEpQ,PH,0
ST,hard,FgaXoRhEpQ,TI,99
ST,hard,FgaXoRhEpQ,PE,100
ST,hard,FgaXoRhEpQ,EF,5
ST,hard,FgaXoRhEpQ,FR,91
MR,easy,FgaXoRhEpQ,ME,5
MR,easy,FgaXoRhEpQ,PH,0
MR,easy,FgaXoRhEpQ,TI,0
MR,easy,FgaXoRhEpQ,PE,10
MR,easy,FgaXoRhEpQ,EF,5
MR,easy,FgaXoRhEpQ,FR,1
ST,medium,FgaXoRhEpQ,ME,1
ST,medium,FgaXoRhEpQ,PH,0
ST,medium,FgaXoRhEpQ,TI,90
ST,medium,FgaXoRhEpQ,PE,45
ST,medium,FgaXoRhEpQ,EF,0
ST,medium,FgaXoRhEpQ,FR,35
MS,hard,FgaXoRhEpQ,ME,15
MS,hard,FgaXoRhEpQ,PH,1
MS,hard,FgaXoRhEpQ,TI,90
MS,hard,FgaXoRhEpQ,PE,95
MS,hard,FgaXoRhEpQ,EF,15
MS,hard,FgaXoRhEpQ,FR,95
MS,medium,FgaXoRhEpQ,ME,10
MS,medium,FgaXoRhEpQ,PH,1
MS,medium,FgaXoRhEpQ,TI,90
MS,medium,FgaXoRhEpQ,PE,94
MS,medium,FgaXoRhEpQ,EF,20
MS,medium,FgaXoRhEpQ,FR,80
ST,easy,FgaXoRhEpQ,ME,3
ST,easy,FgaXoRhEpQ,PH,0
ST,easy,FgaXoRhEpQ,TI,10
ST,easy,FgaXoRhEpQ,PE,10
ST,easy,FgaXoRhEpQ,EF,2
ST,easy,FgaXoRhEpQ,FR,5
MR,medium,FgaXoRhEpQ,ME,11
MR,medium,FgaXoRhEpQ,PH,0
MR,medium,FgaXoRhEpQ,TI,0
MR,medium,FgaXoRhEpQ,PE,55
MR,medium,FgaXoRhEpQ,EF,5
MR,medium,FgaXoRhEpQ,FR,0
MS,hard,V4epNAqh9h,ME,54
MS,hard,V4epNAqh9h,PH,4
MS,hard,V4epNAqh9h,TI,70
MS,hard,V4epNAqh9h,PE,75
MS,hard,V4epNAqh9h,EF,69
MS,hard,V4epNAqh9h,FR,57
ST,easy,V4epNAqh9h,ME,0
ST,easy,V4epNAqh9h,PH,0
ST,easy,V4epNAqh9h,TI,0
ST,easy,V4epNAqh9h,PE,0
ST,easy,V4epNAqh9h,EF,0
ST,easy,V4epNAqh9h,FR,0
ST,hard,V4epNAqh9h,ME,85
ST,hard,V4epNAqh9h,PH,2
ST,hard,V4epNAqh9h,TI,96
ST,hard,V4epNAqh9h,PE,61
ST,hard,V4epNAqh9h,EF,70
ST,hard,V4epNAqh9h,FR,4
MR,hard,V4epNAqh9h,ME,90
MR,hard,V4epNAqh9h,PH,3
MR,hard,V4epNAqh9h,TI,1
MR,hard,V4epNAqh9h,PE,90
MR,hard,V4epNAqh9h,EF,64
MR,hard,V4epNAqh9h,FR,50
MS,easy,V4epNAqh9h,ME,2
MS,easy,V4epNAqh9h,PH,25
MS,easy,V4epNAqh9h,TI,1
MS,easy,V4epNAqh9h,PE,1
MS,easy,V4epNAqh9h,EF,28
MS,easy,V4epNAqh9h,FR,38
MR,medium,V4epNAqh9h,ME,43
MR,medium,V4epNAqh9h,PH,2
MR,medium,V4epNAqh9h,TI,6
MR,medium,V4epNAqh9h,PE,84
MR,medium,V4epNAqh9h,EF,59
MR,medium,V4epNAqh9h,FR,46
ST,medium,V4epNAqh9h,ME,53
ST,medium,V4epNAqh9h,PH,3
ST,medium,V4epNAqh9h,TI,72
ST,medium,V4epNAqh9h,PE,80
ST,medium,V4epNAqh9h,EF,75
ST,medium,V4epNAqh9h,FR,61
MR,easy,V4epNAqh9h,ME,18
MR,easy,V4epNAqh9h,PH,3
MR,easy,V4epNAqh9h,TI,2
MR,easy,V4epNAqh9h,PE,66
MR,easy,V4epNAqh9h,EF,64
MR,easy,V4epNAqh9h,FR,65
MS,medium,V4epNAqh9h,ME,55
MS,medium,V4epNAqh9h,PH,28
MS,medium,V4epNAqh9h,TI,42
MS,medium,V4epNAqh9h,PE,68
MS,medium,V4epNAqh9h,EF,61
MS,medium,V4epNAqh9h,FR,59
ST,hard,7s1EYKyluI,ME,80
ST,hard,7s1EYKyluI,PH,55
ST,hard,7s1EYKyluI,TI,90
ST,hard,7s1EYKyluI,PE,55
ST,hard,7s1EYKyluI,EF,79
ST,hard,7s1EYKyluI,FR,25
MS,easy,7s1EYKyluI,ME,50
MS,easy,7s1EYKyluI,PH,30
MS,easy,7s1EYKyluI,TI,30
MS,easy,7s1EYKyluI,PE,0
MS,easy,7s1EYKyluI,EF,50
MS,easy,7s1EYKyluI,FR,20
MR,hard,7s1EYKyluI,ME,65
MR,hard,7s1EYKyluI,PH,30
MR,hard,7s1EYKyluI,TI,15
MR,hard,7s1EYKyluI,PE,50
MR,hard,7s1EYKyluI,EF,75
MR,hard,7s1EYKyluI,FR,15
MS,hard,7s1EYKyluI,ME,100
MS,hard,7s1EYKyluI,PH,15
MS,hard,7s1EYKyluI,TI,100
MS,hard,7s1EYKyluI,PE,70
MS,hard,7s1EYKyluI,EF,100
MS,hard,7s1EYKyluI,FR,0
MR,easy,7s1EYKyluI,ME,99
MR,easy,7s1EYKyluI,PH,100
MR,easy,7s1EYKyluI,TI,45
MR,easy,7s1EYKyluI,PE,50
MR,easy,7s1EYKyluI,EF,100
MR,easy,7s1EYKyluI,FR,0
ST,medium,7s1EYKyluI,ME,100
ST,medium,7s1EYKyluI,PH,0
ST,medium,7s1EYKyluI,TI,100
ST,medium,7s1EYKyluI,PE,50
ST,medium,7s1EYKyluI,EF,100
ST,medium,7s1EYKyluI,FR,0
MR,medium,7s1EYKyluI,ME,99
MR,medium,7s1EYKyluI,PH,100
MR,medium,7s1EYKyluI,TI,10
MR,medium,7s1EYKyluI,PE,50
MR,medium,7s1EYKyluI,EF,99
MR,medium,7s1EYKyluI,FR,0
ST,easy,7s1EYKyluI,ME,65
ST,easy,7s1EYKyluI,PH,0
ST,easy,7s1EYKyluI,TI,99
ST,easy,7s1EYKyluI,PE,0
ST,easy,7s1EYKyluI,EF,100
ST,easy,7s1EYKyluI,FR,0
MS,medium,7s1EYKyluI,ME,99
MS,medium,7s1EYKyluI,PH,1
MS,medium,7s1EYKyluI,TI,100
MS,medium,7s1EYKyluI,PE,75
MS,medium,7s1EYKyluI,EF,99
MS,medium,7s1EYKyluI,FR,1
ST,hard,GxpGXkXK8v,ME,84
ST,hard,GxpGXkXK8v,PH,85
ST,hard,GxpGXkXK8v,TI,99
ST,hard,GxpGXkXK8v,PE,50
ST,hard,GxpGXkXK8v,EF,93
ST,hard,GxpGXkXK8v,FR,65
MS,medium,GxpGXkXK8v,ME,83
MS,medium,GxpGXkXK8v,PH,94
MS,medium,GxpGXkXK8v,TI,49
MS,medium,GxpGXkXK8v,PE,46
MS,medium,GxpGXkXK8v,EF,75
MS,medium,GxpGXkXK8v,FR,52
ST,medium,GxpGXkXK8v,ME,56
ST,medium,GxpGXkXK8v,PH,72
ST,medium,GxpGXkXK8v,TI,59
ST,medium,GxpGXkXK8v,PE,28
ST,medium,GxpGXkXK8v,EF,75
ST,medium,GxpGXkXK8v,FR,46
ST,easy,GxpGXkXK8v,ME,34
ST,easy,GxpGXkXK8v,PH,34
ST,easy,GxpGXkXK8v,TI,46
ST,easy,GxpGXkXK8v,PE,0
ST,easy,GxpGXkXK8v,EF,51
ST,easy,GxpGXkXK8v,FR,7
MR,easy,GxpGXkXK8v,ME,35
MR,easy,GxpGXkXK8v,PH,35
MR,easy,GxpGXkXK8v,TI,42
MR,easy,GxpGXkXK8v,PE,5
MR,easy,GxpGXkXK8v,EF,45
MR,easy,GxpGXkXK8v,FR,25
MS,hard,GxpGXkXK8v,ME,100
MS,hard,GxpGXkXK8v,PH,100
MS,hard,GxpGXkXK8v,TI,100
MS,hard,GxpGXkXK8v,PE,88
MS,hard,GxpGXkXK8v,EF,98
MS,hard,GxpGXkXK8v,FR,99
MR,hard,GxpGXkXK8v,ME,73
MR,hard,GxpGXkXK8v,PH,75
MR,hard,GxpGXkXK8v,TI,46
MR,hard,GxpGXkXK8v,PE,30
MR,hard,GxpGXkXK8v,EF,75
MR,hard,GxpGXkXK8v,FR,54
MR,medium,GxpGXkXK8v,ME,78
MR,medium,GxpGXkXK8v,PH,76
MR,medium,GxpGXkXK8v,TI,67
MR,medium,GxpGXkXK8v,PE,17
MR,medium,GxpGXkXK8v,EF,63
MR,medium,GxpGXkXK8v,FR,49
MS,easy,GxpGXkXK8v,ME,67
MS,easy,GxpGXkXK8v,PH,63
MS,easy,GxpGXkXK8v,TI,64
MS,easy,GxpGXkXK8v,PE,43
MS,easy,GxpGXkXK8v,EF,64
MS,easy,GxpGXkXK8v,FR,30
ST,easy,W98TU3XJxb,ME,30
ST,easy,W98TU3XJxb,PH,10
ST,easy,W98TU3XJxb,TI,55
ST,easy,W98TU3XJxb,PE,0
ST,easy,W98TU3XJxb,EF,30
ST,easy,W98TU3XJxb,FR,50
MR,easy,W98TU3XJxb,ME,81
MR,easy,W98TU3XJxb,PH,49
MR,easy,W98TU3XJxb,TI,50
MR,easy,W98TU3XJxb,PE,45
MR,easy,W98TU3XJxb,EF,74
MR,easy,W98TU3XJxb,FR,80
ST,medium,W98TU3XJxb,ME,84
ST,medium,W98TU3XJxb,PH,70
ST,medium,W98TU3XJxb,TI,95
ST,medium,W98TU3XJxb,PE,45
ST,medium,W98TU3XJxb,EF,80
ST,medium,W98TU3XJxb,FR,85
MR,medium,W98TU3XJxb,ME,75
MR,medium,W98TU3XJxb,PH,75
MR,medium,W98TU3XJxb,TI,54
MR,medium,W98TU3XJxb,PE,35
MR,medium,W98TU3XJxb,EF,85
MR,medium,W98TU3XJxb,FR,90
MS,easy,W98TU3XJxb,ME,10
MS,easy,W98TU3XJxb,PH,21
MS,easy,W98TU3XJxb,TI,25
MS,easy,W98TU3XJxb,PE,10
MS,easy,W98TU3XJxb,EF,38
MS,easy,W98TU3XJxb,FR,20
ST,hard,W98TU3XJxb,ME,89
ST,hard,W98TU3XJxb,PH,88
ST,hard,W98TU3XJxb,TI,66
ST,hard,W98TU3XJxb,PE,50
ST,hard,W98TU3XJxb,EF,85
ST,hard,W98TU3XJxb,FR,86
MS,medium,W98TU3XJxb,ME,70
MS,medium,W98TU3XJxb,PH,70
MS,medium,W98TU3XJxb,TI,74
MS,medium,W98TU3XJxb,PE,30
MS,medium,W98TU3XJxb,EF,74
MS,medium,W98TU3XJxb,FR,55
MS,hard,W98TU3XJxb,ME,95
MS,hard,W98TU3XJxb,PH,90
MS,hard,W98TU3XJxb,TI,90
MS,hard,W98TU3XJxb,PE,10
MS,hard,W98TU3XJxb,EF,90
MS,hard,W98TU3XJxb,FR,50
MR,hard,W98TU3XJxb,ME,80
MR,hard,W98TU3XJxb,PH,80
MR,hard,W98TU3XJxb,TI,80
MR,hard,W98TU3XJxb,PE,42
MR,hard,W98TU3XJxb,EF,90
MR,hard,W98TU3XJxb,FR,86
MS,easy,yWB1eDgHxE,ME,25
MS,easy,yWB1eDgHxE,PH,11
MS,easy,yWB1eDgHxE,TI,25
MS,easy,yWB1eDgHxE,PE,4
MS,easy,yWB1eDgHxE,EF,25
MS,easy,yWB1eDgHxE,FR,14
MR,easy,yWB1eDgHxE,ME,10
MR,easy,yWB1eDgHxE,PH,4
MR,easy,yWB1eDgHxE,TI,5
MR,easy,yWB1eDgHxE,PE,0
MR,easy,yWB1eDgHxE,EF,15
MR,easy,yWB1eDgHxE,FR,5
ST,medium,yWB1eDgHxE,ME,49
ST,medium,yWB1eDgHxE,PH,31
ST,medium,yWB1eDgHxE,TI,70
ST,medium,yWB1eDgHxE,PE,26
ST,medium,yWB1eDgHxE,EF,41
ST,medium,yWB1eDgHxE,FR,44
MR,medium,yWB1eDgHxE,ME,19
MR,medium,yWB1eDgHxE,PH,11
MR,medium,yWB1eDgHxE,TI,6
MR,medium,yWB1eDgHxE,PE,1
MR,medium,yWB1eDgHxE,EF,12
MR,medium,yWB1eDgHxE,FR,10
ST,hard,yWB1eDgHxE,ME,44
ST,hard,yWB1eDgHxE,PH,35
ST,hard,yWB1eDgHxE,TI,65
ST,hard,yWB1eDgHxE,PE,45
ST,hard,yWB1eDgHxE,EF,45
ST,hard,yWB1eDgHxE,FR,60
MS,medium,yWB1eDgHxE,ME,40
MS,medium,yWB1eDgHxE,PH,30
MS,medium,yWB1eDgHxE,TI,50
MS,medium,yWB1eDgHxE,PE,20
MS,medium,yWB1eDgHxE,EF,39
MS,medium,yWB1eDgHxE,FR,40
ST,easy,yWB1eDgHxE,ME,11
ST,easy,yWB1eDgHxE,PH,11
ST,easy,yWB1eDgHxE,TI,20
ST,easy,yWB1eDgHxE,PE,6
ST,easy,yWB1eDgHxE,EF,19
ST,easy,yWB1eDgHxE,FR,15
MR,hard,yWB1eDgHxE,ME,25
MR,hard,yWB1eDgHxE,PH,16
MR,hard,yWB1eDgHxE,TI,15
MR,hard,yWB1eDgHxE,PE,10
MR,hard,yWB1eDgHxE,EF,20
MR,hard,yWB1eDgHxE,FR,16
MS,hard,yWB1eDgHxE,ME,55
MS,hard,yWB1eDgHxE,PH,45
MS,hard,yWB1eDgHxE,TI,65
MS,hard,yWB1eDgHxE,PE,45
MS,hard,yWB1eDgHxE,EF,62
MS,hard,yWB1eDgHxE,FR,74
ST,hard,cdCa7qlKqK,ME,60
ST,hard,cdCa7qlKqK,PH,85
ST,hard,cdCa7qlKqK,TI,95
ST,hard,cdCa7qlKqK,PE,75
ST,hard,cdCa7qlKqK,EF,79
ST,hard,cdCa7qlKqK,FR,65
MS,easy,cdCa7qlKqK,ME,60
MS,easy,cdCa7qlKqK,PH,50
MS,easy,cdCa7qlKqK,TI,35
MS,easy,cdCa7qlKqK,PE,15
MS,easy,cdCa7qlKqK,EF,60
MS,easy,cdCa7qlKqK,FR,25
MS,hard,cdCa7qlKqK,ME,80
MS,hard,cdCa7qlKqK,PH,70
MS,hard,cdCa7qlKqK,TI,85
MS,hard,cdCa7qlKqK,PE,50
MS,hard,cdCa7qlKqK,EF,80
MS,hard,cdCa7qlKqK,FR,60
MS,medium,cdCa7qlKqK,ME,70
MS,medium,cdCa7qlKqK,PH,60
MS,medium,cdCa7qlKqK,TI,70
MS,medium,cdCa7qlKqK,PE,15
MS,medium,cdCa7qlKqK,EF,65
MS,medium,cdCa7qlKqK,FR,40
MR,medium,cdCa7qlKqK,ME,50
MR,medium,cdCa7qlKqK,PH,50
MR,medium,cdCa7qlKqK,TI,55
MR,medium,cdCa7qlKqK,PE,34
MR,medium,cdCa7qlKqK,EF,56
MR,medium,cdCa7qlKqK,FR,40
MR,easy,cdCa7qlKqK,ME,65
MR,easy,cdCa7qlKqK,PH,50
MR,easy,cdCa7qlKqK,TI,41
MR,easy,cdCa7qlKqK,PE,30
MR,easy,cdCa7qlKqK,EF,60
MR,easy,cdCa7qlKqK,FR,40
MR,hard,cdCa7qlKqK,ME,70
MR,hard,cdCa7qlKqK,PH,40
MR,hard,cdCa7qlKqK,TI,35
MR,hard,cdCa7qlKqK,PE,40
MR,hard,cdCa7qlKqK,EF,70
MR,hard,cdCa7qlKqK,FR,35
ST,medium,cdCa7qlKqK,ME,65
ST,medium,cdCa7qlKqK,PH,65
ST,medium,cdCa7qlKqK,TI,65
ST,medium,cdCa7qlKqK,PE,30
ST,medium,cdCa7qlKqK,EF,65
ST,medium,cdCa7qlKqK,FR,50
ST,easy,cdCa7qlKqK,ME,50
ST,easy,cdCa7qlKqK,PH,51
ST,easy,cdCa7qlKqK,TI,60
ST,easy,cdCa7qlKqK,PE,15
ST,easy,cdCa7qlKqK,EF,50
ST,easy,cdCa7qlKqK,FR,35
ST,easy,0dkwUmCwzJ,ME,6
ST,easy,0dkwUmCwzJ,PH,5
ST,easy,0dkwUmCwzJ,TI,10
ST,easy,0dkwUmCwzJ,PE,5
ST,easy,0dkwUmCwzJ,EF,8
ST,easy,0dkwUmCwzJ,FR,5
MR,medium,0dkwUmCwzJ,ME,70
MR,medium,0dkwUmCwzJ,PH,70
MR,medium,0dkwUmCwzJ,TI,50
MR,medium,0dkwUmCwzJ,PE,65
MR,medium,0dkwUmCwzJ,EF,80
MR,medium,0dkwUmCwzJ,FR,60
MS,hard,0dkwUmCwzJ,ME,95
MS,hard,0dkwUmCwzJ,PH,95
MS,hard,0dkwUmCwzJ,TI,95
MS,hard,0dkwUmCwzJ,PE,89
MS,hard,0dkwUmCwzJ,EF,97
MS,hard,0dkwUmCwzJ,FR,75
MR,hard,0dkwUmCwzJ,ME,47
MR,hard,0dkwUmCwzJ,PH,50
MR,hard,0dkwUmCwzJ,TI,50
MR,hard,0dkwUmCwzJ,PE,50
MR,hard,0dkwUmCwzJ,EF,50
MR,hard,0dkwUmCwzJ,FR,50
MS,easy,0dkwUmCwzJ,ME,7
MS,easy,0dkwUmCwzJ,PH,9
MS,easy,0dkwUmCwzJ,TI,9
MS,easy,0dkwUmCwzJ,PE,0
MS,easy,0dkwUmCwzJ,EF,11
MS,easy,0dkwUmCwzJ,FR,20
MR,easy,0dkwUmCwzJ,ME,7
MR,easy,0dkwUmCwzJ,PH,7
MR,easy,0dkwUmCwzJ,TI,7
MR,easy,0dkwUmCwzJ,PE,28
MR,easy,0dkwUmCwzJ,EF,23
MR,easy,0dkwUmCwzJ,FR,20
ST,medium,0dkwUmCwzJ,ME,50
ST,medium,0dkwUmCwzJ,PH,50
ST,medium,0dkwUmCwzJ,TI,50
ST,medium,0dkwUmCwzJ,PE,55
ST,medium,0dkwUmCwzJ,EF,61
ST,medium,0dkwUmCwzJ,FR,49
MS,medium,0dkwUmCwzJ,ME,49
MS,medium,0dkwUmCwzJ,PH,50
MS,medium,0dkwUmCwzJ,TI,50
MS,medium,0dkwUmCwzJ,PE,35
MS,medium,0dkwUmCwzJ,EF,65
MS,medium,0dkwUmCwzJ,FR,56
ST,hard,0dkwUmCwzJ,ME,97
ST,hard,0dkwUmCwzJ,PH,97
ST,hard,0dkwUmCwzJ,TI,97
ST,hard,0dkwUmCwzJ,PE,97
ST,hard,0dkwUmCwzJ,EF,90
ST,hard,0dkwUmCwzJ,FR,90
ST,hard,h3qLkF1oCE,ME,45
ST,hard,h3qLkF1oCE,PH,15
ST,hard,h3qLkF1oCE,TI,65
ST,hard,h3qLkF1oCE,PE,55
ST,hard,h3qLkF1oCE,EF,45
ST,hard,h3qLkF1oCE,FR,55
MS,medium,h3qLkF1oCE,ME,85
MS,medium,h3qLkF1oCE,PH,45
MS,medium,h3qLkF1oCE,TI,80
MS,medium,h3qLkF1oCE,PE,5
MS,medium,h3qLkF1oCE,EF,69
MS,medium,h3qLkF1oCE,FR,75
ST,medium,h3qLkF1oCE,ME,70
ST,medium,h3qLkF1oCE,PH,29
ST,medium,h3qLkF1oCE,TI,69
ST,medium,h3qLkF1oCE,PE,55
ST,medium,h3qLkF1oCE,EF,60
ST,medium,h3qLkF1oCE,FR,70
MS,hard,h3qLkF1oCE,ME,95
MS,hard,h3qLkF1oCE,PH,55
MS,hard,h3qLkF1oCE,TI,60
MS,hard,h3qLkF1oCE,PE,11
MS,hard,h3qLkF1oCE,EF,75
MS,hard,h3qLkF1oCE,FR,40
ST,easy,h3qLkF1oCE,ME,30
ST,easy,h3qLkF1oCE,PH,20
ST,easy,h3qLkF1oCE,TI,40
ST,easy,h3qLkF1oCE,PE,10
ST,easy,h3qLkF1oCE,EF,50
ST,easy,h3qLkF1oCE,FR,60
MR,hard,h3qLkF1oCE,ME,65
MR,hard,h3qLkF1oCE,PH,35
MR,hard,h3qLkF1oCE,TI,5
MR,hard,h3qLkF1oCE,PE,60
MR,hard,h3qLkF1oCE,EF,30
MR,hard,h3qLkF1oCE,FR,20
MS,easy,h3qLkF1oCE,ME,29
MS,easy,h3qLkF1oCE,PH,29
MS,easy,h3qLkF1oCE,TI,15
MS,easy,h3qLkF1oCE,PE,0
MS,easy,h3qLkF1oCE,EF,45
MS,easy,h3qLkF1oCE,FR,70
MR,easy,h3qLkF1oCE,ME,60
MR,easy,h3qLkF1oCE,PH,30
MR,easy,h3qLkF1oCE,TI,10
MR,easy,h3qLkF1oCE,PE,75
MR,easy,h3qLkF1oCE,EF,56
MR,easy,h3qLkF1oCE,FR,45
MR,medium,h3qLkF1oCE,ME,65
MR,medium,h3qLkF1oCE,PH,36
MR,medium,h3qLkF1oCE,TI,14
MR,medium,h3qLkF1oCE,PE,70
MR,medium,h3qLkF1oCE,EF,45
MR,medium,h3qLkF1oCE,FR,55
MR,hard,Q479YcpCNr,ME,85
MR,hard,Q479YcpCNr,PH,0
MR,hard,Q479YcpCNr,TI,0
MR,hard,Q479YcpCNr,PE,50
MR,hard,Q479YcpCNr,EF,65
MR,hard,Q479YcpCNr,FR,100
MR,medium,Q479YcpCNr,ME,70
MR,medium,Q479YcpCNr,PH,0
MR,medium,Q479YcpCNr,TI,1
MR,medium,Q479YcpCNr,PE,50
MR,medium,Q479YcpCNr,EF,65
MR,medium,Q479YcpCNr,FR,99
ST,medium,Q479YcpCNr,ME,65
ST,medium,Q479YcpCNr,PH,1
ST,medium,Q479YcpCNr,TI,95
ST,medium,Q479YcpCNr,PE,25
ST,medium,Q479YcpCNr,EF,61
ST,medium,Q479YcpCNr,FR,40
ST,hard,Q479YcpCNr,ME,55
ST,hard,Q479YcpCNr,PH,1
ST,hard,Q479YcpCNr,TI,99
ST,hard,Q479YcpCNr,PE,50
ST,hard,Q479YcpCNr,EF,60
ST,hard,Q479YcpCNr,FR,55
MS,medium,Q479YcpCNr,ME,69
MS,medium,Q479YcpCNr,PH,45
MS,medium,Q479YcpCNr,TI,45
MS,medium,Q479YcpCNr,PE,6
MS,medium,Q479YcpCNr,EF,76
MS,medium,Q479YcpCNr,FR,3
ST,easy,Q479YcpCNr,ME,45
ST,easy,Q479YcpCNr,PH,1
ST,easy,Q479YcpCNr,TI,13
ST,easy,Q479YcpCNr,PE,2
ST,easy,Q479YcpCNr,EF,46
ST,easy,Q479YcpCNr,FR,4
MR,easy,Q479YcpCNr,ME,85
MR,easy,Q479YcpCNr,PH,1
MR,easy,Q479YcpCNr,TI,2
MR,easy,Q479YcpCNr,PE,96
MR,easy,Q479YcpCNr,EF,68
MR,easy,Q479YcpCNr,FR,99
MS,hard,Q479YcpCNr,ME,98
MS,hard,Q479YcpCNr,PH,80
MS,hard,Q479YcpCNr,TI,99
MS,hard,Q479YcpCNr,PE,75
MS,hard,Q479YcpCNr,EF,83
MS,hard,Q479YcpCNr,FR,50
MS,easy,Q479YcpCNr,ME,50
MS,easy,Q479YcpCNr,PH,59
MS,easy,Q479YcpCNr,TI,61
MS,easy,Q479YcpCNr,PE,0
MS,easy,Q479YcpCNr,EF,49
MS,easy,Q479YcpCNr,FR,2
ST,hard,vBoSbHJ7AD,ME,70
ST,hard,vBoSbHJ7AD,PH,60
ST,hard,vBoSbHJ7AD,TI,99
ST,hard,vBoSbHJ7AD,PE,30
ST,hard,vBoSbHJ7AD,EF,70
ST,hard,vBoSbHJ7AD,FR,70
MR,easy,vBoSbHJ7AD,ME,85
MR,easy,vBoSbHJ7AD,PH,59
MR,easy,vBoSbHJ7AD,TI,3
MR,easy,vBoSbHJ7AD,PE,71
MR,easy,vBoSbHJ7AD,EF,69
MR,easy,vBoSbHJ7AD,FR,78
MS,easy,vBoSbHJ7AD,ME,23
MS,easy,vBoSbHJ7AD,PH,14
MS,easy,vBoSbHJ7AD,TI,1
MS,easy,vBoSbHJ7AD,PE,0
MS,easy,vBoSbHJ7AD,EF,29
MS,easy,vBoSbHJ7AD,FR,13
MR,hard,vBoSbHJ7AD,ME,75
MR,hard,vBoSbHJ7AD,PH,70
MR,hard,vBoSbHJ7AD,TI,1
MR,hard,vBoSbHJ7AD,PE,56
MR,hard,vBoSbHJ7AD,EF,67
MR,hard,vBoSbHJ7AD,FR,69
MS,medium,vBoSbHJ7AD,ME,73
MS,medium,vBoSbHJ7AD,PH,68
MS,medium,vBoSbHJ7AD,TI,66
MS,medium,vBoSbHJ7AD,PE,24
MS,medium,vBoSbHJ7AD,EF,58
MS,medium,vBoSbHJ7AD,FR,57
MS,hard,vBoSbHJ7AD,ME,74
MS,hard,vBoSbHJ7AD,PH,73
MS,hard,vBoSbHJ7AD,TI,84
MS,hard,vBoSbHJ7AD,PE,88
MS,hard,vBoSbHJ7AD,EF,64
MS,hard,vBoSbHJ7AD,FR,94
MR,medium,vBoSbHJ7AD,ME,66
MR,medium,vBoSbHJ7AD,PH,59
MR,medium,vBoSbHJ7AD,TI,2
MR,medium,vBoSbHJ7AD,PE,23
MR,medium,vBoSbHJ7AD,EF,59
MR,medium,vBoSbHJ7AD,FR,21
ST,medium,vBoSbHJ7AD,ME,57
ST,medium,vBoSbHJ7AD,PH,57
ST,medium,vBoSbHJ7AD,TI,77
ST,medium,vBoSbHJ7AD,PE,72
ST,medium,vBoSbHJ7AD,EF,60
ST,medium,vBoSbHJ7AD,FR,67
ST,easy,vBoSbHJ7AD,ME,58
ST,easy,vBoSbHJ7AD,PH,65
ST,easy,vBoSbHJ7AD,TI,23
ST,easy,vBoSbHJ7AD,PE,1
ST,easy,vBoSbHJ7AD,EF,60
ST,easy,vBoSbHJ7AD,FR,50
MS,easy,JIY5GSm8aI,ME,49
MS,easy,JIY5GSm8aI,PH,35
MS,easy,JIY5GSm8aI,TI,49
MS,easy,JIY5GSm8aI,PE,0
MS,easy,JIY5GSm8aI,EF,50
MS,easy,JIY5GSm8aI,FR,50
MR,medium,JIY5GSm8aI,ME,50
MR,medium,JIY5GSm8aI,PH,50
MR,medium,JIY5GSm8aI,TI,31
MR,medium,JIY5GSm8aI,PE,0
MR,medium,JIY5GSm8aI,EF,49
MR,medium,JIY5GSm8aI,FR,22
ST,medium,JIY5GSm8aI,ME,85
ST,medium,JIY5GSm8aI,PH,50
ST,medium,JIY5GSm8aI,TI,76
ST,medium,JIY5GSm8aI,PE,34
ST,medium,JIY5GSm8aI,EF,74
ST,medium,JIY5GSm8aI,FR,75
MS,medium,JIY5GSm8aI,ME,100
MS,medium,JIY5GSm8aI,PH,100
MS,medium,JIY5GSm8aI,TI,71
MS,medium,JIY5GSm8aI,PE,50
MS,medium,JIY5GSm8aI,EF,99
MS,medium,JIY5GSm8aI,FR,95
ST,easy,JIY5GSm8aI,ME,14
ST,easy,JIY5GSm8aI,PH,19
ST,easy,JIY5GSm8aI,TI,25
ST,easy,JIY5GSm8aI,PE,10
ST,easy,JIY5GSm8aI,EF,14
ST,easy,JIY5GSm8aI,FR,11
MR,easy,JIY5GSm8aI,ME,50
MR,easy,JIY5GSm8aI,PH,45
MR,easy,JIY5GSm8aI,TI,35
MR,easy,JIY5GSm8aI,PE,5
MR,easy,JIY5GSm8aI,EF,34
MR,easy,JIY5GSm8aI,FR,25
ST,hard,JIY5GSm8aI,ME,99
ST,hard,JIY5GSm8aI,PH,77
ST,hard,JIY5GSm8aI,TI,96
ST,hard,JIY5GSm8aI,PE,64
ST,hard,JIY5GSm8aI,EF,90
ST,hard,JIY5GSm8aI,FR,96
MS,hard,JIY5GSm8aI,ME,100
MS,hard,JIY5GSm8aI,PH,95
MS,hard,JIY5GSm8aI,TI,99
MS,hard,JIY5GSm8aI,PE,50
MS,hard,JIY5GSm8aI,EF,100
MS,hard,JIY5GSm8aI,FR,100
MR,hard,JIY5GSm8aI,ME,20
MR,hard,JIY5GSm8aI,PH,15
MR,hard,JIY5GSm8aI,TI,15
MR,hard,JIY5GSm8aI,PE,15
MR,hard,JIY5GSm8aI,EF,30
MR,hard,JIY5GSm8aI,FR,26
MS,hard,KMzkcoEoDX,ME,100
MS,hard,KMzkcoEoDX,PH,5
MS,hard,KMzkcoEoDX,TI,90
MS,hard,KMzkcoEoDX,PE,50
MS,hard,KMzkcoEoDX,EF,85
MS,hard,KMzkcoEoDX,FR,95
MS,easy,KMzkcoEoDX,ME,0
MS,easy,KMzkcoEoDX,PH,0
MS,easy,KMzkcoEoDX,TI,1
MS,easy,KMzkcoEoDX,PE,0
MS,easy,KMzkcoEoDX,EF,0
MS,easy,KMzkcoEoDX,FR,3
MR,medium,KMzkcoEoDX,ME,20
MR,medium,KMzkcoEoDX,PH,0
MR,medium,KMzkcoEoDX,TI,0
MR,medium,KMzkcoEoDX,PE,3
MR,medium,KMzkcoEoDX,EF,20
MR,medium,KMzkcoEoDX,FR,3
ST,easy,KMzkcoEoDX,ME,0
ST,easy,KMzkcoEoDX,PH,0
ST,easy,KMzkcoEoDX,TI,2
ST,easy,KMzkcoEoDX,PE,0
ST,easy,KMzkcoEoDX,EF,2
ST,easy,KMzkcoEoDX,FR,3
MR,hard,KMzkcoEoDX,ME,30
MR,hard,KMzkcoEoDX,PH,0
MR,hard,KMzkcoEoDX,TI,0
MR,hard,KMzkcoEoDX,PE,13
MR,hard,KMzkcoEoDX,EF,40
MR,hard,KMzkcoEoDX,FR,40
MR,easy,KMzkcoEoDX,ME,0
MR,easy,KMzkcoEoDX,PH,0
MR,easy,KMzkcoEoDX,TI,0
MR,easy,KMzkcoEoDX,PE,0
MR,easy,KMzkcoEoDX,EF,0
MR,easy,KMzkcoEoDX,FR,0
MS,medium,KMzkcoEoDX,ME,50
MS,medium,KMzkcoEoDX,PH,0
MS,medium,KMzkcoEoDX,TI,52
MS,medium,KMzkcoEoDX,PE,20
MS,medium,KMzkcoEoDX,EF,39
MS,medium,KMzkcoEoDX,FR,30
ST,medium,KMzkcoEoDX,ME,35
ST,medium,KMzkcoEoDX,PH,0
ST,medium,KMzkcoEoDX,TI,45
ST,medium,KMzkcoEoDX,PE,50
ST,medium,KMzkcoEoDX,EF,50
ST,medium,KMzkcoEoDX,FR,60
ST,hard,KMzkcoEoDX,ME,65
ST,hard,KMzkcoEoDX,PH,10
ST,hard,KMzkcoEoDX,TI,90
ST,hard,KMzkcoEoDX,PE,70
ST,hard,KMzkcoEoDX,EF,80
ST,hard,KMzkcoEoDX,FR,87
MR,hard,bKUxjX0i0W,ME,40
MR,hard,bKUxjX0i0W,PH,30
MR,hard,bKUxjX0i0W,TI,45
MR,hard,bKUxjX0i0W,PE,51
MR,hard,bKUxjX0i0W,EF,40
MR,hard,bKUxjX0i0W,FR,40
MS,easy,bKUxjX0i0W,ME,60
MS,easy,bKUxjX0i0W,PH,50
MS,easy,bKUxjX0i0W,TI,40
MS,easy,bKUxjX0i0W,PE,0
MS,easy,bKUxjX0i0W,EF,50
MS,easy,bKUxjX0i0W,FR,40
MS,medium,bKUxjX0i0W,ME,95
MS,medium,bKUxjX0i0W,PH,51
MS,medium,bKUxjX0i0W,TI,46
MS,medium,bKUxjX0i0W,PE,25
MS,medium,bKUxjX0i0W,EF,80
MS,medium,bKUxjX0i0W,FR,65
MR,easy,bKUxjX0i0W,ME,50
MR,easy,bKUxjX0i0W,PH,50
MR,easy,bKUxjX0i0W,TI,50
MR,easy,bKUxjX0i0W,PE,51
MR,easy,bKUxjX0i0W,EF,30
MR,easy,bKUxjX0i0W,FR,31
MR,medium,bKUxjX0i0W,ME,51
MR,medium,bKUxjX0i0W,PH,30
MR,medium,bKUxjX0i0W,TI,40
MR,medium,bKUxjX0i0W,PE,50
MR,medium,bKUxjX0i0W,EF,45
MR,medium,bKUxjX0i0W,FR,45
MS,hard,bKUxjX0i0W,ME,100
MS,hard,bKUxjX0i0W,PH,71
MS,hard,bKUxjX0i0W,TI,34
MS,hard,bKUxjX0i0W,PE,65
MS,hard,bKUxjX0i0W,EF,74
MS,hard,bKUxjX0i0W,FR,70
ST,medium,bKUxjX0i0W,ME,91
ST,medium,bKUxjX0i0W,PH,51
ST,medium,bKUxjX0i0W,TI,41
ST,medium,bKUxjX0i0W,PE,50
ST,medium,bKUxjX0i0W,EF,50
ST,medium,bKUxjX0i0W,FR,50
ST,hard,bKUxjX0i0W,ME,99
ST,hard,bKUxjX0i0W,PH,85
ST,hard,bKUxjX0i0W,TI,20
ST,hard,bKUxjX0i0W,PE,92
ST,hard,bKUxjX0i0W,EF,71
ST,hard,bKUxjX0i0W,FR,70
ST,easy,bKUxjX0i0W,ME,80
ST,easy,bKUxjX0i0W,PH,50
ST,easy,bKUxjX0i0W,TI,37
ST,easy,bKUxjX0i0W,PE,14
ST,easy,bKUxjX0i0W,EF,72
ST,easy,bKUxjX0i0W,FR,69
MS,easy,cGANl4iQl1,ME,60
MS,easy,cGANl4iQl1,PH,55
MS,easy,cGANl4iQl1,TI,25
MS,easy,cGANl4iQl1,PE,30
MS,easy,cGANl4iQl1,EF,55
MS,easy,cGANl4iQl1,FR,45
MR,medium,cGANl4iQl1,ME,79
MR,medium,cGANl4iQl1,PH,50
MR,medium,cGANl4iQl1,TI,25
MR,medium,cGANl4iQl1,PE,65
MR,medium,cGANl4iQl1,EF,75
MR,medium,cGANl4iQl1,FR,85
ST,easy,cGANl4iQl1,ME,45
ST,easy,cGANl4iQl1,PH,26
ST,easy,cGANl4iQl1,TI,65
ST,easy,cGANl4iQl1,PE,30
ST,easy,cGANl4iQl1,EF,40
ST,easy,cGANl4iQl1,FR,30
MR,hard,cGANl4iQl1,ME,85
MR,hard,cGANl4iQl1,PH,34
MR,hard,cGANl4iQl1,TI,15
MR,hard,cGANl4iQl1,PE,45
MR,hard,cGANl4iQl1,EF,84
MR,hard,cGANl4iQl1,FR,90
MS,hard,cGANl4iQl1,ME,95
MS,hard,cGANl4iQl1,PH,65
MS,hard,cGANl4iQl1,TI,89
MS,hard,cGANl4iQl1,PE,85
MS,hard,cGANl4iQl1,EF,84
MS,hard,cGANl4iQl1,FR,80
MS,medium,cGANl4iQl1,ME,90
MS,medium,cGANl4iQl1,PH,55
MS,medium,cGANl4iQl1,TI,84
MS,medium,cGANl4iQl1,PE,65
MS,medium,cGANl4iQl1,EF,89
MS,medium,cGANl4iQl1,FR,96
ST,medium,cGANl4iQl1,ME,85
ST,medium,cGANl4iQl1,PH,24
ST,medium,cGANl4iQl1,TI,90
ST,medium,cGANl4iQl1,PE,70
ST,medium,cGANl4iQl1,EF,85
ST,medium,cGANl4iQl1,FR,70
ST,hard,cGANl4iQl1,ME,85
ST,hard,cGANl4iQl1,PH,20
ST,hard,cGANl4iQl1,TI,99
ST,hard,cGANl4iQl1,PE,64
ST,hard,cGANl4iQl1,EF,90
ST,hard,cGANl4iQl1,FR,100
MR,easy,cGANl4iQl1,ME,80
MR,easy,cGANl4iQl1,PH,19
MR,easy,cGANl4iQl1,TI,21
MR,easy,cGANl4iQl1,PE,64
MR,easy,cGANl4iQl1,EF,79
MR,easy,cGANl4iQl1,FR,85
MS,easy,jDL2pqqoXv,ME,9
MS,easy,jDL2pqqoXv,PH,1
MS,easy,jDL2pqqoXv,TI,32
MS,easy,jDL2pqqoXv,PE,14
MS,easy,jDL2pqqoXv,EF,21
MS,easy,jDL2pqqoXv,FR,19
ST,medium,jDL2pqqoXv,ME,48
ST,medium,jDL2pqqoXv,PH,23
ST,medium,jDL2pqqoXv,TI,98
ST,medium,jDL2pqqoXv,PE,5
ST,medium,jDL2pqqoXv,EF,48
ST,medium,jDL2pqqoXv,FR,50
MR,hard,jDL2pqqoXv,ME,98
MR,hard,jDL2pqqoXv,PH,20
MR,hard,jDL2pqqoXv,TI,1
MR,hard,jDL2pqqoXv,PE,50
MR,hard,jDL2pqqoXv,EF,65
MR,hard,jDL2pqqoXv,FR,36
MR,medium,jDL2pqqoXv,ME,69
MR,medium,jDL2pqqoXv,PH,26
MR,medium,jDL2pqqoXv,TI,13
MR,medium,jDL2pqqoXv,PE,27
MR,medium,jDL2pqqoXv,EF,65
MR,medium,jDL2pqqoXv,FR,64
MR,easy,jDL2pqqoXv,ME,50
MR,easy,jDL2pqqoXv,PH,30
MR,easy,jDL2pqqoXv,TI,7
MR,easy,jDL2pqqoXv,PE,25
MR,easy,jDL2pqqoXv,EF,74
MR,easy,jDL2pqqoXv,FR,60
MS,medium,jDL2pqqoXv,ME,99
MS,medium,jDL2pqqoXv,PH,70
MS,medium,jDL2pqqoXv,TI,97
MS,medium,jDL2pqqoXv,PE,5
MS,medium,jDL2pqqoXv,EF,99
MS,medium,jDL2pqqoXv,FR,99
MS,hard,jDL2pqqoXv,ME,99
MS,hard,jDL2pqqoXv,PH,99
MS,hard,jDL2pqqoXv,TI,98
MS,hard,jDL2pqqoXv,PE,15
MS,hard,jDL2pqqoXv,EF,98
MS,hard,jDL2pqqoXv,FR,98
ST,hard,jDL2pqqoXv,ME,100
ST,hard,jDL2pqqoXv,PH,97
ST,hard,jDL2pqqoXv,TI,22
ST,hard,jDL2pqqoXv,PE,1
ST,hard,jDL2pqqoXv,EF,99
ST,hard,jDL2pqqoXv,FR,97
ST,easy,jDL2pqqoXv,ME,76
ST,easy,jDL2pqqoXv,PH,55
ST,easy,jDL2pqqoXv,TI,69
ST,easy,jDL2pqqoXv,PE,1
ST,easy,jDL2pqqoXv,EF,76
ST,easy,jDL2pqqoXv,FR,76
MS,hard,HV4ueBgaoL,ME,100
MS,hard,HV4ueBgaoL,PH,50
MS,hard,HV4ueBgaoL,TI,100
MS,hard,HV4ueBgaoL,PE,35
MS,hard,HV4ueBgaoL,EF,100
MS,hard,HV4ueBgaoL,FR,100
MR,easy,HV4ueBgaoL,ME,100
MR,easy,HV4ueBgaoL,PH,0
MR,easy,HV4ueBgaoL,TI,0
MR,easy,HV4ueBgaoL,PE,95
MR,easy,HV4ueBgaoL,EF,70
MR,easy,HV4ueBgaoL,FR,100
MR,hard,HV4ueBgaoL,ME,65
MR,hard,HV4ueBgaoL,PH,0
MR,hard,HV4ueBgaoL,TI,0
MR,hard,HV4ueBgaoL,PE,100
MR,hard,HV4ueBgaoL,EF,20
MR,hard,HV4ueBgaoL,FR,100
MS,easy,HV4ueBgaoL,ME,100
MS,easy,HV4ueBgaoL,PH,50
MS,easy,HV4ueBgaoL,TI,50
MS,easy,HV4ueBgaoL,PE,0
MS,easy,HV4ueBgaoL,EF,100
MS,easy,HV4ueBgaoL,FR,100
ST,medium,HV4ueBgaoL,ME,100
ST,medium,HV4ueBgaoL,PH,0
ST,medium,HV4ueBgaoL,TI,100
ST,medium,HV4ueBgaoL,PE,50
ST,medium,HV4ueBgaoL,EF,100
ST,medium,HV4ueBgaoL,FR,100
MR,medium,HV4ueBgaoL,ME,100
MR,medium,HV4ueBgaoL,PH,0
MR,medium,HV4ueBgaoL,TI,0
MR,medium,HV4ueBgaoL,PE,100
MR,medium,HV4ueBgaoL,EF,10
MR,medium,HV4ueBgaoL,FR,100
MS,medium,HV4ueBgaoL,ME,100
MS,medium,HV4ueBgaoL,PH,100
MS,medium,HV4ueBgaoL,TI,50
MS,medium,HV4ueBgaoL,PE,50
MS,medium,HV4ueBgaoL,EF,100
MS,medium,HV4ueBgaoL,FR,100
ST,hard,HV4ueBgaoL,ME,100
ST,hard,HV4ueBgaoL,PH,0
ST,hard,HV4ueBgaoL,TI,100
ST,hard,HV4ueBgaoL,PE,100
ST,hard,HV4ueBgaoL,EF,100
ST,hard,HV4ueBgaoL,FR,100
ST,easy,HV4ueBgaoL,ME,65
ST,easy,HV4ueBgaoL,PH,0
ST,easy,HV4ueBgaoL,TI,90
ST,easy,HV4ueBgaoL,PE,25
ST,easy,HV4ueBgaoL,EF,100
ST,easy,HV4ueBgaoL,FR,99
MS,medium,2HJHCZEQE1,ME,81
MS,medium,2HJHCZEQE1,PH,63
MS,medium,2HJHCZEQE1,TI,83
MS,medium,2HJHCZEQE1,PE,73
MS,medium,2HJHCZEQE1,EF,76
MS,medium,2HJHCZEQE1,FR,81
MR,medium,2HJHCZEQE1,ME,57
MR,medium,2HJHCZEQE1,PH,35
MR,medium,2HJHCZEQE1,TI,24
MR,medium,2HJHCZEQE1,PE,64
MR,medium,2HJHCZEQE1,EF,74
MR,medium,2HJHCZEQE1,FR,51
MS,easy,2HJHCZEQE1,ME,62
MS,easy,2HJHCZEQE1,PH,38
MS,easy,2HJHCZEQE1,TI,63
MS,easy,2HJHCZEQE1,PE,22
MS,easy,2HJHCZEQE1,EF,69
MS,easy,2HJHCZEQE1,FR,54
ST,easy,2HJHCZEQE1,ME,62
ST,easy,2HJHCZEQE1,PH,40
ST,easy,2HJHCZEQE1,TI,63
ST,easy,2HJHCZEQE1,PE,13
ST,easy,2HJHCZEQE1,EF,67
ST,easy,2HJHCZEQE1,FR,51
MR,easy,2HJHCZEQE1,ME,60
MR,easy,2HJHCZEQE1,PH,43
MR,easy,2HJHCZEQE1,TI,21
MR,easy,2HJHCZEQE1,PE,43
MR,easy,2HJHCZEQE1,EF,72
MR,easy,2HJHCZEQE1,FR,59
ST,hard,2HJHCZEQE1,ME,76
ST,hard,2HJHCZEQE1,PH,62
ST,hard,2HJHCZEQE1,TI,98
ST,hard,2HJHCZEQE1,PE,49
ST,hard,2HJHCZEQE1,EF,72
ST,hard,2HJHCZEQE1,FR,89
MS,hard,2HJHCZEQE1,ME,98
MS,hard,2HJHCZEQE1,PH,83
MS,hard,2HJHCZEQE1,TI,98
MS,hard,2HJHCZEQE1,PE,37
MS,hard,2HJHCZEQE1,EF,98
MS,hard,2HJHCZEQE1,FR,98
MR,hard,2HJHCZEQE1,ME,97
MR,hard,2HJHCZEQE1,PH,64
MR,hard,2HJHCZEQE1,TI,37
MR,hard,2HJHCZEQE1,PE,86
MR,hard,2HJHCZEQE1,EF,85
MR,hard,2HJHCZEQE1,FR,98
ST,medium,2HJHCZEQE1,ME,75
ST,medium,2HJHCZEQE1,PH,47
ST,medium,2HJHCZEQE1,TI,97
ST,medium,2HJHCZEQE1,PE,82
ST,medium,2HJHCZEQE1,EF,75
ST,medium,2HJHCZEQE1,FR,94
MS,medium,Fd15tXKjh3,ME,53
MS,medium,Fd15tXKjh3,PH,10
MS,medium,Fd15tXKjh3,TI,50
MS,medium,Fd15tXKjh3,PE,0
MS,medium,Fd15tXKjh3,EF,40
MS,medium,Fd15tXKjh3,FR,67
ST,easy,Fd15tXKjh3,ME,14
ST,easy,Fd15tXKjh3,PH,2
ST,easy,Fd15tXKjh3,TI,3
ST,easy,Fd15tXKjh3,PE,0
ST,easy,Fd15tXKjh3,EF,17
ST,easy,Fd15tXKjh3,FR,5
MR,hard,Fd15tXKjh3,ME,78
MR,hard,Fd15tXKjh3,PH,9
MR,hard,Fd15tXKjh3,TI,19
MR,hard,Fd15tXKjh3,PE,5
MR,hard,Fd15tXKjh3,EF,67
MR,hard,Fd15tXKjh3,FR,70
MS,hard,Fd15tXKjh3,ME,69
MS,hard,Fd15tXKjh3,PH,6
MS,hard,Fd15tXKjh3,TI,77
MS,hard,Fd15tXKjh3,PE,13
MS,hard,Fd15tXKjh3,EF,70
MS,hard,Fd15tXKjh3,FR,81
MR,medium,Fd15tXKjh3,ME,42
MR,medium,Fd15tXKjh3,PH,5
MR,medium,Fd15tXKjh3,TI,13
MR,medium,Fd15tXKjh3,PE,1
MR,medium,Fd15tXKjh3,EF,15
MR,medium,Fd15tXKjh3,FR,10
ST,medium,Fd15tXKjh3,ME,84
ST,medium,Fd15tXKjh3,PH,8
ST,medium,Fd15tXKjh3,TI,98
ST,medium,Fd15tXKjh3,PE,20
ST,medium,Fd15tXKjh3,EF,73
ST,medium,Fd15tXKjh3,FR,84
ST,hard,Fd15tXKjh3,ME,97
ST,hard,Fd15tXKjh3,PH,2
ST,hard,Fd15tXKjh3,TI,99
ST,hard,Fd15tXKjh3,PE,53
ST,hard,Fd15tXKjh3,EF,76
ST,hard,Fd15tXKjh3,FR,95
MR,easy,Fd15tXKjh3,ME,2
MR,easy,Fd15tXKjh3,PH,4
MR,easy,Fd15tXKjh3,TI,4
MR,easy,Fd15tXKjh3,PE,0
MR,easy,Fd15tXKjh3,EF,7
MR,easy,Fd15tXKjh3,FR,6
MS,easy,Fd15tXKjh3,ME,6
MS,easy,Fd15tXKjh3,PH,4
MS,easy,Fd15tXKjh3,TI,5
MS,easy,Fd15tXKjh3,PE,0
MS,easy,Fd15tXKjh3,EF,4
MS,easy,Fd15tXKjh3,FR,18
MS,medium,E1wQ16OGRS,ME,70
MS,medium,E1wQ16OGRS,PH,5
MS,medium,E1wQ16OGRS,TI,90
MS,medium,E1wQ16OGRS,PE,35
MS,medium,E1wQ16OGRS,EF,65
MS,medium,E1wQ16OGRS,FR,70
MS,easy,E1wQ16OGRS,ME,5
MS,easy,E1wQ16OGRS,PH,1
MS,easy,E1wQ16OGRS,TI,5
MS,easy,E1wQ16OGRS,PE,0
MS,easy,E1wQ16OGRS,EF,5
MS,easy,E1wQ16OGRS,FR,2
ST,easy,E1wQ16OGRS,ME,5
ST,easy,E1wQ16OGRS,PH,0
ST,easy,E1wQ16OGRS,TI,5
ST,easy,E1wQ16OGRS,PE,0
ST,easy,E1wQ16OGRS,EF,1
ST,easy,E1wQ16OGRS,FR,0
MS,hard,E1wQ16OGRS,ME,95
MS,hard,E1wQ16OGRS,PH,5
MS,hard,E1wQ16OGRS,TI,100
MS,hard,E1wQ16OGRS,PE,70
MS,hard,E1wQ16OGRS,EF,85
MS,hard,E1wQ16OGRS,FR,15
MR,easy,E1wQ16OGRS,ME,10
MR,easy,E1wQ16OGRS,PH,1
MR,easy,E1wQ16OGRS,TI,0
MR,easy,E1wQ16OGRS,PE,5
MR,easy,E1wQ16OGRS,EF,5
MR,easy,E1wQ16OGRS,FR,0
MR,medium,E1wQ16OGRS,ME,10
MR,medium,E1wQ16OGRS,PH,1
MR,medium,E1wQ16OGRS,TI,0
MR,medium,E1wQ16OGRS,PE,6
MR,medium,E1wQ16OGRS,EF,5
MR,medium,E1wQ16OGRS,FR,0
ST,medium,E1wQ16OGRS,ME,20
ST,medium,E1wQ16OGRS,PH,5
ST,medium,E1wQ16OGRS,TI,85
ST,medium,E1wQ16OGRS,PE,25
ST,medium,E1wQ16OGRS,EF,40
ST,medium,E1wQ16OGRS,FR,5
ST,hard,E1wQ16OGRS,ME,5
ST,hard,E1wQ16OGRS,PH,1
ST,hard,E1wQ16OGRS,TI,100
ST,hard,E1wQ16OGRS,PE,85
ST,hard,E1wQ16OGRS,EF,5
ST,hard,E1wQ16OGRS,FR,75
MR,hard,E1wQ16OGRS,ME,5
MR,hard,E1wQ16OGRS,PH,2
MR,hard,E1wQ16OGRS,TI,0
MR,hard,E1wQ16OGRS,PE,8
MR,hard,E1wQ16OGRS,EF,15
MR,hard,E1wQ16OGRS,FR,2
MS,medium,E6k5x9v8pf,ME,16
MS,medium,E6k5x9v8pf,PH,5
MS,medium,E6k5x9v8pf,TI,23
MS,medium,E6k5x9v8pf,PE,13
MS,medium,E6k5x9v8pf,EF,24
MS,medium,E6k5x9v8pf,FR,5
ST,easy,E6k5x9v8pf,ME,6
ST,easy,E6k5x9v8pf,PH,1
ST,easy,E6k5x9v8pf,TI,6
ST,easy,E6k5x9v8pf,PE,4
ST,easy,E6k5x9v8pf,EF,4
ST,easy,E6k5x9v8pf,FR,2
ST,medium,E6k5x9v8pf,ME,53
ST,medium,E6k5x9v8pf,PH,4
ST,medium,E6k5x9v8pf,TI,93
ST,medium,E6k5x9v8pf,PE,44
ST,medium,E6k5x9v8pf,EF,43
ST,medium,E6k5x9v8pf,FR,58
MS,easy,E6k5x9v8pf,ME,9
MS,easy,E6k5x9v8pf,PH,9
MS,easy,E6k5x9v8pf,TI,4
MS,easy,E6k5x9v8pf,PE,7
MS,easy,E6k5x9v8pf,EF,13
MS,easy,E6k5x9v8pf,FR,6
MR,hard,E6k5x9v8pf,ME,21
MR,hard,E6k5x9v8pf,PH,6
MR,hard,E6k5x9v8pf,TI,2
MR,hard,E6k5x9v8pf,PE,19
MR,hard,E6k5x9v8pf,EF,21
MR,hard,E6k5x9v8pf,FR,8
MR,medium,E6k5x9v8pf,ME,5
MR,medium,E6k5x9v8pf,PH,2
MR,medium,E6k5x9v8pf,TI,0
MR,medium,E6k5x9v8pf,PE,2
MR,medium,E6k5x9v8pf,EF,4
MR,medium,E6k5x9v8pf,FR,3
MS,hard,E6k5x9v8pf,ME,75
MS,hard,E6k5x9v8pf,PH,8
MS,hard,E6k5x9v8pf,TI,100
MS,hard,E6k5x9v8pf,PE,73
MS,hard,E6k5x9v8pf,EF,61
MS,hard,E6k5x9v8pf,FR,90
MR,easy,E6k5x9v8pf,ME,2
MR,easy,E6k5x9v8pf,PH,3
MR,easy,E6k5x9v8pf,TI,0
MR,easy,E6k5x9v8pf,PE,0
MR,easy,E6k5x9v8pf,EF,7
MR,easy,E6k5x9v8pf,FR,0
ST,hard,E6k5x9v8pf,ME,87
ST,hard,E6k5x9v8pf,PH,4
ST,hard,E6k5x9v8pf,TI,100
ST,hard,E6k5x9v8pf,PE,100
ST,hard,E6k5x9v8pf,EF,0
ST,hard,E6k5x9v8pf,FR,98
MS,hard,cSI9W49vxo,ME,73
MS,hard,cSI9W49vxo,PH,63
MS,hard,cSI9W49vxo,TI,85
MS,hard,cSI9W49vxo,PE,72
MS,hard,cSI9W49vxo,EF,74
MS,hard,cSI9W49vxo,FR,71
MR,hard,cSI9W49vxo,ME,24
MR,hard,cSI9W49vxo,PH,34
MR,hard,cSI9W49vxo,TI,34
MR,hard,cSI9W49vxo,PE,8
MR,hard,cSI9W49vxo,EF,54
MR,hard,cSI9W49vxo,FR,60
MS,medium,cSI9W49vxo,ME,66
MS,medium,cSI9W49vxo,PH,56
MS,medium,cSI9W49vxo,TI,63
MS,medium,cSI9W49vxo,PE,64
MS,medium,cSI9W49vxo,EF,58
MS,medium,cSI9W49vxo,FR,57
ST,easy,cSI9W49vxo,ME,43
ST,easy,cSI9W49vxo,PH,42
ST,easy,cSI9W49vxo,TI,42
ST,easy,cSI9W49vxo,PE,12
ST,easy,cSI9W49vxo,EF,55
ST,easy,cSI9W49vxo,FR,46
MR,medium,cSI9W49vxo,ME,67
MR,medium,cSI9W49vxo,PH,61
MR,medium,cSI9W49vxo,TI,60
MR,medium,cSI9W49vxo,PE,43
MR,medium,cSI9W49vxo,EF,61
MR,medium,cSI9W49vxo,FR,70
MS,easy,cSI9W49vxo,ME,45
MS,easy,cSI9W49vxo,PH,47
MS,easy,cSI9W49vxo,TI,52
MS,easy,cSI9W49vxo,PE,18
MS,easy,cSI9W49vxo,EF,59
MS,easy,cSI9W49vxo,FR,62
ST,hard,cSI9W49vxo,ME,72
ST,hard,cSI9W49vxo,PH,89
ST,hard,cSI9W49vxo,TI,98
ST,hard,cSI9W49vxo,PE,87
ST,hard,cSI9W49vxo,EF,59
ST,hard,cSI9W49vxo,FR,88
ST,medium,cSI9W49vxo,ME,63
ST,medium,cSI9W49vxo,PH,59
ST,medium,cSI9W49vxo,TI,76
ST,medium,cSI9W49vxo,PE,62
ST,medium,cSI9W49vxo,EF,56
ST,medium,cSI9W49vxo,FR,62
MR,easy,cSI9W49vxo,ME,55
MR,easy,cSI9W49vxo,PH,44
MR,easy,cSI9W49vxo,TI,52
MR,easy,cSI9W49vxo,PE,47
MR,easy,cSI9W49vxo,EF,57
MR,easy,cSI9W49vxo,FR,57
