task,level,id,ME,PH,TI,PE,EF,FR,OW
MS,hard,3hMsm8I7aY,97,1,76,35,78,100,387
MS,easy,3hMsm8I7aY,87,NA,55,11,62,64,NA
MR,medium,3hMsm8I7aY,98,3,2,46,85,66,300
MR,hard,3hMsm8I7aY,67,2,4,48,64,72,257
MR,easy,3hMsm8I7aY,65,1,2,46,5,58,177
ST,hard,3hMsm8I7aY,98,64,98,88,89,100,537
ST,medium,3hMsm8I7aY,67,NA,76,3,60,91,NA
MS,medium,3hMsm8I7aY,88,19,8,9,71,74,269
ST,easy,3hMsm8I7aY,70,53,72,2,65,72,334
MS,medium,TM72GyUTkf,60,10,81,55,60,61,327
MR,medium,TM72GyUTkf,63,27,0,80,38,60,268
ST,hard,TM72GyUTkf,43,11,92,85,44,85,360
ST,medium,TM72GyUTkf,60,3,60,35,64,34,256
MS,hard,TM72GyUTkf,67,9,86,78,68,42,350
MR,hard,TM72GyUTkf,60,20,1,70,61,62,274
MS,easy,TM72GyUTkf,41,3,7,4,15,10,80
MR,easy,TM72GyUTkf,9,7,1,78,42,54,191
ST,easy,TM72GyUTkf,15,8,32,18,11,2,86
MS,easy,vXDUnP6HMG,9,2,18,0,16,0,45
ST,easy,vXDUnP6HMG,41,5,45,11,45,59,206
MR,hard,vXDUnP6HMG,93,2,16,40,90,94,335
MR,medium,vXDUnP6HMG,81,4,10,20,85,75,275
ST,medium,vXDUnP6HMG,86,4,93,40,85,75,383
MR,easy,vXDUnP6HMG,16,1,1,20,25,11,74
ST,hard,vXDUnP6HMG,100,0,99,85,100,95,479
MS,hard,vXDUnP6HMG,100,0,95,45,99,85,424
MS,medium,vXDUnP6HMG,70,11,60,15,74,65,295
MS,hard,Go0eoSC1Hu,40,38,50,51,69,41,289
MR,easy,Go0eoSC1Hu,49,25,24,27,25,22,172
ST,medium,Go0eoSC1Hu,50,30,51,50,54,44,279
MS,medium,Go0eoSC1Hu,36,25,25,26,49,17,178
MS,easy,Go0eoSC1Hu,29,23,15,7,13,3,90
ST,easy,Go0eoSC1Hu,32,18,11,6,15,3,85
ST,hard,Go0eoSC1Hu,NA,99,99,90,85,93,NA
MR,medium,Go0eoSC1Hu,50,26,26,20,29,8,159
MR,hard,Go0eoSC1Hu,50,20,20,38,62,12,202
MS,medium,uofo7FKPdo,98,34,100,52,90,90,464
MR,medium,uofo7FKPdo,21,1,1,33,61,61,178
MS,easy,uofo7FKPdo,0,8,4,5,6,57,80
ST,easy,uofo7FKPdo,2,4,1,0,0,1,8
MR,easy,uofo7FKPdo,26,32,1,57,25,19,160
ST,medium,uofo7FKPdo,8,1,15,67,20,6,117
MR,hard,uofo7FKPdo,75,1,3,82,17,91,269
MS,hard,uofo7FKPdo,88,NA,79,75,69,12,NA
ST,hard,uofo7FKPdo,92,1,81,NA,21,15,NA
ST,medium,VEZTZ89Pge,80,64,95,63,67,85,454
MR,hard,VEZTZ89Pge,85,71,37,53,87,65,398
ST,hard,VEZTZ89Pge,74,68,92,89,66,86,475
MS,medium,VEZTZ89Pge,78,67,88,75,79,80,467
ST,easy,VEZTZ89Pge,62,48,43,33,42,42,270
MR,easy,VEZTZ89Pge,40,34,23,28,40,42,207
MR,medium,VEZTZ89Pge,60,43,30,59,59,45,296
MS,hard,VEZTZ89Pge,69,61,83,88,55,51,407
MS,easy,VEZTZ89Pge,27,NA,28,29,35,15,NA
ST,easy,HF94YUUt2C,15,0,15,0,25,19,74
MR,hard,HF94YUUt2C,65,10,0,40,70,65,250
MR,medium,HF94YUUt2C,70,11,5,49,71,78,284
MS,hard,HF94YUUt2C,84,1,86,39,92,50,352
MS,medium,HF94YUUt2C,75,10,95,25,90,49,344
MR,easy,HF94YUUt2C,60,1,3,39,72,64,239
ST,medium,HF94YUUt2C,77,5,93,43,86,90,394
ST,hard,HF94YUUt2C,97,3,98,51,75,98,422
MS,easy,HF94YUUt2C,49,4,21,8,60,17,159
MR,hard,z93bJWn4hw,75,4,50,46,55,15,245
MS,hard,z93bJWn4hw,60,30,81,60,60,45,336
ST,medium,z93bJWn4hw,60,20,60,85,NA,55,NA
MS,medium,z93bJWn4hw,51,NA,58,35,40,21,NA
MR,easy,z93bJWn4hw,15,10,10,10,15,15,75
MS,easy,z93bJWn4hw,45,30,30,0,25,15,145
ST,hard,z93bJWn4hw,65,12,90,95,55,55,372
MR,medium,z93bJWn4hw,55,10,15,50,55,35,220
ST,easy,z93bJWn4hw,5,5,10,1,36,35,92
MS,medium,PsevAJnzJ0,65,0,50,45,64,57,281
MR,hard,PsevAJnzJ0,65,0,27,48,58,67,265
MR,easy,PsevAJnzJ0,46,1,33,43,52,57,232
MR,medium,PsevAJnzJ0,65,0,50,50,54,72,291
ST,medium,PsevAJnzJ0,50,0,59,48,54,50,261
ST,easy,PsevAJnzJ0,32,0,48,13,62,51,206
ST,hard,PsevAJnzJ0,56,0,68,52,57,51,284
MS,hard,PsevAJnzJ0,71,0,76,86,73,60,366
MS,easy,PsevAJnzJ0,33,0,24,1,41,27,126
MR,easy,Piksbkqbn1,74,5,20,36,80,50,265
MR,hard,Piksbkqbn1,90,9,50,80,65,63,357
MS,hard,Piksbkqbn1,95,6,90,80,90,70,431
MR,medium,Piksbkqbn1,69,2,65,85,55,40,316
MS,medium,Piksbkqbn1,99,1,75,55,89,66,385
MS,easy,Piksbkqbn1,50,0,13,10,19,12,104
ST,medium,Piksbkqbn1,81,2,NA,95,78,56,NA
ST,hard,Piksbkqbn1,92,2,100,96,65,55,410
ST,easy,Piksbkqbn1,50,0,27,24,32,17,150
ST,easy,dWejUN00z6,30,5,50,50,20,21,176
ST,hard,dWejUN00z6,50,5,49,99,20,5,228
ST,medium,dWejUN00z6,50,4,50,95,10,10,219
MS,medium,dWejUN00z6,51,5,5,70,30,30,191
MS,hard,dWejUN00z6,50,6,24,76,24,24,204
MS,easy,dWejUN00z6,50,5,10,60,25,25,175
MR,hard,dWejUN00z6,6,6,6,99,10,10,137
MR,medium,dWejUN00z6,10,6,6,100,5,5,132
MR,easy,dWejUN00z6,5,5,5,99,5,5,124
MS,easy,qG1rKdXNBQ,1,1,0,1,0,2,5
ST,hard,qG1rKdXNBQ,89,31,98,39,98,66,421
MR,medium,qG1rKdXNBQ,94,42,23,36,91,13,299
MR,easy,qG1rKdXNBQ,97,17,32,69,98,76,389
MS,hard,qG1rKdXNBQ,58,15,58,13,23,22,189
ST,medium,qG1rKdXNBQ,13,12,13,8,12,3,61
MS,medium,qG1rKdXNBQ,2,3,2,3,1,4,15
ST,easy,qG1rKdXNBQ,2,2,2,7,2,2,17
MR,hard,qG1rKdXNBQ,94,56,7,62,98,98,415
ST,medium,2dX8HaA5QM,75,65,80,45,75,65,405
MS,medium,2dX8HaA5QM,94,85,90,89,85,75,518
MR,hard,2dX8HaA5QM,80,70,29,45,70,35,329
ST,easy,2dX8HaA5QM,60,55,65,40,60,45,325
MS,hard,2dX8HaA5QM,85,75,85,88,95,90,518
MS,easy,2dX8HaA5QM,60,54,50,7,65,30,266
MR,easy,2dX8HaA5QM,57,57,35,16,60,30,255
MR,medium,2dX8HaA5QM,60,55,34,25,55,35,264
ST,hard,2dX8HaA5QM,80,70,85,77,84,84,480
ST,easy,jipsxYWATF,10,0,5,0,10,0,25
MR,medium,jipsxYWATF,55,0,0,45,45,10,155
ST,hard,jipsxYWATF,50,0,35,45,0,5,135
MS,easy,jipsxYWATF,5,0,0,0,5,0,10
MS,hard,jipsxYWATF,60,0,66,69,60,5,260
MS,medium,jipsxYWATF,25,0,15,20,10,0,70
MR,hard,jipsxYWATF,44,0,0,40,35,0,119
ST,medium,jipsxYWATF,15,0,5,20,15,1,56
MR,easy,jipsxYWATF,20,1,0,35,20,1,77
MR,easy,1W5HQaoCSR,5,0,0,50,15,5,75
ST,medium,1W5HQaoCSR,35,0,50,15,10,15,125
MR,medium,1W5HQaoCSR,70,0,0,60,20,5,155
ST,easy,1W5HQaoCSR,40,20,5,15,25,5,110
MS,hard,1W5HQaoCSR,80,NA,76,78,61,61,NA
MS,medium,1W5HQaoCSR,49,33,50,41,47,6,226
MR,hard,1W5HQaoCSR,70,39,7,75,76,54,321
ST,hard,1W5HQaoCSR,68,35,99,84,51,52,389
MS,easy,1W5HQaoCSR,0,NA,0,1,0,0,NA
MR,easy,qn7iE4w9eA,50,50,5,50,75,50,280
ST,easy,qn7iE4w9eA,10,25,50,15,50,85,235
MR,hard,qn7iE4w9eA,70,75,5,65,75,90,380
ST,medium,qn7iE4w9eA,25,15,95,65,90,95,385
MS,easy,qn7iE4w9eA,10,20,5,5,55,70,165
MS,medium,qn7iE4w9eA,15,30,50,65,75,85,320
MR,medium,qn7iE4w9eA,50,50,15,65,75,65,320
ST,hard,qn7iE4w9eA,50,50,100,75,80,100,455
MS,hard,qn7iE4w9eA,50,75,75,80,85,95,460
ST,easy,kuTZjru3VL,21,4,50,6,25,36,142
MR,hard,kuTZjru3VL,46,3,35,18,35,2,139
ST,medium,kuTZjru3VL,44,4,27,44,21,13,153
MS,easy,kuTZjru3VL,16,2,4,1,6,NA,NA
MS,hard,kuTZjru3VL,72,1,58,34,83,3,251
ST,hard,kuTZjru3VL,28,2,90,91,9,17,237
MR,medium,kuTZjru3VL,49,1,9,10,39,4,112
MR,easy,kuTZjru3VL,26,NA,8,5,13,3,NA
MS,medium,kuTZjru3VL,42,1,33,20,9,15,120
MR,medium,antN5ck5Ic,91,16,16,70,82,75,350
MR,hard,antN5ck5Ic,86,26,20,69,90,75,366
MS,hard,antN5ck5Ic,100,62,89,57,91,95,494
ST,hard,antN5ck5Ic,78,22,74,43,49,64,330
ST,medium,antN5ck5Ic,73,17,83,45,47,56,321
MS,medium,antN5ck5Ic,67,69,23,0,28,10,197
ST,easy,antN5ck5Ic,8,8,8,0,3,1,28
MS,easy,antN5ck5Ic,2,21,3,0,19,7,52
MR,easy,antN5ck5Ic,32,29,0,8,16,8,93
MS,medium,lqSj6DxkoP,30,4,17,1,32,0,84
MR,medium,lqSj6DxkoP,47,1,0,15,56,3,122
MS,hard,lqSj6DxkoP,84,0,100,29,98,79,390
MR,easy,lqSj6DxkoP,15,1,1,5,5,1,28
ST,easy,lqSj6DxkoP,11,1,44,1,27,1,85
ST,medium,lqSj6DxkoP,54,0,86,23,75,54,292
ST,hard,lqSj6DxkoP,100,5,100,40,99,100,444
MR,hard,lqSj6DxkoP,62,0,0,14,73,28,177
MS,easy,lqSj6DxkoP,7,7,3,1,19,0,37
ST,easy,urmN2MGqMI,5,5,5,0,45,10,70
MR,hard,urmN2MGqMI,90,15,65,70,75,55,370
MS,hard,urmN2MGqMI,90,20,80,40,75,60,365
ST,hard,urmN2MGqMI,75,10,85,25,70,60,325
MR,easy,urmN2MGqMI,65,5,50,40,70,40,270
MR,medium,urmN2MGqMI,80,10,70,45,69,60,334
ST,medium,urmN2MGqMI,45,5,45,15,80,40,230
MS,medium,urmN2MGqMI,70,6,61,20,NA,40,NA
MS,easy,urmN2MGqMI,55,4,55,15,60,40,229
MR,easy,d51zamtky2,25,0,0,11,21,1,58
MS,medium,d51zamtky2,49,0,50,35,59,1,194
ST,hard,d51zamtky2,0,0,0,49,1,1,51
ST,medium,d51zamtky2,0,0,0,12,5,0,17
MS,hard,d51zamtky2,79,0,0,50,83,0,212
MR,hard,d51zamtky2,68,0,0,38,50,0,156
MR,medium,d51zamtky2,63,0,1,39,49,1,153
MS,easy,d51zamtky2,50,0,1,1,33,0,85
ST,easy,d51zamtky2,15,0,0,5,43,0,63
MR,easy,EgEJAn9pKN,25,5,2,8,8,5,53
ST,hard,EgEJAn9pKN,73,8,94,75,74,66,390
MS,easy,EgEJAn9pKN,23,10,12,9,13,10,77
MS,hard,EgEJAn9pKN,85,6,4,65,85,18,263
ST,medium,EgEJAn9pKN,83,11,83,71,70,58,376
MR,hard,EgEJAn9pKN,59,8,7,34,65,22,195
MS,medium,EgEJAn9pKN,70,9,11,34,68,8,200
ST,easy,EgEJAn9pKN,20,13,7,13,20,20,93
MR,medium,EgEJAn9pKN,53,30,21,76,35,57,272
MR,easy,W3y75sVKt1,70,3,10,50,40,65,238
ST,easy,W3y75sVKt1,30,1,15,15,14,19,94
ST,medium,W3y75sVKt1,65,4,16,85,58,69,297
ST,hard,W3y75sVKt1,76,4,26,94,68,78,346
MS,easy,W3y75sVKt1,22,3,12,5,12,8,62
MS,medium,W3y75sVKt1,29,1,14,21,37,37,139
MR,medium,W3y75sVKt1,77,5,14,64,72,72,304
MS,hard,W3y75sVKt1,73,5,26,67,69,59,299
MR,hard,W3y75sVKt1,43,3,18,36,34,43,177
MS,medium,soqMs9Hfya,80,35,60,25,75,55,330
ST,medium,soqMs9Hfya,30,5,70,15,40,75,235
ST,hard,soqMs9Hfya,80,65,80,80,75,90,470
MR,hard,soqMs9Hfya,75,75,5,15,65,25,260
ST,easy,soqMs9Hfya,10,5,5,5,10,10,45
MS,easy,soqMs9Hfya,10,10,10,0,10,40,80
MR,easy,soqMs9Hfya,25,20,5,5,25,15,95
MR,medium,soqMs9Hfya,20,15,5,5,19,15,79
MS,hard,soqMs9Hfya,95,85,95,90,95,90,550
MS,easy,YuaQwhP1ZU,6,15,0,0,15,NA,NA
MR,hard,YuaQwhP1ZU,66,6,5,25,34,10,146
MS,hard,YuaQwhP1ZU,74,15,11,59,75,61,295
ST,medium,YuaQwhP1ZU,45,5,5,50,26,70,201
MR,medium,YuaQwhP1ZU,45,10,30,50,40,80,255
ST,easy,YuaQwhP1ZU,21,21,35,10,16,75,178
MS,medium,YuaQwhP1ZU,36,36,69,6,72,93,312
ST,hard,YuaQwhP1ZU,60,21,69,30,10,NA,NA
MR,easy,YuaQwhP1ZU,22,16,51,7,35,78,209
MR,hard,2vlCeeOoXs,75,0,5,34,75,85,274
MR,easy,2vlCeeOoXs,35,0,11,15,45,30,136
ST,hard,2vlCeeOoXs,40,1,85,75,40,50,291
ST,medium,2vlCeeOoXs,35,0,50,30,25,25,165
MS,easy,2vlCeeOoXs,0,0,0,0,10,85,95
ST,easy,2vlCeeOoXs,0,0,5,0,9,10,24
MS,medium,2vlCeeOoXs,5,0,0,0,15,5,25
MS,hard,2vlCeeOoXs,79,0,90,60,75,75,379
MR,medium,2vlCeeOoXs,60,1,0,50,35,69,215
ST,hard,KCZtWafWV1,45,2,55,50,30,10,192
MR,medium,KCZtWafWV1,20,3,27,25,8,8,91
MR,hard,KCZtWafWV1,30,3,26,46,10,NA,NA
ST,medium,KCZtWafWV1,16,1,25,40,13,3,98
ST,easy,KCZtWafWV1,11,2,10,1,3,1,28
MR,easy,KCZtWafWV1,19,1,1,10,2,1,34
MS,hard,KCZtWafWV1,58,2,53,77,50,27,267
MS,easy,KCZtWafWV1,20,2,25,3,7,1,58
MS,medium,KCZtWafWV1,13,1,14,21,9,1,59
MS,easy,n5pHkx5qnN,25,23,3,1,24,10,86
ST,easy,n5pHkx5qnN,35,36,50,4,21,2,148
MS,medium,n5pHkx5qnN,80,28,31,55,19,4,217
ST,hard,n5pHkx5qnN,87,21,70,68,23,70,339
MR,easy,n5pHkx5qnN,49,25,15,29,17,5,140
MS,hard,n5pHkx5qnN,82,34,39,85,49,20,309
MR,hard,n5pHkx5qnN,54,13,5,39,49,3,163
ST,medium,n5pHkx5qnN,36,9,13,30,14,2,104
MR,medium,n5pHkx5qnN,53,11,1,29,45,1,140
ST,easy,wgRo2jLpXH,60,65,40,0,60,44,269
MS,easy,wgRo2jLpXH,70,65,40,5,65,80,325
MR,medium,wgRo2jLpXH,95,90,35,35,95,99,449
MS,hard,wgRo2jLpXH,100,100,95,60,100,100,555
MR,easy,wgRo2jLpXH,96,90,90,30,79,95,480
ST,hard,wgRo2jLpXH,100,100,100,65,95,100,560
MS,medium,wgRo2jLpXH,95,95,95,35,95,99,514
MR,hard,wgRo2jLpXH,75,75,35,45,70,60,360
ST,medium,wgRo2jLpXH,80,80,99,44,70,100,473
ST,hard,IMJ2Wgu1zI,75,22,85,35,70,50,337
MS,hard,IMJ2Wgu1zI,88,38,85,26,85,71,393
MR,easy,IMJ2Wgu1zI,41,25,10,8,23,16,123
ST,medium,IMJ2Wgu1zI,85,22,85,66,74,73,405
MR,medium,IMJ2Wgu1zI,65,25,5,14,39,9,157
ST,easy,IMJ2Wgu1zI,64,15,37,9,65,15,205
MS,medium,IMJ2Wgu1zI,80,16,73,19,73,40,301
MS,easy,IMJ2Wgu1zI,40,10,14,7,39,15,125
MR,hard,IMJ2Wgu1zI,64,18,5,11,47,11,156
MR,easy,S5rOjASl3o,55,65,0,13,70,10,213
ST,hard,S5rOjASl3o,70,95,100,90,77,80,512
MS,easy,S5rOjASl3o,54,25,1,3,58,35,176
ST,medium,S5rOjASl3o,65,80,87,53,73,75,433
MS,medium,S5rOjASl3o,85,69,75,30,77,65,401
ST,easy,S5rOjASl3o,44,49,36,2,55,49,235
MR,medium,S5rOjASl3o,67,56,1,10,66,57,257
MR,hard,S5rOjASl3o,76,69,0,20,70,59,294
MS,hard,S5rOjASl3o,81,83,88,70,74,78,474
ST,easy,LMH4MBXVwL,59,14,75,7,50,30,235
ST,hard,LMH4MBXVwL,79,12,95,46,75,50,357
MS,easy,LMH4MBXVwL,74,13,50,11,60,13,221
MS,hard,LMH4MBXVwL,88,19,65,29,66,22,289
MR,easy,LMH4MBXVwL,56,16,48,36,58,13,227
ST,medium,LMH4MBXVwL,68,9,55,33,49,19,233
MR,medium,LMH4MBXVwL,61,15,57,24,38,18,213
MS,medium,LMH4MBXVwL,54,6,43,4,41,9,157
MR,hard,LMH4MBXVwL,70,13,50,40,51,10,234
MS,easy,y4Sh5zF3gm,30,15,22,1,15,15,98
MR,hard,y4Sh5zF3gm,15,15,15,51,21,29,146
MS,medium,y4Sh5zF3gm,49,49,49,51,54,54,306
MS,hard,y4Sh5zF3gm,60,60,67,87,45,66,385
MR,easy,y4Sh5zF3gm,23,9,9,66,34,21,162
ST,easy,y4Sh5zF3gm,15,15,15,47,27,19,138
ST,medium,y4Sh5zF3gm,19,19,53,63,44,44,242
ST,hard,y4Sh5zF3gm,52,35,64,84,52,52,339
MR,medium,y4Sh5zF3gm,19,19,19,67,31,12,167
MR,hard,DoJgv77gQp,66,0,50,86,55,100,357
MS,easy,DoJgv77gQp,20,0,85,0,15,24,144
MR,medium,DoJgv77gQp,85,0,9,95,99,99,387
ST,easy,DoJgv77gQp,5,0,54,0,20,23,102
MS,medium,DoJgv77gQp,93,10,92,90,78,100,463
ST,hard,DoJgv77gQp,90,11,99,100,81,99,480
MR,easy,DoJgv77gQp,59,21,6,90,35,97,308
MS,hard,DoJgv77gQp,91,18,95,97,74,99,474
ST,medium,DoJgv77gQp,70,16,98,97,71,99,451
MR,medium,5oQkfRc0Dh,60,10,5,50,55,40,220
ST,medium,5oQkfRc0Dh,60,50,5,60,60,30,265
MS,easy,5oQkfRc0Dh,40,5,5,5,50,15,120
MR,easy,5oQkfRc0Dh,45,5,5,10,45,10,120
ST,easy,5oQkfRc0Dh,55,5,5,15,60,20,160
MS,hard,5oQkfRc0Dh,65,10,5,50,65,25,220
ST,hard,5oQkfRc0Dh,55,10,75,51,65,35,291
MR,hard,5oQkfRc0Dh,55,10,5,40,65,30,205
MS,medium,5oQkfRc0Dh,15,8,9,55,50,20,157
MS,hard,yRSAaGEgHo,65,48,85,68,79,74,419
MR,easy,yRSAaGEgHo,73,45,25,44,73,68,328
ST,hard,yRSAaGEgHo,78,34,91,75,77,77,432
MR,hard,yRSAaGEgHo,77,25,63,67,86,77,395
MS,medium,yRSAaGEgHo,67,41,35,53,65,51,312
ST,medium,yRSAaGEgHo,43,40,71,37,62,38,291
MR,medium,yRSAaGEgHo,77,35,26,39,37,66,280
MS,easy,yRSAaGEgHo,25,18,24,10,23,21,121
ST,easy,yRSAaGEgHo,11,14,16,5,26,11,83
ST,easy,WLE3Etok97,60,1,20,1,36,10,128
MS,hard,WLE3Etok97,100,10,99,50,74,60,393
ST,hard,WLE3Etok97,95,15,76,64,75,70,395
MR,easy,WLE3Etok97,85,11,0,52,62,60,270
ST,medium,WLE3Etok97,72,10,48,64,62,54,310
MS,medium,WLE3Etok97,95,16,57,2,58,34,262
MR,medium,WLE3Etok97,69,10,2,26,56,20,183
MS,easy,WLE3Etok97,37,10,5,6,46,21,125
MR,hard,WLE3Etok97,70,15,5,59,55,66,270
ST,easy,HajArhl9Mf,70,24,6,0,63,18,181
MS,medium,HajArhl9Mf,84,70,47,69,87,20,377
ST,medium,HajArhl9Mf,69,79,85,25,83,34,375
MR,easy,HajArhl9Mf,94,82,16,18,93,47,350
ST,hard,HajArhl9Mf,100,72,97,50,97,67,483
MS,hard,HajArhl9Mf,99,99,99,74,97,74,542
MR,medium,HajArhl9Mf,89,89,19,24,95,99,415
MR,hard,HajArhl9Mf,98,98,31,63,100,90,480
MS,easy,HajArhl9Mf,30,30,50,3,99,99,311
MS,hard,xYKzEb6U69,75,50,100,50,70,65,410
MS,medium,xYKzEb6U69,50,25,50,0,65,10,200
MR,easy,xYKzEb6U69,45,0,0,45,50,20,160
MS,easy,xYKzEb6U69,20,0,10,0,35,0,65
ST,hard,xYKzEb6U69,70,22,100,100,86,100,478
ST,medium,xYKzEb6U69,84,80,65,50,64,56,399
MR,medium,xYKzEb6U69,50,2,9,50,60,10,181
MR,hard,xYKzEb6U69,73,5,7,51,64,55,255
ST,easy,xYKzEb6U69,7,6,25,10,50,15,113
MR,medium,XdaJtcIO9r,19,1,1,1,12,0,34
MS,hard,XdaJtcIO9r,76,3,48,85,46,53,311
MR,easy,XdaJtcIO9r,12,2,1,8,12,7,42
MS,easy,XdaJtcIO9r,20,1,16,6,21,12,76
MS,medium,XdaJtcIO9r,43,1,36,45,37,46,208
ST,hard,XdaJtcIO9r,71,1,92,69,71,42,346
ST,easy,XdaJtcIO9r,30,2,51,37,23,7,150
ST,medium,XdaJtcIO9r,51,1,62,38,47,30,229
MR,hard,XdaJtcIO9r,66,1,13,50,46,55,231
MR,medium,JpDUHBwJT1,67,3,7,33,62,27,199
ST,medium,JpDUHBwJT1,72,2,87,68,78,62,369
MS,easy,JpDUHBwJT1,17,3,12,0,17,8,57
MR,hard,JpDUHBwJT1,68,3,6,62,63,55,257
ST,hard,JpDUHBwJT1,87,2,93,93,86,82,443
MS,medium,JpDUHBwJT1,57,3,37,1,39,28,165
ST,easy,JpDUHBwJT1,21,2,46,10,36,32,147
MR,easy,JpDUHBwJT1,38,2,19,30,37,24,150
MS,hard,JpDUHBwJT1,89,3,93,61,91,84,421
MR,medium,z8uZORh5Lg,30,0,50,33,24,55,192
MS,easy,z8uZORh5Lg,41,1,60,40,35,20,197
MR,easy,z8uZORh5Lg,25,1,75,36,16,100,253
MS,hard,z8uZORh5Lg,80,0,99,70,65,56,370
ST,easy,z8uZORh5Lg,36,0,55,19,9,49,168
ST,hard,z8uZORh5Lg,80,0,100,74,99,99,452
MR,hard,z8uZORh5Lg,50,50,50,50,51,51,302
ST,medium,z8uZORh5Lg,51,51,51,49,51,51,304
MS,medium,z8uZORh5Lg,51,51,51,49,51,51,304
MS,hard,yIjm6EG67z,86,22,74,42,66,16,306
ST,medium,yIjm6EG67z,59,20,69,15,66,11,240
MS,easy,yIjm6EG67z,45,22,34,1,36,35,173
MR,easy,yIjm6EG67z,64,8,27,25,59,25,208
MR,hard,yIjm6EG67z,73,11,30,36,65,25,240
MS,medium,yIjm6EG67z,78,19,20,13,76,31,237
ST,easy,yIjm6EG67z,61,6,18,17,57,40,199
MR,medium,yIjm6EG67z,67,8,11,16,62,27,191
ST,hard,yIjm6EG67z,92,10,84,79,67,50,382
ST,hard,alNlXuBH5D,57,20,79,50,64,75,345
MS,hard,alNlXuBH5D,70,11,79,52,65,59,336
ST,medium,alNlXuBH5D,57,16,50,40,56,39,258
MS,easy,alNlXuBH5D,22,2,0,0,20,7,51
MR,easy,alNlXuBH5D,43,4,0,29,38,12,126
MR,medium,alNlXuBH5D,48,1,0,15,44,18,126
MR,hard,alNlXuBH5D,49,8,0,37,49,29,172
MS,medium,alNlXuBH5D,65,10,50,35,60,43,263
ST,easy,alNlXuBH5D,23,0,11,5,25,15,79
MS,hard,QLrSXxmCJy,50,5,71,44,65,27,262
ST,easy,QLrSXxmCJy,13,1,21,10,12,12,69
ST,hard,QLrSXxmCJy,76,1,89,79,61,50,356
MR,easy,QLrSXxmCJy,82,6,5,59,82,57,291
MS,medium,QLrSXxmCJy,22,4,28,15,36,12,117
MR,hard,QLrSXxmCJy,73,1,1,80,74,72,301
ST,medium,QLrSXxmCJy,73,1,71,69,71,42,327
MR,medium,QLrSXxmCJy,83,2,0,98,45,87,315
MS,easy,QLrSXxmCJy,13,1,12,2,15,8,51
MS,medium,8BtJMmB1PT,49,0,50,2,55,50,206
ST,medium,8BtJMmB1PT,40,0,90,63,39,65,297
MR,easy,8BtJMmB1PT,10,0,0,11,14,9,44
MR,medium,8BtJMmB1PT,53,1,5,48,52,17,176
ST,easy,8BtJMmB1PT,7,0,1,0,3,2,13
ST,hard,8BtJMmB1PT,96,3,99,95,57,79,429
MS,easy,8BtJMmB1PT,1,0,1,0,5,3,10
MS,hard,8BtJMmB1PT,82,0,73,58,72,50,335
MR,hard,8BtJMmB1PT,13,1,1,62,14,15,106
MS,hard,8xVAczfPKp,75,4,90,44,76,75,364
MS,easy,8xVAczfPKp,15,5,4,1,19,13,57
MR,easy,8xVAczfPKp,61,19,5,60,37,56,238
MS,medium,8xVAczfPKp,79,4,66,54,65,72,340
ST,hard,8xVAczfPKp,78,27,100,72,85,94,456
ST,easy,8xVAczfPKp,64,1,44,23,51,23,206
MR,hard,8xVAczfPKp,26,8,8,98,17,99,256
ST,medium,8xVAczfPKp,60,0,6,73,27,94,260
MR,medium,8xVAczfPKp,61,0,1,90,10,94,256
ST,hard,P7WDUMyOEc,40,56,80,40,70,55,341
MR,easy,P7WDUMyOEc,79,49,5,70,61,80,344
MS,easy,P7WDUMyOEc,50,40,1,16,65,1,173
MS,medium,P7WDUMyOEc,87,65,55,14,79,55,355
ST,easy,P7WDUMyOEc,5,5,0,0,20,0,30
MS,hard,P7WDUMyOEc,93,88,97,83,86,86,533
MR,medium,P7WDUMyOEc,89,70,4,85,85,86,419
MR,hard,P7WDUMyOEc,97,95,2,81,99,99,473
ST,medium,P7WDUMyOEc,65,59,3,22,58,8,215
MR,hard,cHjpJUhddy,55,15,30,39,60,55,254
MR,medium,cHjpJUhddy,65,16,26,30,70,41,248
MS,medium,cHjpJUhddy,69,5,66,26,65,25,256
ST,easy,cHjpJUhddy,39,4,41,5,45,24,158
MR,easy,cHjpJUhddy,35,6,30,10,40,20,141
MS,easy,cHjpJUhddy,14,5,20,0,26,15,80
MS,hard,cHjpJUhddy,89,6,75,61,80,69,380
ST,hard,cHjpJUhddy,54,5,90,90,90,95,424
ST,medium,cHjpJUhddy,55,6,70,74,64,89,358
ST,easy,qI9h62z2Ku,25,0,60,5,50,0,140
ST,hard,qI9h62z2Ku,85,30,100,100,75,10,400
MR,hard,qI9h62z2Ku,100,0,0,100,80,30,310
ST,medium,qI9h62z2Ku,50,0,60,70,50,0,230
MS,easy,qI9h62z2Ku,5,5,0,0,5,0,15
MS,medium,qI9h62z2Ku,80,20,75,45,50,20,290
MS,hard,qI9h62z2Ku,91,30,95,100,95,0,411
MR,medium,qI9h62z2Ku,60,0,0,75,85,20,240
MR,easy,qI9h62z2Ku,20,0,0,50,25,0,95
MR,easy,OSi3LnpELr,58,19,2,50,61,59,249
MR,hard,OSi3LnpELr,70,30,14,50,65,55,284
MS,medium,OSi3LnpELr,70,35,69,44,70,50,338
ST,easy,OSi3LnpELr,14,13,54,1,4,4,90
ST,hard,OSi3LnpELr,16,16,95,73,56,83,339
ST,medium,OSi3LnpELr,50,34,67,44,61,50,306
MS,easy,OSi3LnpELr,35,33,30,29,32,23,182
MR,medium,OSi3LnpELr,30,16,0,35,21,10,112
MS,hard,OSi3LnpELr,59,64,90,90,65,67,435
MS,medium,m0mjdT90SU,15,5,0,0,1,1,22
ST,medium,m0mjdT90SU,63,30,98,66,69,50,376
MR,medium,m0mjdT90SU,11,0,0,1,0,0,12
ST,easy,m0mjdT90SU,1,0,1,0,4,2,8
MS,hard,m0mjdT90SU,25,20,36,79,17,41,218
MS,easy,m0mjdT90SU,0,3,2,0,1,11,17
ST,hard,m0mjdT90SU,57,26,99,99,67,89,437
MR,easy,m0mjdT90SU,0,2,2,0,1,0,5
MR,hard,m0mjdT90SU,56,16,0,41,43,36,192
MR,medium,I64skoy66n,76,1,9,16,55,55,212
ST,medium,I64skoy66n,56,0,81,40,70,70,317
ST,hard,I64skoy66n,46,0,99,91,55,95,386
MR,hard,I64skoy66n,92,0,0,22,88,47,249
MS,hard,I64skoy66n,78,0,93,93,84,84,432
MS,medium,I64skoy66n,70,0,90,95,57,92,404
MS,easy,I64skoy66n,52,1,18,0,53,95,219
ST,easy,I64skoy66n,40,0,4,0,31,7,82
MR,easy,I64skoy66n,54,0,4,16,52,53,179
ST,medium,l8OD3O4E3f,67,0,99,40,80,65,351
ST,easy,l8OD3O4E3f,5,0,0,4,15,5,29
MR,easy,l8OD3O4E3f,36,0,0,23,37,22,118
MR,hard,l8OD3O4E3f,95,0,3,62,92,64,316
ST,hard,l8OD3O4E3f,94,0,99,83,99,94,469
MS,easy,l8OD3O4E3f,23,0,5,0,23,15,66
MR,medium,l8OD3O4E3f,5,0,0,5,10,5,25
MS,hard,l8OD3O4E3f,93,0,92,80,85,100,450
MS,medium,l8OD3O4E3f,77,0,83,18,63,55,296
MR,easy,s04AljyS4e,50,50,5,50,75,50,280
ST,easy,s04AljyS4e,10,25,50,15,50,85,235
MR,hard,s04AljyS4e,70,75,5,65,75,90,380
ST,medium,s04AljyS4e,25,15,95,65,90,95,385
MS,easy,s04AljyS4e,10,20,5,5,55,70,165
MS,medium,s04AljyS4e,15,30,50,65,75,85,320
MR,medium,s04AljyS4e,50,50,15,65,75,65,320
ST,hard,s04AljyS4e,50,50,100,75,80,100,455
MS,hard,s04AljyS4e,50,75,75,80,85,95,460
ST,medium,vsfwWZKL1V,15,11,50,65,30,55,226
MR,easy,vsfwWZKL1V,50,8,30,50,50,50,238
MS,easy,vsfwWZKL1V,49,8,75,6,50,10,198
ST,hard,vsfwWZKL1V,25,13,99,89,19,80,325
MR,hard,vsfwWZKL1V,86,5,18,30,65,50,254
MS,hard,vsfwWZKL1V,90,6,100,91,85,65,437
MR,medium,vsfwWZKL1V,79,6,13,13,60,15,186
MS,medium,vsfwWZKL1V,85,9,91,36,80,60,361
ST,easy,vsfwWZKL1V,50,5,50,1,24,21,151
ST,medium,FDaGWmAPTr,75,60,85,70,65,85,440
MR,medium,FDaGWmAPTr,71,71,45,65,70,50,372
ST,hard,FDaGWmAPTr,79,81,96,80,80,95,511
MR,easy,FDaGWmAPTr,40,35,23,36,45,29,208
MS,hard,FDaGWmAPTr,80,66,86,81,81,90,484
ST,easy,FDaGWmAPTr,30,24,35,29,55,50,223
MS,easy,FDaGWmAPTr,35,36,45,33,57,35,241
MS,medium,FDaGWmAPTr,76,53,47,35,69,69,349
MR,hard,FDaGWmAPTr,61,53,43,56,58,43,314
ST,easy,XfAdJiOyxj,25,15,30,30,25,15,140
ST,hard,XfAdJiOyxj,65,25,90,60,35,40,315
MS,medium,XfAdJiOyxj,65,35,65,65,55,30,315
MS,hard,XfAdJiOyxj,75,40,89,70,55,40,369
MR,easy,XfAdJiOyxj,20,15,0,30,20,20,105
MR,hard,XfAdJiOyxj,35,20,9,50,21,20,155
MR,medium,XfAdJiOyxj,28,18,9,51,24,24,154
ST,medium,XfAdJiOyxj,21,14,59,29,19,15,157
MS,easy,XfAdJiOyxj,5,0,0,5,10,14,34
ST,hard,cQX3GOCp9n,95,100,65,90,85,99,534
MR,medium,cQX3GOCp9n,80,61,30,70,75,60,376
MR,hard,cQX3GOCp9n,65,70,46,50,55,40,326
ST,easy,cQX3GOCp9n,35,36,30,0,29,24,154
ST,medium,cQX3GOCp9n,60,55,70,10,66,35,296
MS,hard,cQX3GOCp9n,94,66,80,25,75,90,430
MR,easy,cQX3GOCp9n,55,50,30,20,60,49,264
MS,medium,cQX3GOCp9n,75,51,56,5,70,74,331
MS,easy,cQX3GOCp9n,25,30,35,0,25,31,146
MS,medium,Hxjg3OTYhu,66,85,91,64,78,87,471
ST,medium,Hxjg3OTYhu,61,70,84,17,66,71,369
MR,easy,Hxjg3OTYhu,80,72,61,45,72,60,390
MR,medium,Hxjg3OTYhu,66,60,56,30,64,69,345
MR,hard,Hxjg3OTYhu,78,74,69,35,73,86,415
MS,easy,Hxjg3OTYhu,64,79,41,8,66,95,353
ST,easy,Hxjg3OTYhu,27,28,35,13,57,74,234
ST,hard,Hxjg3OTYhu,66,74,99,66,81,97,483
MS,hard,Hxjg3OTYhu,73,80,84,49,79,98,463
ST,medium,TFDf2hLPou,60,10,100,61,85,80,396
MS,medium,TFDf2hLPou,55,10,50,10,65,69,259
MR,hard,TFDf2hLPou,90,9,10,81,90,70,350
MS,hard,TFDf2hLPou,82,12,65,60,75,75,369
MR,easy,TFDf2hLPou,89,6,42,72,80,60,349
ST,easy,TFDf2hLPou,30,8,41,11,60,54,204
MR,medium,TFDf2hLPou,80,3,32,67,85,64,331
MS,easy,TFDf2hLPou,49,6,14,11,43,54,177
ST,hard,TFDf2hLPou,75,1,83,30,62,56,307
MS,easy,ExbVOsMHAA,30,5,30,15,35,30,145
ST,easy,ExbVOsMHAA,35,5,55,5,35,15,150
MS,medium,ExbVOsMHAA,60,10,50,35,75,55,285
ST,hard,ExbVOsMHAA,76,10,75,40,75,50,326
MS,hard,ExbVOsMHAA,65,5,80,55,85,60,350
MR,easy,ExbVOsMHAA,80,5,25,65,65,70,310
MR,medium,ExbVOsMHAA,70,10,30,69,60,74,313
ST,medium,ExbVOsMHAA,50,10,70,20,59,55,264
MR,hard,ExbVOsMHAA,65,6,30,65,75,65,306
ST,easy,GJzcwSPe9Z,15,5,15,5,20,5,65
MS,easy,GJzcwSPe9Z,50,20,40,5,45,45,205
ST,medium,GJzcwSPe9Z,35,40,55,35,65,50,280
MR,easy,GJzcwSPe9Z,55,40,5,40,65,65,270
MR,medium,GJzcwSPe9Z,60,50,5,50,65,65,295
MR,hard,GJzcwSPe9Z,65,65,5,50,65,75,325
MS,hard,GJzcwSPe9Z,70,50,80,65,75,65,405
MS,medium,GJzcwSPe9Z,40,25,50,15,50,45,225
ST,hard,GJzcwSPe9Z,50,25,75,50,50,40,290
MS,hard,qJhGaTGZut,90,19,99,60,95,70,433
MR,medium,qJhGaTGZut,60,2,10,50,85,29,236
ST,hard,qJhGaTGZut,74,3,100,51,79,20,327
MR,easy,qJhGaTGZut,74,6,10,50,86,13,239
ST,easy,qJhGaTGZut,31,9,11,5,15,2,73
MS,easy,qJhGaTGZut,17,1,0,0,21,0,39
ST,medium,qJhGaTGZut,73,1,50,35,49,10,218
MS,medium,qJhGaTGZut,77,4,64,13,70,14,242
MR,hard,qJhGaTGZut,49,9,1,29,86,5,179
MR,easy,dBrkfcNWsa,75,20,19,56,75,70,315
ST,medium,dBrkfcNWsa,60,30,40,40,69,29,268
MS,hard,dBrkfcNWsa,70,25,50,61,65,38,309
ST,easy,dBrkfcNWsa,35,24,15,10,40,20,144
MR,medium,dBrkfcNWsa,45,30,20,45,50,31,221
MR,hard,dBrkfcNWsa,71,40,25,55,71,41,303
MS,easy,dBrkfcNWsa,25,20,11,19,30,10,115
MS,medium,dBrkfcNWsa,65,25,50,55,60,32,287
ST,hard,dBrkfcNWsa,59,35,74,53,58,51,330
ST,easy,VLeNMXjDPG,30,30,55,0,50,23,188
MR,easy,VLeNMXjDPG,33,36,45,24,55,55,248
MS,hard,VLeNMXjDPG,71,65,81,36,73,83,409
MR,medium,VLeNMXjDPG,47,47,46,18,63,42,263
MR,hard,VLeNMXjDPG,58,51,47,22,60,49,287
MS,medium,VLeNMXjDPG,63,54,52,18,62,55,304
MS,easy,VLeNMXjDPG,34,70,13,0,43,32,192
ST,medium,VLeNMXjDPG,55,63,90,7,63,44,322
ST,hard,VLeNMXjDPG,74,31,99,50,74,68,396
ST,medium,qUOF6OZDRD,65,0,84,50,55,65,319
ST,hard,qUOF6OZDRD,70,0,90,75,60,80,375
MR,medium,qUOF6OZDRD,50,0,0,10,50,0,110
MS,easy,qUOF6OZDRD,10,0,10,5,5,5,35
MR,hard,qUOF6OZDRD,70,0,0,15,60,10,155
MS,hard,qUOF6OZDRD,85,0,95,45,80,80,385
MS,medium,qUOF6OZDRD,60,0,60,35,60,45,260
MR,easy,qUOF6OZDRD,15,0,0,10,20,5,50
ST,easy,qUOF6OZDRD,5,0,5,5,5,5,25
MR,easy,JP0BqEE4Fj,81,80,31,16,90,49,347
MR,hard,JP0BqEE4Fj,80,60,25,35,95,85,380
MR,medium,JP0BqEE4Fj,65,50,15,20,90,90,330
ST,easy,JP0BqEE4Fj,20,10,10,0,80,5,125
MS,hard,JP0BqEE4Fj,95,79,95,50,100,55,474
MS,easy,JP0BqEE4Fj,35,35,15,5,85,25,200
MS,medium,JP0BqEE4Fj,70,75,84,50,95,50,424
ST,hard,JP0BqEE4Fj,100,80,99,45,94,84,502
ST,medium,JP0BqEE4Fj,65,55,65,40,95,60,380
MR,hard,ctfjWeomyR,95,5,10,75,90,71,346
MS,medium,ctfjWeomyR,69,10,70,35,65,55,304
ST,easy,ctfjWeomyR,50,10,45,35,61,50,251
MS,hard,ctfjWeomyR,95,10,80,94,85,85,449
MS,easy,ctfjWeomyR,44,6,35,44,56,56,241
ST,medium,ctfjWeomyR,66,5,69,70,69,78,357
MR,medium,ctfjWeomyR,60,5,30,35,80,99,309
ST,hard,ctfjWeomyR,89,4,96,95,90,100,474
MR,easy,ctfjWeomyR,65,2,30,26,86,81,290
ST,easy,eJJDMz958g,75,20,65,10,70,10,250
MS,medium,eJJDMz958g,91,35,95,30,95,60,406
MS,easy,eJJDMz958g,74,15,50,5,60,15,219
MR,hard,eJJDMz958g,80,15,30,20,80,15,240
MR,medium,eJJDMz958g,85,15,24,20,80,20,244
ST,hard,eJJDMz958g,85,15,90,80,90,20,380
MR,easy,eJJDMz958g,80,15,20,20,79,10,224
MS,hard,eJJDMz958g,90,10,85,79,90,20,374
ST,medium,eJJDMz958g,85,9,85,30,85,15,309
MS,easy,vI3wi8YxaP,11,9,0,0,15,6,41
ST,medium,vI3wi8YxaP,20,65,100,49,80,40,354
MR,easy,vI3wi8YxaP,81,35,2,32,46,4,200
MR,medium,vI3wi8YxaP,79,13,0,44,80,6,222
MR,hard,vI3wi8YxaP,79,33,30,50,80,18,290
MS,medium,vI3wi8YxaP,81,37,99,53,88,58,416
ST,easy,vI3wi8YxaP,41,23,58,0,63,8,193
MS,hard,vI3wi8YxaP,78,43,100,56,88,25,390
ST,hard,vI3wi8YxaP,89,66,100,75,93,29,452
MR,hard,bKUxTtubP9,60,3,5,70,70,15,223
MR,medium,bKUxTtubP9,15,0,0,25,5,5,50
MS,easy,bKUxTtubP9,0,0,0,0,0,0,0
ST,hard,bKUxTtubP9,5,0,0,95,55,95,250
MR,easy,bKUxTtubP9,5,0,0,15,10,5,35
ST,easy,bKUxTtubP9,5,0,0,0,5,5,15
MS,hard,bKUxTtubP9,15,0,70,50,90,75,300
ST,medium,bKUxTtubP9,10,0,10,55,5,20,100
MS,medium,bKUxTtubP9,55,0,5,45,20,35,160
MS,hard,8eLeJBm5SV,80,65,90,85,85,80,485
MS,medium,8eLeJBm5SV,76,52,83,82,88,84,465
MR,hard,8eLeJBm5SV,91,49,1,67,79,62,349
MR,medium,8eLeJBm5SV,87,47,6,67,82,63,352
ST,medium,8eLeJBm5SV,64,45,96,74,81,72,432
MS,easy,8eLeJBm5SV,56,43,5,2,59,25,190
MR,easy,8eLeJBm5SV,58,18,1,16,57,52,202
ST,hard,8eLeJBm5SV,51,53,92,77,62,58,393
ST,easy,8eLeJBm5SV,37,9,15,10,65,53,189
MR,medium,FfPm6QztsA,40,5,60,60,55,55,275
MR,hard,FfPm6QztsA,60,5,50,70,50,60,295
MS,medium,FfPm6QztsA,55,5,70,20,55,25,230
ST,medium,FfPm6QztsA,50,3,65,50,45,6,219
MS,easy,FfPm6QztsA,30,2,9,5,16,1,63
ST,hard,FfPm6QztsA,25,1,26,85,35,10,182
ST,easy,FfPm6QztsA,15,4,16,1,19,1,56
MS,hard,FfPm6QztsA,86,4,84,93,82,96,445
MR,easy,FfPm6QztsA,82,3,28,90,60,66,329
ST,hard,kdi0TDNbL6,60,15,100,47,59,70,351
MS,medium,kdi0TDNbL6,71,52,99,2,71,21,316
MR,medium,kdi0TDNbL6,85,3,1,18,77,0,184
MR,hard,kdi0TDNbL6,100,5,0,35,88,7,235
MS,easy,kdi0TDNbL6,26,13,11,0,15,0,65
ST,medium,kdi0TDNbL6,65,14,85,39,65,20,288
ST,easy,kdi0TDNbL6,60,2,5,2,55,1,125
MR,easy,kdi0TDNbL6,36,1,1,15,25,0,78
MS,hard,kdi0TDNbL6,100,24,95,40,75,45,379
MS,medium,f5NHoRoonR,60,0,13,29,60,15,177
MR,hard,f5NHoRoonR,84,0,50,25,74,53,286
ST,easy,f5NHoRoonR,11,0,0,0,13,0,24
MS,easy,f5NHoRoonR,15,1,1,0,19,5,41
MR,easy,f5NHoRoonR,65,0,1,14,55,36,171
ST,hard,f5NHoRoonR,30,0,2,79,27,56,194
MS,hard,f5NHoRoonR,73,4,6,51,60,76,270
ST,medium,f5NHoRoonR,41,2,1,45,44,60,193
MR,medium,f5NHoRoonR,58,0,0,55,56,73,242
MR,easy,2Rn7YC7ktN,5,0,10,10,2,1,28
MR,hard,2Rn7YC7ktN,20,0,10,20,15,5,70
MS,easy,2Rn7YC7ktN,5,0,5,15,5,5,35
ST,easy,2Rn7YC7ktN,1,0,5,5,4,5,20
MR,medium,2Rn7YC7ktN,15,0,5,10,5,15,50
MS,medium,2Rn7YC7ktN,25,10,5,15,15,5,75
ST,hard,2Rn7YC7ktN,30,15,5,80,36,30,196
ST,medium,2Rn7YC7ktN,30,5,45,65,25,5,175
MS,hard,2Rn7YC7ktN,80,10,60,80,55,60,345
MS,hard,8PPM98ESGr,75,75,85,85,75,85,480
MR,hard,8PPM98ESGr,69,69,69,55,62,65,389
ST,medium,8PPM98ESGr,65,65,65,55,65,65,380
MS,easy,8PPM98ESGr,65,65,65,70,79,80,424
ST,easy,8PPM98ESGr,25,25,25,30,30,30,165
MS,medium,8PPM98ESGr,66,65,65,75,70,70,411
MR,easy,8PPM98ESGr,39,40,40,25,40,40,224
ST,hard,8PPM98ESGr,46,48,54,60,56,60,324
MR,medium,8PPM98ESGr,35,35,35,35,45,45,230
ST,hard,xtgn1TlDJE,70,5,100,85,75,45,380
MR,easy,xtgn1TlDJE,35,5,5,35,60,9,149
ST,medium,xtgn1TlDJE,70,6,80,75,74,55,360
MR,medium,xtgn1TlDJE,49,7,12,32,65,16,181
MS,hard,xtgn1TlDJE,79,17,90,92,90,53,421
MS,medium,xtgn1TlDJE,51,30,42,35,60,26,244
MS,easy,xtgn1TlDJE,45,3,61,26,66,30,231
MR,hard,xtgn1TlDJE,43,7,21,40,65,40,216
ST,easy,xtgn1TlDJE,32,2,13,26,75,23,171
MS,hard,tgdzehXaH9,90,85,100,84,75,75,509
MS,medium,tgdzehXaH9,75,74,35,25,86,10,305
MR,hard,tgdzehXaH9,95,4,1,50,100,91,341
MS,easy,tgdzehXaH9,35,50,35,6,86,15,227
ST,hard,tgdzehXaH9,35,7,100,75,80,65,362
MR,easy,tgdzehXaH9,84,6,1,70,77,81,319
MR,medium,tgdzehXaH9,90,10,4,91,69,94,358
ST,medium,tgdzehXaH9,71,6,95,78,70,75,395
ST,easy,tgdzehXaH9,30,30,50,10,85,60,265
MS,medium,xSgZ6tF2Kx,78,0,56,57,83,49,323
ST,medium,xSgZ6tF2Kx,57,0,79,40,72,29,277
MR,hard,xSgZ6tF2Kx,100,0,1,50,97,27,275
ST,easy,xSgZ6tF2Kx,11,28,18,14,11,1,83
ST,hard,xSgZ6tF2Kx,92,0,98,57,95,29,371
MS,easy,xSgZ6tF2Kx,49,2,0,8,54,4,117
MR,easy,xSgZ6tF2Kx,74,0,0,47,84,7,212
MS,hard,xSgZ6tF2Kx,99,0,98,58,97,2,354
MR,medium,xSgZ6tF2Kx,96,1,0,43,89,11,240
MR,medium,HmPsw2WtYS,70,6,73,60,72,60,341
MS,easy,HmPsw2WtYS,18,1,9,4,8,39,79
MR,easy,HmPsw2WtYS,1,2,4,9,3,13,32
MS,medium,HmPsw2WtYS,71,15,62,36,74,21,279
ST,medium,HmPsw2WtYS,66,15,98,80,70,87,416
ST,easy,HmPsw2WtYS,19,1,9,4,13,8,54
MS,hard,HmPsw2WtYS,64,10,97,96,69,61,397
MR,hard,HmPsw2WtYS,55,0,59,41,58,54,267
ST,hard,HmPsw2WtYS,66,7,87,91,65,78,394
