level,task,order,id,pool
easy,MS,1,jKBHzXx0Pg,pool1
easy,ST,2,jKBHzXx0Pg,pool1
easy,MR,3,jKBHzXx0Pg,pool1
medium,MS,4,jKBHzXx0Pg,pool1
hard,ST,5,jKBHzXx0Pg,pool1
hard,MS,6,jKBHzXx0Pg,pool1
medium,ST,7,jKBHzXx0Pg,pool1
medium,MR,8,jKBHzXx0Pg,pool1
hard,MR,9,jKBHzXx0Pg,pool1
easy,MS,1,TqUBvW8Aaz,pool1
hard,ST,2,TqUBvW8Aaz,pool1
medium,MS,3,TqUBvW8Aaz,pool1
medium,MR,4,TqUBvW8Aaz,pool1
hard,MR,5,TqUBvW8Aaz,pool1
easy,ST,6,TqUBvW8Aaz,pool1
easy,MR,7,TqUBvW8Aaz,pool1
medium,ST,8,TqUBvW8Aaz,pool1
hard,MS,9,TqUBvW8Aaz,pool1
easy,MS,1,WAh9qhgg6o,pool1
medium,MS,2,WAh9qhgg6o,pool1
medium,MR,3,WAh9qhgg6o,pool1
easy,ST,4,WAh9qhgg6o,pool1
easy,MR,5,WAh9qhgg6o,pool1
hard,MR,6,WAh9qhgg6o,pool1
hard,MS,7,WAh9qhgg6o,pool1
medium,ST,8,WAh9qhgg6o,pool1
hard,ST,9,WAh9qhgg6o,pool1
hard,MS,1,6xDo1DDaCf,pool1
easy,MR,2,6xDo1DDaCf,pool1
medium,MR,3,6xDo1DDaCf,pool1
easy,MS,4,6xDo1DDaCf,pool1
medium,MS,5,6xDo1DDaCf,pool1
medium,ST,6,6xDo1DDaCf,pool1
hard,MR,7,6xDo1DDaCf,pool1
easy,ST,8,6xDo1DDaCf,pool1
hard,ST,9,6xDo1DDaCf,pool1
easy,MR,1,9ZffIZqFHz,pool1
medium,MS,2,9ZffIZqFHz,pool1
medium,MR,3,9ZffIZqFHz,pool1
easy,ST,4,9ZffIZqFHz,pool1
hard,MS,5,9ZffIZqFHz,pool1
hard,MR,6,9ZffIZqFHz,pool1
medium,ST,7,9ZffIZqFHz,pool1
easy,MS,8,9ZffIZqFHz,pool1
hard,ST,9,9ZffIZqFHz,pool1
easy,MS,1,wiRZfBYOru,pool2
medium,ST,2,wiRZfBYOru,pool2
hard,MS,3,wiRZfBYOru,pool2
easy,ST,4,wiRZfBYOru,pool2
hard,MR,5,wiRZfBYOru,pool2
medium,MR,6,wiRZfBYOru,pool2
medium,MS,7,wiRZfBYOru,pool2
hard,ST,8,wiRZfBYOru,pool2
easy,MR,9,wiRZfBYOru,pool2
easy,MR,1,cCWrG11sgp,pool2
hard,ST,2,cCWrG11sgp,pool2
medium,MR,3,cCWrG11sgp,pool2
hard,MS,4,cCWrG11sgp,pool2
medium,MS,5,cCWrG11sgp,pool2
easy,ST,6,cCWrG11sgp,pool2
easy,MS,7,cCWrG11sgp,pool2
medium,ST,8,cCWrG11sgp,pool2
hard,MR,9,cCWrG11sgp,pool2
easy,MS,1,gI6hCgCchT,pool2
medium,MR,2,gI6hCgCchT,pool2
easy,MR,3,gI6hCgCchT,pool2
medium,ST,4,gI6hCgCchT,pool2
medium,MS,5,gI6hCgCchT,pool2
easy,ST,6,gI6hCgCchT,pool2
hard,MR,7,gI6hCgCchT,pool2
hard,MS,8,gI6hCgCchT,pool2
hard,ST,9,gI6hCgCchT,pool2
easy,MS,1,kGWL9y5AS9,pool2
hard,MS,2,kGWL9y5AS9,pool2
hard,ST,3,kGWL9y5AS9,pool2
medium,MR,4,kGWL9y5AS9,pool2
medium,ST,5,kGWL9y5AS9,pool2
hard,MR,6,kGWL9y5AS9,pool2
easy,MR,7,kGWL9y5AS9,pool2
easy,ST,8,kGWL9y5AS9,pool2
medium,MS,9,kGWL9y5AS9,pool2
medium,MR,1,ntoLpzjCrW,pool2
medium,MS,2,ntoLpzjCrW,pool2
hard,ST,3,ntoLpzjCrW,pool2
medium,ST,4,ntoLpzjCrW,pool2
hard,MS,5,ntoLpzjCrW,pool2
hard,MR,6,ntoLpzjCrW,pool2
easy,MS,7,ntoLpzjCrW,pool2
easy,MR,8,ntoLpzjCrW,pool2
easy,ST,9,ntoLpzjCrW,pool2
hard,MR,1,12zOSfawTO,pool2
easy,MR,2,12zOSfawTO,pool2
medium,MS,3,12zOSfawTO,pool2
medium,MR,4,12zOSfawTO,pool2
easy,MS,5,12zOSfawTO,pool2
hard,MS,6,12zOSfawTO,pool2
hard,ST,7,12zOSfawTO,pool2
easy,ST,8,12zOSfawTO,pool2
medium,ST,9,12zOSfawTO,pool2
hard,ST,1,DVCsNitb7p,pool2
medium,ST,2,DVCsNitb7p,pool2
easy,MS,3,DVCsNitb7p,pool2
medium,MS,4,DVCsNitb7p,pool2
hard,MR,5,DVCsNitb7p,pool2
medium,MR,6,DVCsNitb7p,pool2
easy,ST,7,DVCsNitb7p,pool2
hard,MS,8,DVCsNitb7p,pool2
easy,MR,9,DVCsNitb7p,pool2
medium,MR,1,sPXXgeOo7t,pool2
easy,MR,2,sPXXgeOo7t,pool2
hard,ST,3,sPXXgeOo7t,pool2
medium,MS,4,sPXXgeOo7t,pool2
easy,MS,5,sPXXgeOo7t,pool2
easy,ST,6,sPXXgeOo7t,pool2
medium,ST,7,sPXXgeOo7t,pool2
hard,MS,8,sPXXgeOo7t,pool2
hard,MR,9,sPXXgeOo7t,pool2
easy,MS,1,ujNKR4re1M,pool2
medium,MR,2,ujNKR4re1M,pool2
hard,MS,3,ujNKR4re1M,pool2
easy,ST,4,ujNKR4re1M,pool2
hard,MR,5,ujNKR4re1M,pool2
medium,MS,6,ujNKR4re1M,pool2
easy,MR,7,ujNKR4re1M,pool2
hard,ST,8,ujNKR4re1M,pool2
medium,ST,9,ujNKR4re1M,pool2
hard,MR,1,8EBFmIUfAy,pool2
hard,ST,2,8EBFmIUfAy,pool2
medium,ST,3,8EBFmIUfAy,pool2
medium,MR,4,8EBFmIUfAy,pool2
medium,MS,5,8EBFmIUfAy,pool2
hard,MS,6,8EBFmIUfAy,pool2
easy,ST,7,8EBFmIUfAy,pool2
easy,MR,8,8EBFmIUfAy,pool2
easy,MS,9,8EBFmIUfAy,pool2
easy,MS,1,aqEAPJJI8e,pool34
hard,ST,2,aqEAPJJI8e,pool34
easy,ST,3,aqEAPJJI8e,pool34
medium,ST,4,aqEAPJJI8e,pool34
medium,MS,5,aqEAPJJI8e,pool34
easy,MR,6,aqEAPJJI8e,pool34
hard,MR,7,aqEAPJJI8e,pool34
medium,MR,8,aqEAPJJI8e,pool34
hard,MS,9,aqEAPJJI8e,pool34
hard,ST,1,rh40WUcVcA,pool34
easy,MS,2,rh40WUcVcA,pool34
hard,MR,3,rh40WUcVcA,pool34
easy,ST,4,rh40WUcVcA,pool34
easy,MR,5,rh40WUcVcA,pool34
medium,ST,6,rh40WUcVcA,pool34
medium,MS,7,rh40WUcVcA,pool34
hard,MS,8,rh40WUcVcA,pool34
medium,MR,9,rh40WUcVcA,pool34
easy,MS,1,ky7vtw0gdz,pool34
hard,MR,2,ky7vtw0gdz,pool34
medium,ST,3,ky7vtw0gdz,pool34
easy,ST,4,ky7vtw0gdz,pool34
hard,ST,5,ky7vtw0gdz,pool34
medium,MR,6,ky7vtw0gdz,pool34
hard,MS,7,ky7vtw0gdz,pool34
easy,MR,8,ky7vtw0gdz,pool34
medium,MS,9,ky7vtw0gdz,pool34
medium,MR,1,zvDM8Go5Bd,pool34
medium,MS,2,zvDM8Go5Bd,pool34
easy,ST,3,zvDM8Go5Bd,pool34
easy,MS,4,zvDM8Go5Bd,pool34
hard,ST,5,zvDM8Go5Bd,pool34
hard,MS,6,zvDM8Go5Bd,pool34
medium,ST,7,zvDM8Go5Bd,pool34
easy,MR,8,zvDM8Go5Bd,pool34
hard,MR,9,zvDM8Go5Bd,pool34
hard,ST,1,7SltMY2Jba,pool34
medium,MS,2,7SltMY2Jba,pool34
easy,MS,3,7SltMY2Jba,pool34
medium,ST,4,7SltMY2Jba,pool34
medium,MR,5,7SltMY2Jba,pool34
easy,MR,6,7SltMY2Jba,pool34
easy,ST,7,7SltMY2Jba,pool34
hard,MR,8,7SltMY2Jba,pool34
hard,MS,9,7SltMY2Jba,pool34
hard,ST,1,PbOEQpRS9f,pool34
medium,MS,2,PbOEQpRS9f,pool34
hard,MS,3,PbOEQpRS9f,pool34
easy,MR,4,PbOEQpRS9f,pool34
hard,MR,5,PbOEQpRS9f,pool34
medium,MR,6,PbOEQpRS9f,pool34
easy,MS,7,PbOEQpRS9f,pool34
easy,ST,8,PbOEQpRS9f,pool34
medium,ST,9,PbOEQpRS9f,pool34
medium,ST,1,yTPpr0532t,pool34
medium,MR,2,yTPpr0532t,pool34
hard,ST,3,yTPpr0532t,pool34
medium,MS,4,yTPpr0532t,pool34
easy,MR,5,yTPpr0532t,pool34
hard,MS,6,yTPpr0532t,pool34
hard,MR,7,yTPpr0532t,pool34
easy,MS,8,yTPpr0532t,pool34
easy,ST,9,yTPpr0532t,pool34
easy,MS,1,YlvUbMLU90,pool34
hard,ST,2,YlvUbMLU90,pool34
hard,MS,3,YlvUbMLU90,pool34
easy,MR,4,YlvUbMLU90,pool34
medium,MS,5,YlvUbMLU90,pool34
hard,MR,6,YlvUbMLU90,pool34
medium,MR,7,YlvUbMLU90,pool34
easy,ST,8,YlvUbMLU90,pool34
medium,ST,9,YlvUbMLU90,pool34
hard,MR,1,WQyxRdU13t,pool34
easy,ST,2,WQyxRdU13t,pool34
hard,MS,3,WQyxRdU13t,pool34
medium,MS,4,WQyxRdU13t,pool34
easy,MR,5,WQyxRdU13t,pool34
hard,ST,6,WQyxRdU13t,pool34
easy,MS,7,WQyxRdU13t,pool34
medium,ST,8,WQyxRdU13t,pool34
medium,MR,9,WQyxRdU13t,pool34
medium,MS,1,u8oFh0ZHHs,pool34
medium,MR,2,u8oFh0ZHHs,pool34
hard,MS,3,u8oFh0ZHHs,pool34
easy,MS,4,u8oFh0ZHHs,pool34
hard,ST,5,u8oFh0ZHHs,pool34
medium,ST,6,u8oFh0ZHHs,pool34
easy,MR,7,u8oFh0ZHHs,pool34
easy,ST,8,u8oFh0ZHHs,pool34
hard,MR,9,u8oFh0ZHHs,pool34
easy,MS,1,lO4tI9SjJX,pool34
medium,ST,2,lO4tI9SjJX,pool34
medium,MR,3,lO4tI9SjJX,pool34
hard,ST,4,lO4tI9SjJX,pool34
hard,MR,5,lO4tI9SjJX,pool34
easy,MR,6,lO4tI9SjJX,pool34
medium,MS,7,lO4tI9SjJX,pool34
easy,ST,8,lO4tI9SjJX,pool34
hard,MS,9,lO4tI9SjJX,pool34
hard,MR,1,5oMH7YJKDi,pool34
medium,MS,2,5oMH7YJKDi,pool34
hard,MS,3,5oMH7YJKDi,pool34
easy,MS,4,5oMH7YJKDi,pool34
easy,MR,5,5oMH7YJKDi,pool34
hard,ST,6,5oMH7YJKDi,pool34
medium,ST,7,5oMH7YJKDi,pool34
medium,MR,8,5oMH7YJKDi,pool34
easy,ST,9,5oMH7YJKDi,pool34
easy,MS,1,wBsXFrRWgF,pool34
easy,MR,2,wBsXFrRWgF,pool34
medium,ST,3,wBsXFrRWgF,pool34
easy,ST,4,wBsXFrRWgF,pool34
medium,MS,5,wBsXFrRWgF,pool34
medium,MR,6,wBsXFrRWgF,pool34
hard,MS,7,wBsXFrRWgF,pool34
hard,ST,8,wBsXFrRWgF,pool34
hard,MR,9,wBsXFrRWgF,pool34
hard,MR,1,PkgTbVVI07,pool34
easy,ST,2,PkgTbVVI07,pool34
hard,ST,3,PkgTbVVI07,pool34
medium,MR,4,PkgTbVVI07,pool34
hard,MS,5,PkgTbVVI07,pool34
medium,MS,6,PkgTbVVI07,pool34
medium,ST,7,PkgTbVVI07,pool34
easy,MR,8,PkgTbVVI07,pool34
easy,MS,9,PkgTbVVI07,pool34
easy,MS,1,0wY7q7AFDw,pool34
hard,MS,2,0wY7q7AFDw,pool34
easy,ST,3,0wY7q7AFDw,pool34
easy,MR,4,0wY7q7AFDw,pool34
hard,ST,5,0wY7q7AFDw,pool34
medium,MS,6,0wY7q7AFDw,pool34
medium,ST,7,0wY7q7AFDw,pool34
medium,MR,8,0wY7q7AFDw,pool34
hard,MR,9,0wY7q7AFDw,pool34
easy,MS,1,woSzLv5BIV,pool34
easy,MR,2,woSzLv5BIV,pool34
hard,ST,3,woSzLv5BIV,pool34
medium,ST,4,woSzLv5BIV,pool34
medium,MS,5,woSzLv5BIV,pool34
hard,MR,6,woSzLv5BIV,pool34
medium,MR,7,woSzLv5BIV,pool34
hard,MS,8,woSzLv5BIV,pool34
easy,ST,9,woSzLv5BIV,pool34
medium,ST,1,O0ngZJhb9l,pool34
easy,MS,2,O0ngZJhb9l,pool34
hard,MR,3,O0ngZJhb9l,pool34
easy,MR,4,O0ngZJhb9l,pool34
medium,MS,5,O0ngZJhb9l,pool34
hard,ST,6,O0ngZJhb9l,pool34
easy,ST,7,O0ngZJhb9l,pool34
hard,MS,8,O0ngZJhb9l,pool34
medium,MR,9,O0ngZJhb9l,pool34
easy,MR,1,ttxEdLIMGM,pool34
easy,ST,2,ttxEdLIMGM,pool34
hard,MS,3,ttxEdLIMGM,pool34
medium,MS,4,ttxEdLIMGM,pool34
hard,ST,5,ttxEdLIMGM,pool34
medium,ST,6,ttxEdLIMGM,pool34
hard,MR,7,ttxEdLIMGM,pool34
medium,MR,8,ttxEdLIMGM,pool34
easy,MS,9,ttxEdLIMGM,pool34
hard,ST,1,pevbr5tS1I,pool34
easy,MR,2,pevbr5tS1I,pool34
medium,ST,3,pevbr5tS1I,pool34
easy,MS,4,pevbr5tS1I,pool34
hard,MS,5,pevbr5tS1I,pool34
hard,MR,6,pevbr5tS1I,pool34
easy,ST,7,pevbr5tS1I,pool34
medium,MR,8,pevbr5tS1I,pool34
medium,MS,9,pevbr5tS1I,pool34
easy,MS,1,zMSGYZOzxF,pool34
medium,ST,2,zMSGYZOzxF,pool34
hard,MS,3,zMSGYZOzxF,pool34
medium,MS,4,zMSGYZOzxF,pool34
easy,ST,5,zMSGYZOzxF,pool34
hard,MR,6,zMSGYZOzxF,pool34
hard,ST,7,zMSGYZOzxF,pool34
medium,MR,8,zMSGYZOzxF,pool34
easy,MR,9,zMSGYZOzxF,pool34
easy,MS,1,FgaXoRhEpQ,pool34
hard,MR,2,FgaXoRhEpQ,pool34
hard,ST,3,FgaXoRhEpQ,pool34
easy,MR,4,FgaXoRhEpQ,pool34
medium,ST,5,FgaXoRhEpQ,pool34
hard,MS,6,FgaXoRhEpQ,pool34
medium,MS,7,FgaXoRhEpQ,pool34
easy,ST,8,FgaXoRhEpQ,pool34
medium,MR,9,FgaXoRhEpQ,pool34
hard,MS,1,V4epNAqh9h,pool34
easy,ST,2,V4epNAqh9h,pool34
hard,ST,3,V4epNAqh9h,pool34
hard,MR,4,V4epNAqh9h,pool34
easy,MS,5,V4epNAqh9h,pool34
medium,MR,6,V4epNAqh9h,pool34
medium,ST,7,V4epNAqh9h,pool34
easy,MR,8,V4epNAqh9h,pool34
medium,MS,9,V4epNAqh9h,pool34
hard,ST,1,7s1EYKyluI,pool34
easy,MS,2,7s1EYKyluI,pool34
hard,MR,3,7s1EYKyluI,pool34
hard,MS,4,7s1EYKyluI,pool34
easy,MR,5,7s1EYKyluI,pool34
medium,ST,6,7s1EYKyluI,pool34
medium,MR,7,7s1EYKyluI,pool34
easy,ST,8,7s1EYKyluI,pool34
medium,MS,9,7s1EYKyluI,pool34
hard,ST,1,GxpGXkXK8v,pool34
medium,MS,2,GxpGXkXK8v,pool34
medium,ST,3,GxpGXkXK8v,pool34
easy,ST,4,GxpGXkXK8v,pool34
easy,MR,5,GxpGXkXK8v,pool34
hard,MS,6,GxpGXkXK8v,pool34
hard,MR,7,GxpGXkXK8v,pool34
medium,MR,8,GxpGXkXK8v,pool34
easy,MS,9,GxpGXkXK8v,pool34
easy,ST,1,W98TU3XJxb,pool34
easy,MR,2,W98TU3XJxb,pool34
medium,ST,3,W98TU3XJxb,pool34
medium,MR,4,W98TU3XJxb,pool34
easy,MS,5,W98TU3XJxb,pool34
hard,ST,6,W98TU3XJxb,pool34
medium,MS,7,W98TU3XJxb,pool34
hard,MS,8,W98TU3XJxb,pool34
hard,MR,9,W98TU3XJxb,pool34
easy,MS,1,yWB1eDgHxE,pool34
easy,MR,2,yWB1eDgHxE,pool34
medium,ST,3,yWB1eDgHxE,pool34
medium,MR,4,yWB1eDgHxE,pool34
hard,ST,5,yWB1eDgHxE,pool34
medium,MS,6,yWB1eDgHxE,pool34
easy,ST,7,yWB1eDgHxE,pool34
hard,MR,8,yWB1eDgHxE,pool34
hard,MS,9,yWB1eDgHxE,pool34
hard,ST,1,cdCa7qlKqK,pool34
easy,MS,2,cdCa7qlKqK,pool34
hard,MS,3,cdCa7qlKqK,pool34
medium,MS,4,cdCa7qlKqK,pool34
medium,MR,5,cdCa7qlKqK,pool34
easy,MR,6,cdCa7qlKqK,pool34
hard,MR,7,cdCa7qlKqK,pool34
medium,ST,8,cdCa7qlKqK,pool34
easy,ST,9,cdCa7qlKqK,pool34
easy,ST,1,0dkwUmCwzJ,pool34
medium,MR,2,0dkwUmCwzJ,pool34
hard,MS,3,0dkwUmCwzJ,pool34
hard,MR,4,0dkwUmCwzJ,pool34
easy,MS,5,0dkwUmCwzJ,pool34
easy,MR,6,0dkwUmCwzJ,pool34
medium,ST,7,0dkwUmCwzJ,pool34
medium,MS,8,0dkwUmCwzJ,pool34
hard,ST,9,0dkwUmCwzJ,pool34
hard,ST,1,h3qLkF1oCE,pool34
medium,MS,2,h3qLkF1oCE,pool34
medium,ST,3,h3qLkF1oCE,pool34
hard,MS,4,h3qLkF1oCE,pool34
easy,ST,5,h3qLkF1oCE,pool34
hard,MR,6,h3qLkF1oCE,pool34
easy,MS,7,h3qLkF1oCE,pool34
easy,MR,8,h3qLkF1oCE,pool34
medium,MR,9,h3qLkF1oCE,pool34
hard,MR,1,Q479YcpCNr,pool34
medium,MR,2,Q479YcpCNr,pool34
medium,ST,3,Q479YcpCNr,pool34
hard,ST,4,Q479YcpCNr,pool34
medium,MS,5,Q479YcpCNr,pool34
easy,ST,6,Q479YcpCNr,pool34
easy,MR,7,Q479YcpCNr,pool34
hard,MS,8,Q479YcpCNr,pool34
easy,MS,9,Q479YcpCNr,pool34
hard,ST,1,vBoSbHJ7AD,pool34
easy,MR,2,vBoSbHJ7AD,pool34
easy,MS,3,vBoSbHJ7AD,pool34
hard,MR,4,vBoSbHJ7AD,pool34
medium,MS,5,vBoSbHJ7AD,pool34
hard,MS,6,vBoSbHJ7AD,pool34
medium,MR,7,vBoSbHJ7AD,pool34
medium,ST,8,vBoSbHJ7AD,pool34
easy,ST,9,vBoSbHJ7AD,pool34
easy,MS,1,JIY5GSm8aI,pool34
medium,MR,2,JIY5GSm8aI,pool34
medium,ST,3,JIY5GSm8aI,pool34
medium,MS,4,JIY5GSm8aI,pool34
easy,ST,5,JIY5GSm8aI,pool34
easy,MR,6,JIY5GSm8aI,pool34
hard,ST,7,JIY5GSm8aI,pool34
hard,MS,8,JIY5GSm8aI,pool34
hard,MR,9,JIY5GSm8aI,pool34
hard,MS,1,KMzkcoEoDX,pool34
easy,MS,2,KMzkcoEoDX,pool34
medium,MR,3,KMzkcoEoDX,pool34
easy,ST,4,KMzkcoEoDX,pool34
hard,MR,5,KMzkcoEoDX,pool34
easy,MR,6,KMzkcoEoDX,pool34
medium,MS,7,KMzkcoEoDX,pool34
medium,ST,8,KMzkcoEoDX,pool34
hard,ST,9,KMzkcoEoDX,pool34
hard,MR,1,bKUxjX0i0W,pool34
easy,MS,2,bKUxjX0i0W,pool34
medium,MS,3,bKUxjX0i0W,pool34
easy,MR,4,bKUxjX0i0W,pool34
medium,MR,5,bKUxjX0i0W,pool34
hard,MS,6,bKUxjX0i0W,pool34
medium,ST,7,bKUxjX0i0W,pool34
hard,ST,8,bKUxjX0i0W,pool34
easy,ST,9,bKUxjX0i0W,pool34
easy,MS,1,cGANl4iQl1,pool34
medium,MR,2,cGANl4iQl1,pool34
easy,ST,3,cGANl4iQl1,pool34
hard,MR,4,cGANl4iQl1,pool34
hard,MS,5,cGANl4iQl1,pool34
medium,MS,6,cGANl4iQl1,pool34
medium,ST,7,cGANl4iQl1,pool34
hard,ST,8,cGANl4iQl1,pool34
easy,MR,9,cGANl4iQl1,pool34
easy,MS,1,jDL2pqqoXv,pool34
medium,ST,2,jDL2pqqoXv,pool34
hard,MR,3,jDL2pqqoXv,pool34
medium,MR,4,jDL2pqqoXv,pool34
easy,MR,5,jDL2pqqoXv,pool34
medium,MS,6,jDL2pqqoXv,pool34
hard,MS,7,jDL2pqqoXv,pool34
hard,ST,8,jDL2pqqoXv,pool34
easy,ST,9,jDL2pqqoXv,pool34
hard,MS,1,HV4ueBgaoL,pool34
easy,MR,2,HV4ueBgaoL,pool34
hard,MR,3,HV4ueBgaoL,pool34
easy,MS,4,HV4ueBgaoL,pool34
medium,ST,5,HV4ueBgaoL,pool34
medium,MR,6,HV4ueBgaoL,pool34
medium,MS,7,HV4ueBgaoL,pool34
hard,ST,8,HV4ueBgaoL,pool34
easy,ST,9,HV4ueBgaoL,pool34
medium,MS,1,2HJHCZEQE1,pool34
medium,MR,2,2HJHCZEQE1,pool34
easy,MS,3,2HJHCZEQE1,pool34
easy,ST,4,2HJHCZEQE1,pool34
easy,MR,5,2HJHCZEQE1,pool34
hard,ST,6,2HJHCZEQE1,pool34
hard,MS,7,2HJHCZEQE1,pool34
hard,MR,8,2HJHCZEQE1,pool34
medium,ST,9,2HJHCZEQE1,pool34
medium,MS,1,Fd15tXKjh3,pool34
easy,ST,2,Fd15tXKjh3,pool34
hard,MR,3,Fd15tXKjh3,pool34
hard,MS,4,Fd15tXKjh3,pool34
medium,MR,5,Fd15tXKjh3,pool34
medium,ST,6,Fd15tXKjh3,pool34
hard,ST,7,Fd15tXKjh3,pool34
easy,MR,8,Fd15tXKjh3,pool34
easy,MS,9,Fd15tXKjh3,pool34
medium,MS,1,E1wQ16OGRS,pool34
easy,MS,2,E1wQ16OGRS,pool34
easy,ST,3,E1wQ16OGRS,pool34
hard,MS,4,E1wQ16OGRS,pool34
easy,MR,5,E1wQ16OGRS,pool34
medium,MR,6,E1wQ16OGRS,pool34
medium,ST,7,E1wQ16OGRS,pool34
hard,ST,8,E1wQ16OGRS,pool34
hard,MR,9,E1wQ16OGRS,pool34
medium,MS,1,E6k5x9v8pf,pool34
easy,ST,2,E6k5x9v8pf,pool34
medium,ST,3,E6k5x9v8pf,pool34
easy,MS,4,E6k5x9v8pf,pool34
hard,MR,5,E6k5x9v8pf,pool34
medium,MR,6,E6k5x9v8pf,pool34
hard,MS,7,E6k5x9v8pf,pool34
easy,MR,8,E6k5x9v8pf,pool34
hard,ST,9,E6k5x9v8pf,pool34
hard,MS,1,cSI9W49vxo,pool34
hard,MR,2,cSI9W49vxo,pool34
medium,MS,3,cSI9W49vxo,pool34
easy,ST,4,cSI9W49vxo,pool34
medium,MR,5,cSI9W49vxo,pool34
easy,MS,6,cSI9W49vxo,pool34
hard,ST,7,cSI9W49vxo,pool34
medium,ST,8,cSI9W49vxo,pool34
easy,MR,9,cSI9W49vxo,pool34
medium,MS,1,wT2BNjpDXV,pool5
medium,ST,2,wT2BNjpDXV,pool5
hard,MS,3,wT2BNjpDXV,pool5
hard,MR,4,wT2BNjpDXV,pool5
medium,MR,5,wT2BNjpDXV,pool5
hard,ST,6,wT2BNjpDXV,pool5
easy,ST,7,wT2BNjpDXV,pool5
easy,MS,8,wT2BNjpDXV,pool5
easy,MR,9,wT2BNjpDXV,pool5
hard,MR,1,MArUzIGtu1,pool5
medium,MS,2,MArUzIGtu1,pool5
medium,MR,3,MArUzIGtu1,pool5
hard,ST,4,MArUzIGtu1,pool5
easy,MR,5,MArUzIGtu1,pool5
hard,MS,6,MArUzIGtu1,pool5
easy,ST,7,MArUzIGtu1,pool5
easy,MS,8,MArUzIGtu1,pool5
medium,ST,9,MArUzIGtu1,pool5
easy,MR,1,YQfNrv0e5B,pool5
easy,MS,2,YQfNrv0e5B,pool5
medium,ST,3,YQfNrv0e5B,pool5
hard,MR,4,YQfNrv0e5B,pool5
medium,MS,5,YQfNrv0e5B,pool5
hard,ST,6,YQfNrv0e5B,pool5
easy,ST,7,YQfNrv0e5B,pool5
hard,MS,8,YQfNrv0e5B,pool5
medium,MR,9,YQfNrv0e5B,pool5
hard,MR,1,yVjHadDLmM,pool5
medium,MR,2,yVjHadDLmM,pool5
medium,ST,3,yVjHadDLmM,pool5
medium,MS,4,yVjHadDLmM,pool5
easy,MS,5,yVjHadDLmM,pool5
hard,ST,6,yVjHadDLmM,pool5
easy,ST,7,yVjHadDLmM,pool5
hard,MS,8,yVjHadDLmM,pool5
easy,MR,9,yVjHadDLmM,pool5
easy,ST,1,Mh4D0deXmE,pool5
hard,MS,2,Mh4D0deXmE,pool5
hard,MR,3,Mh4D0deXmE,pool5
medium,ST,4,Mh4D0deXmE,pool5
medium,MS,5,Mh4D0deXmE,pool5
medium,MR,6,Mh4D0deXmE,pool5
easy,MR,7,Mh4D0deXmE,pool5
hard,ST,8,Mh4D0deXmE,pool5
easy,MS,9,Mh4D0deXmE,pool5
easy,MS,1,4PjgFYmt2Z,pool5
hard,MR,2,4PjgFYmt2Z,pool5
easy,ST,3,4PjgFYmt2Z,pool5
medium,ST,4,4PjgFYmt2Z,pool5
hard,ST,5,4PjgFYmt2Z,pool5
medium,MS,6,4PjgFYmt2Z,pool5
easy,MR,7,4PjgFYmt2Z,pool5
hard,MS,8,4PjgFYmt2Z,pool5
medium,MR,9,4PjgFYmt2Z,pool5
easy,ST,1,0a4DqEEKSb,pool5
hard,MS,2,0a4DqEEKSb,pool5
medium,ST,3,0a4DqEEKSb,pool5
hard,MR,4,0a4DqEEKSb,pool5
easy,MR,5,0a4DqEEKSb,pool5
medium,MS,6,0a4DqEEKSb,pool5
easy,MS,7,0a4DqEEKSb,pool5
hard,ST,8,0a4DqEEKSb,pool5
medium,MR,9,0a4DqEEKSb,pool5
easy,MS,1,8JrN5VwG94,pool5
medium,ST,2,8JrN5VwG94,pool5
medium,MR,3,8JrN5VwG94,pool5
easy,MR,4,8JrN5VwG94,pool5
hard,ST,5,8JrN5VwG94,pool5
easy,ST,6,8JrN5VwG94,pool5
medium,MS,7,8JrN5VwG94,pool5
hard,MR,8,8JrN5VwG94,pool5
hard,MS,9,8JrN5VwG94,pool5
easy,MR,1,v8TXZ0YflN,pool5
hard,MS,2,v8TXZ0YflN,pool5
medium,MS,3,v8TXZ0YflN,pool5
hard,MR,4,v8TXZ0YflN,pool5
easy,ST,5,v8TXZ0YflN,pool5
medium,MR,6,v8TXZ0YflN,pool5
hard,ST,7,v8TXZ0YflN,pool5
easy,MS,8,v8TXZ0YflN,pool5
medium,ST,9,v8TXZ0YflN,pool5
hard,ST,1,TT3KEsSN3J,pool5
medium,ST,2,TT3KEsSN3J,pool5
medium,MS,3,TT3KEsSN3J,pool5
hard,MS,4,TT3KEsSN3J,pool5
hard,MR,5,TT3KEsSN3J,pool5
medium,MR,6,TT3KEsSN3J,pool5
easy,MS,7,TT3KEsSN3J,pool5
easy,MR,8,TT3KEsSN3J,pool5
easy,ST,9,TT3KEsSN3J,pool5
hard,MR,1,t9OiOaQwxH,pool5
medium,ST,2,t9OiOaQwxH,pool5
hard,MS,3,t9OiOaQwxH,pool5
easy,MR,4,t9OiOaQwxH,pool5
medium,MS,5,t9OiOaQwxH,pool5
easy,MS,6,t9OiOaQwxH,pool5
easy,ST,7,t9OiOaQwxH,pool5
medium,MR,8,t9OiOaQwxH,pool5
hard,ST,9,t9OiOaQwxH,pool5
medium,MR,1,2W50OifXwA,pool5
easy,MS,2,2W50OifXwA,pool5
medium,MS,3,2W50OifXwA,pool5
hard,MS,4,2W50OifXwA,pool5
easy,MR,5,2W50OifXwA,pool5
medium,ST,6,2W50OifXwA,pool5
hard,MR,7,2W50OifXwA,pool5
hard,ST,8,2W50OifXwA,pool5
easy,ST,9,2W50OifXwA,pool5
