task_type,choice,n,w,id,pool
mental_rotation,EF,4,0.26666666666666666,jKBHzXx0Pg,pool1
mental_rotation,FR,3,0.2,jKBHzXx0Pg,pool1
mental_rotation,ME,5,0.3333333333333333,jKBHzXx0Pg,pool1
mental_rotation,PE,2,0.13333333333333333,jKBHzXx0Pg,pool1
mental_rotation,TI,1,0.06666666666666667,jKBHzXx0Pg,pool1
mental_span,EF,4,0.26666666666666666,jKBHzXx0Pg,pool1
mental_span,FR,2,0.13333333333333333,jKBHzXx0Pg,pool1
mental_span,ME,3,0.2,jKBHzXx0Pg,pool1
mental_span,PE,1,0.06666666666666667,jKBHzXx0Pg,pool1
mental_span,TI,5,0.3333333333333333,jKBHzXx0Pg,pool1
sternberg,EF,3,0.2,jKBHzXx0Pg,pool1
sternberg,FR,1,0.06666666666666667,jKBHzXx0Pg,pool1
sternberg,ME,2,0.13333333333333333,jKBHzXx0Pg,pool1
sternberg,PE,4,0.26666666666666666,jKBHzXx0Pg,pool1
sternberg,TI,5,0.3333333333333333,jKBHzXx0Pg,pool1
mental_rotation,EF,3,0.2,TqUBvW8Aaz,pool1
mental_rotation,FR,4,0.26666666666666666,TqUBvW8Aaz,pool1
mental_rotation,ME,5,0.3333333333333333,TqUBvW8Aaz,pool1
mental_rotation,PE,2,0.13333333333333333,TqUBvW8Aaz,pool1
mental_rotation,TI,1,0.06666666666666667,TqUBvW8Aaz,pool1
mental_span,EF,3,0.2,TqUBvW8Aaz,pool1
mental_span,FR,2,0.13333333333333333,TqUBvW8Aaz,pool1
mental_span,ME,4,0.26666666666666666,TqUBvW8Aaz,pool1
mental_span,PE,1,0.06666666666666667,TqUBvW8Aaz,pool1
mental_span,TI,5,0.3333333333333333,TqUBvW8Aaz,pool1
sternberg,EF,2,0.13333333333333333,TqUBvW8Aaz,pool1
sternberg,FR,3,0.2,TqUBvW8Aaz,pool1
sternberg,ME,1,0.06666666666666667,TqUBvW8Aaz,pool1
sternberg,PE,3,0.2,TqUBvW8Aaz,pool1
sternberg,PH,1,0.06666666666666667,TqUBvW8Aaz,pool1
sternberg,TI,5,0.3333333333333333,TqUBvW8Aaz,pool1
mental_rotation,EF,2,0.13333333333333333,WAh9qhgg6o,pool1
mental_rotation,FR,3,0.2,WAh9qhgg6o,pool1
mental_rotation,ME,4,0.26666666666666666,WAh9qhgg6o,pool1
mental_rotation,PE,3,0.2,WAh9qhgg6o,pool1
mental_rotation,PH,1,0.06666666666666667,WAh9qhgg6o,pool1
mental_rotation,TI,2,0.13333333333333333,WAh9qhgg6o,pool1
mental_span,EF,3,0.2,WAh9qhgg6o,pool1
mental_span,ME,3,0.2,WAh9qhgg6o,pool1
mental_span,PE,1,0.06666666666666667,WAh9qhgg6o,pool1
mental_span,PH,3,0.2,WAh9qhgg6o,pool1
mental_span,TI,5,0.3333333333333333,WAh9qhgg6o,pool1
sternberg,EF,1,0.06666666666666667,WAh9qhgg6o,pool1
sternberg,FR,2,0.13333333333333333,WAh9qhgg6o,pool1
sternberg,ME,4,0.26666666666666666,WAh9qhgg6o,pool1
sternberg,PE,3,0.2,WAh9qhgg6o,pool1
sternberg,TI,5,0.3333333333333333,WAh9qhgg6o,pool1
mental_rotation,EF,4,0.26666666666666666,6xDo1DDaCf,pool1
mental_rotation,FR,1,0.06666666666666667,6xDo1DDaCf,pool1
mental_rotation,ME,3,0.2,6xDo1DDaCf,pool1
mental_rotation,PE,5,0.3333333333333333,6xDo1DDaCf,pool1
mental_rotation,TI,2,0.13333333333333333,6xDo1DDaCf,pool1
mental_span,EF,2,0.13333333333333333,6xDo1DDaCf,pool1
mental_span,FR,1,0.06666666666666667,6xDo1DDaCf,pool1
mental_span,ME,4,0.26666666666666666,6xDo1DDaCf,pool1
mental_span,PE,5,0.3333333333333333,6xDo1DDaCf,pool1
mental_span,TI,3,0.2,6xDo1DDaCf,pool1
sternberg,EF,4,0.26666666666666666,6xDo1DDaCf,pool1
sternberg,FR,2,0.13333333333333333,6xDo1DDaCf,pool1
sternberg,ME,3,0.2,6xDo1DDaCf,pool1
sternberg,PE,5,0.3333333333333333,6xDo1DDaCf,pool1
sternberg,TI,1,0.06666666666666667,6xDo1DDaCf,pool1
mental_rotation,EF,3,0.2,9ZffIZqFHz,pool1
mental_rotation,FR,2,0.13333333333333333,9ZffIZqFHz,pool1
mental_rotation,ME,5,0.3333333333333333,9ZffIZqFHz,pool1
mental_rotation,PE,3,0.2,9ZffIZqFHz,pool1
mental_rotation,TI,2,0.13333333333333333,9ZffIZqFHz,pool1
mental_span,EF,2,0.13333333333333333,9ZffIZqFHz,pool1
mental_span,FR,3,0.2,9ZffIZqFHz,pool1
mental_span,ME,5,0.3333333333333333,9ZffIZqFHz,pool1
mental_span,PE,1,0.06666666666666667,9ZffIZqFHz,pool1
mental_span,TI,4,0.26666666666666666,9ZffIZqFHz,pool1
sternberg,EF,1,0.06666666666666667,9ZffIZqFHz,pool1
sternberg,FR,4,0.26666666666666666,9ZffIZqFHz,pool1
sternberg,ME,2,0.13333333333333333,9ZffIZqFHz,pool1
sternberg,PE,3,0.2,9ZffIZqFHz,pool1
sternberg,TI,5,0.3333333333333333,9ZffIZqFHz,pool1
mental_rotation,EF,4,0.26666666666666666,wiRZfBYOru,pool2
mental_rotation,FR,3,0.2,wiRZfBYOru,pool2
mental_rotation,ME,2,0.13333333333333333,wiRZfBYOru,pool2
mental_rotation,PE,2,0.13333333333333333,wiRZfBYOru,pool2
mental_rotation,PH,4,0.26666666666666666,wiRZfBYOru,pool2
mental_span,EF,4,0.26666666666666666,wiRZfBYOru,pool2
mental_span,FR,2,0.13333333333333333,wiRZfBYOru,pool2
mental_span,ME,3,0.2,wiRZfBYOru,pool2
mental_span,PE,2,0.13333333333333333,wiRZfBYOru,pool2
mental_span,PH,3,0.2,wiRZfBYOru,pool2
mental_span,TI,1,0.06666666666666667,wiRZfBYOru,pool2
sternberg,EF,4,0.26666666666666666,wiRZfBYOru,pool2
sternberg,FR,3,0.2,wiRZfBYOru,pool2
sternberg,ME,3,0.2,wiRZfBYOru,pool2
sternberg,PE,1,0.06666666666666667,wiRZfBYOru,pool2
sternberg,PH,4,0.26666666666666666,wiRZfBYOru,pool2
mental_rotation,EF,4,0.26666666666666666,cCWrG11sgp,pool2
mental_rotation,FR,1,0.06666666666666667,cCWrG11sgp,pool2
mental_rotation,ME,2,0.13333333333333333,cCWrG11sgp,pool2
mental_rotation,PH,3,0.2,cCWrG11sgp,pool2
mental_rotation,TI,5,0.3333333333333333,cCWrG11sgp,pool2
mental_span,EF,4,0.26666666666666666,cCWrG11sgp,pool2
mental_span,FR,2,0.13333333333333333,cCWrG11sgp,pool2
mental_span,ME,3,0.2,cCWrG11sgp,pool2
mental_span,PH,1,0.06666666666666667,cCWrG11sgp,pool2
mental_span,TI,5,0.3333333333333333,cCWrG11sgp,pool2
sternberg,EF,3,0.2,cCWrG11sgp,pool2
sternberg,FR,2,0.13333333333333333,cCWrG11sgp,pool2
sternberg,ME,4,0.26666666666666666,cCWrG11sgp,pool2
sternberg,PE,1,0.06666666666666667,cCWrG11sgp,pool2
sternberg,TI,5,0.3333333333333333,cCWrG11sgp,pool2
mental_rotation,EF,2,0.13333333333333333,gI6hCgCchT,pool2
mental_rotation,FR,1,0.06666666666666667,gI6hCgCchT,pool2
mental_rotation,ME,5,0.3333333333333333,gI6hCgCchT,pool2
mental_rotation,PE,3,0.2,gI6hCgCchT,pool2
mental_rotation,TI,4,0.26666666666666666,gI6hCgCchT,pool2
mental_span,EF,3,0.2,gI6hCgCchT,pool2
mental_span,FR,5,0.3333333333333333,gI6hCgCchT,pool2
mental_span,ME,4,0.26666666666666666,gI6hCgCchT,pool2
mental_span,PE,1,0.06666666666666667,gI6hCgCchT,pool2
mental_span,TI,2,0.13333333333333333,gI6hCgCchT,pool2
sternberg,EF,3,0.2,gI6hCgCchT,pool2
sternberg,FR,4,0.26666666666666666,gI6hCgCchT,pool2
sternberg,ME,5,0.3333333333333333,gI6hCgCchT,pool2
sternberg,PE,1,0.06666666666666667,gI6hCgCchT,pool2
sternberg,TI,2,0.13333333333333333,gI6hCgCchT,pool2
mental_rotation,EF,3,0.2,kGWL9y5AS9,pool2
mental_rotation,FR,5,0.3333333333333333,kGWL9y5AS9,pool2
mental_rotation,ME,4,0.26666666666666666,kGWL9y5AS9,pool2
mental_rotation,PE,1,0.06666666666666667,kGWL9y5AS9,pool2
mental_rotation,PH,2,0.13333333333333333,kGWL9y5AS9,pool2
mental_span,EF,3,0.2,kGWL9y5AS9,pool2
mental_span,ME,5,0.3333333333333333,kGWL9y5AS9,pool2
mental_span,PE,4,0.26666666666666666,kGWL9y5AS9,pool2
mental_span,PH,2,0.13333333333333333,kGWL9y5AS9,pool2
mental_span,TI,1,0.06666666666666667,kGWL9y5AS9,pool2
sternberg,EF,5,0.3333333333333333,kGWL9y5AS9,pool2
sternberg,ME,3,0.2,kGWL9y5AS9,pool2
sternberg,PE,3,0.2,kGWL9y5AS9,pool2
sternberg,PH,2,0.13333333333333333,kGWL9y5AS9,pool2
sternberg,TI,2,0.13333333333333333,kGWL9y5AS9,pool2
mental_rotation,EF,2,0.13333333333333333,ntoLpzjCrW,pool2
mental_rotation,FR,5,0.3333333333333333,ntoLpzjCrW,pool2
mental_rotation,ME,3,0.2,ntoLpzjCrW,pool2
mental_rotation,PE,1,0.06666666666666667,ntoLpzjCrW,pool2
mental_rotation,TI,4,0.26666666666666666,ntoLpzjCrW,pool2
mental_span,EF,1,0.06666666666666667,ntoLpzjCrW,pool2
mental_span,FR,2,0.13333333333333333,ntoLpzjCrW,pool2
mental_span,ME,4,0.26666666666666666,ntoLpzjCrW,pool2
mental_span,PE,4,0.26666666666666666,ntoLpzjCrW,pool2
mental_span,TI,4,0.26666666666666666,ntoLpzjCrW,pool2
sternberg,EF,1,0.06666666666666667,ntoLpzjCrW,pool2
sternberg,FR,3,0.2,ntoLpzjCrW,pool2
sternberg,ME,5,0.3333333333333333,ntoLpzjCrW,pool2
sternberg,PE,3,0.2,ntoLpzjCrW,pool2
sternberg,TI,3,0.2,ntoLpzjCrW,pool2
mental_rotation,EF,2,0.13333333333333333,12zOSfawTO,pool2
mental_rotation,FR,1,0.06666666666666667,12zOSfawTO,pool2
mental_rotation,ME,4,0.26666666666666666,12zOSfawTO,pool2
mental_rotation,PE,5,0.3333333333333333,12zOSfawTO,pool2
mental_rotation,PH,1,0.06666666666666667,12zOSfawTO,pool2
mental_rotation,TI,2,0.13333333333333333,12zOSfawTO,pool2
mental_span,EF,3,0.2,12zOSfawTO,pool2
mental_span,FR,4,0.26666666666666666,12zOSfawTO,pool2
mental_span,ME,2,0.13333333333333333,12zOSfawTO,pool2
mental_span,PE,1,0.06666666666666667,12zOSfawTO,pool2
mental_span,PH,1,0.06666666666666667,12zOSfawTO,pool2
mental_span,TI,4,0.26666666666666666,12zOSfawTO,pool2
sternberg,EF,2,0.13333333333333333,12zOSfawTO,pool2
sternberg,FR,5,0.3333333333333333,12zOSfawTO,pool2
sternberg,ME,2,0.13333333333333333,12zOSfawTO,pool2
sternberg,PE,2,0.13333333333333333,12zOSfawTO,pool2
sternberg,PH,1,0.06666666666666667,12zOSfawTO,pool2
sternberg,TI,3,0.2,12zOSfawTO,pool2
mental_rotation,EF,4,0.26666666666666666,DVCsNitb7p,pool2
mental_rotation,FR,2,0.13333333333333333,DVCsNitb7p,pool2
mental_rotation,ME,3,0.2,DVCsNitb7p,pool2
mental_rotation,PE,1,0.06666666666666667,DVCsNitb7p,pool2
mental_rotation,TI,5,0.3333333333333333,DVCsNitb7p,pool2
mental_span,EF,2,0.13333333333333333,DVCsNitb7p,pool2
mental_span,FR,3,0.2,DVCsNitb7p,pool2
mental_span,ME,5,0.3333333333333333,DVCsNitb7p,pool2
mental_span,PE,1,0.06666666666666667,DVCsNitb7p,pool2
mental_span,TI,4,0.26666666666666666,DVCsNitb7p,pool2
sternberg,EF,4,0.26666666666666666,DVCsNitb7p,pool2
sternberg,FR,2,0.13333333333333333,DVCsNitb7p,pool2
sternberg,ME,4,0.26666666666666666,DVCsNitb7p,pool2
sternberg,PE,1,0.06666666666666667,DVCsNitb7p,pool2
sternberg,TI,4,0.26666666666666666,DVCsNitb7p,pool2
mental_rotation,EF,3,0.2,sPXXgeOo7t,pool2
mental_rotation,FR,4,0.26666666666666666,sPXXgeOo7t,pool2
mental_rotation,ME,5,0.3333333333333333,sPXXgeOo7t,pool2
mental_rotation,PE,2,0.13333333333333333,sPXXgeOo7t,pool2
mental_rotation,TI,1,0.06666666666666667,sPXXgeOo7t,pool2
mental_span,EF,3,0.2,sPXXgeOo7t,pool2
mental_span,FR,3,0.2,sPXXgeOo7t,pool2
mental_span,ME,5,0.3333333333333333,sPXXgeOo7t,pool2
mental_span,PH,1,0.06666666666666667,sPXXgeOo7t,pool2
mental_span,TI,3,0.2,sPXXgeOo7t,pool2
sternberg,EF,2,0.13333333333333333,sPXXgeOo7t,pool2
sternberg,FR,2,0.13333333333333333,sPXXgeOo7t,pool2
sternberg,ME,3,0.2,sPXXgeOo7t,pool2
sternberg,PE,3,0.2,sPXXgeOo7t,pool2
sternberg,PH,4,0.26666666666666666,sPXXgeOo7t,pool2
sternberg,TI,1,0.06666666666666667,sPXXgeOo7t,pool2
mental_rotation,EF,3,0.2,ujNKR4re1M,pool2
mental_rotation,FR,2,0.13333333333333333,ujNKR4re1M,pool2
mental_rotation,ME,4,0.26666666666666666,ujNKR4re1M,pool2
mental_rotation,PE,5,0.3333333333333333,ujNKR4re1M,pool2
mental_rotation,TI,1,0.06666666666666667,ujNKR4re1M,pool2
mental_span,EF,3,0.2,ujNKR4re1M,pool2
mental_span,FR,5,0.3333333333333333,ujNKR4re1M,pool2
mental_span,PE,3,0.2,ujNKR4re1M,pool2
mental_span,PH,2,0.13333333333333333,ujNKR4re1M,pool2
mental_span,TI,2,0.13333333333333333,ujNKR4re1M,pool2
sternberg,EF,3,0.2,ujNKR4re1M,pool2
sternberg,FR,1,0.06666666666666667,ujNKR4re1M,pool2
sternberg,ME,3,0.2,ujNKR4re1M,pool2
sternberg,PE,3,0.2,ujNKR4re1M,pool2
sternberg,TI,5,0.3333333333333333,ujNKR4re1M,pool2
mental_rotation,EF,2,0.13333333333333333,8EBFmIUfAy,pool2
mental_rotation,FR,5,0.3333333333333333,8EBFmIUfAy,pool2
mental_rotation,ME,3,0.2,8EBFmIUfAy,pool2
mental_rotation,PE,4,0.26666666666666666,8EBFmIUfAy,pool2
mental_rotation,TI,1,0.06666666666666667,8EBFmIUfAy,pool2
mental_span,EF,4,0.26666666666666666,8EBFmIUfAy,pool2
mental_span,FR,4,0.26666666666666666,8EBFmIUfAy,pool2
mental_span,ME,1,0.06666666666666667,8EBFmIUfAy,pool2
mental_span,PE,1,0.06666666666666667,8EBFmIUfAy,pool2
mental_span,PH,3,0.2,8EBFmIUfAy,pool2
mental_span,TI,2,0.13333333333333333,8EBFmIUfAy,pool2
sternberg,EF,5,0.3333333333333333,8EBFmIUfAy,pool2
sternberg,FR,2,0.13333333333333333,8EBFmIUfAy,pool2
sternberg,ME,1,0.06666666666666667,8EBFmIUfAy,pool2
sternberg,PE,3,0.2,8EBFmIUfAy,pool2
sternberg,TI,4,0.26666666666666666,8EBFmIUfAy,pool2
mental_rotation,EF,2,0.13333333333333333,aqEAPJJI8e,pool34
mental_rotation,FR,3,0.2,aqEAPJJI8e,pool34
mental_rotation,ME,4,0.26666666666666666,aqEAPJJI8e,pool34
mental_rotation,PE,2,0.13333333333333333,aqEAPJJI8e,pool34
mental_rotation,PH,2,0.13333333333333333,aqEAPJJI8e,pool34
mental_rotation,TI,2,0.13333333333333333,aqEAPJJI8e,pool34
mental_span,EF,1,0.06666666666666667,aqEAPJJI8e,pool34
mental_span,FR,4,0.26666666666666666,aqEAPJJI8e,pool34
mental_span,ME,3,0.2,aqEAPJJI8e,pool34
mental_span,PE,2,0.13333333333333333,aqEAPJJI8e,pool34
mental_span,PH,3,0.2,aqEAPJJI8e,pool34
mental_span,TI,2,0.13333333333333333,aqEAPJJI8e,pool34
sternberg,EF,1,0.06666666666666667,aqEAPJJI8e,pool34
sternberg,FR,3,0.2,aqEAPJJI8e,pool34
sternberg,PE,3,0.2,aqEAPJJI8e,pool34
sternberg,PH,4,0.26666666666666666,aqEAPJJI8e,pool34
sternberg,TI,4,0.26666666666666666,aqEAPJJI8e,pool34
mental_rotation,EF,4,0.26666666666666666,rh40WUcVcA,pool34
mental_rotation,FR,2,0.13333333333333333,rh40WUcVcA,pool34
mental_rotation,ME,4,0.26666666666666666,rh40WUcVcA,pool34
mental_rotation,PE,4,0.26666666666666666,rh40WUcVcA,pool34
mental_rotation,TI,1,0.06666666666666667,rh40WUcVcA,pool34
mental_span,EF,4,0.26666666666666666,rh40WUcVcA,pool34
mental_span,FR,1,0.06666666666666667,rh40WUcVcA,pool34
mental_span,ME,5,0.3333333333333333,rh40WUcVcA,pool34
mental_span,PH,2,0.13333333333333333,rh40WUcVcA,pool34
mental_span,TI,3,0.2,rh40WUcVcA,pool34
sternberg,EF,3,0.2,rh40WUcVcA,pool34
sternberg,FR,2,0.13333333333333333,rh40WUcVcA,pool34
sternberg,ME,4,0.26666666666666666,rh40WUcVcA,pool34
sternberg,PH,1,0.06666666666666667,rh40WUcVcA,pool34
sternberg,TI,5,0.3333333333333333,rh40WUcVcA,pool34
mental_rotation,EF,2,0.13333333333333333,ky7vtw0gdz,pool34
mental_rotation,FR,1,0.06666666666666667,ky7vtw0gdz,pool34
mental_rotation,ME,5,0.3333333333333333,ky7vtw0gdz,pool34
mental_rotation,PE,3,0.2,ky7vtw0gdz,pool34
mental_rotation,TI,4,0.26666666666666666,ky7vtw0gdz,pool34
mental_span,EF,2,0.13333333333333333,ky7vtw0gdz,pool34
mental_span,ME,4,0.26666666666666666,ky7vtw0gdz,pool34
mental_span,PE,3,0.2,ky7vtw0gdz,pool34
mental_span,PH,2,0.13333333333333333,ky7vtw0gdz,pool34
mental_span,TI,4,0.26666666666666666,ky7vtw0gdz,pool34
sternberg,EF,3,0.2,ky7vtw0gdz,pool34
sternberg,FR,1,0.06666666666666667,ky7vtw0gdz,pool34
sternberg,ME,4,0.26666666666666666,ky7vtw0gdz,pool34
sternberg,PE,3,0.2,ky7vtw0gdz,pool34
sternberg,TI,4,0.26666666666666666,ky7vtw0gdz,pool34
mental_rotation,EF,3,0.2,zvDM8Go5Bd,pool34
mental_rotation,FR,4,0.26666666666666666,zvDM8Go5Bd,pool34
mental_rotation,ME,5,0.3333333333333333,zvDM8Go5Bd,pool34
mental_rotation,PE,2,0.13333333333333333,zvDM8Go5Bd,pool34
mental_rotation,PH,1,0.06666666666666667,zvDM8Go5Bd,pool34
mental_span,EF,1,0.06666666666666667,zvDM8Go5Bd,pool34
mental_span,FR,2,0.13333333333333333,zvDM8Go5Bd,pool34
mental_span,ME,4,0.26666666666666666,zvDM8Go5Bd,pool34
mental_span,PE,3,0.2,zvDM8Go5Bd,pool34
mental_span,TI,5,0.3333333333333333,zvDM8Go5Bd,pool34
sternberg,EF,2,0.13333333333333333,zvDM8Go5Bd,pool34
sternberg,FR,2,0.13333333333333333,zvDM8Go5Bd,pool34
sternberg,ME,3,0.2,zvDM8Go5Bd,pool34
sternberg,PE,3,0.2,zvDM8Go5Bd,pool34
sternberg,TI,5,0.3333333333333333,zvDM8Go5Bd,pool34
mental_rotation,EF,2,0.13333333333333333,7SltMY2Jba,pool34
mental_rotation,FR,3,0.2,7SltMY2Jba,pool34
mental_rotation,ME,5,0.3333333333333333,7SltMY2Jba,pool34
mental_rotation,PE,3,0.2,7SltMY2Jba,pool34
mental_rotation,TI,2,0.13333333333333333,7SltMY2Jba,pool34
mental_span,EF,1,0.06666666666666667,7SltMY2Jba,pool34
mental_span,FR,5,0.3333333333333333,7SltMY2Jba,pool34
mental_span,ME,3,0.2,7SltMY2Jba,pool34
mental_span,PE,4,0.26666666666666666,7SltMY2Jba,pool34
mental_span,TI,2,0.13333333333333333,7SltMY2Jba,pool34
sternberg,EF,3,0.2,7SltMY2Jba,pool34
sternberg,FR,5,0.3333333333333333,7SltMY2Jba,pool34
sternberg,ME,2,0.13333333333333333,7SltMY2Jba,pool34
sternberg,PE,3,0.2,7SltMY2Jba,pool34
sternberg,TI,2,0.13333333333333333,7SltMY2Jba,pool34
mental_rotation,EF,1,0.06666666666666667,PbOEQpRS9f,pool34
mental_rotation,FR,5,0.3333333333333333,PbOEQpRS9f,pool34
mental_rotation,ME,2,0.13333333333333333,PbOEQpRS9f,pool34
mental_rotation,PE,4,0.26666666666666666,PbOEQpRS9f,pool34
mental_rotation,PH,2,0.13333333333333333,PbOEQpRS9f,pool34
mental_rotation,TI,1,0.06666666666666667,PbOEQpRS9f,pool34
mental_span,EF,2,0.13333333333333333,PbOEQpRS9f,pool34
mental_span,FR,4,0.26666666666666666,PbOEQpRS9f,pool34
mental_span,ME,1,0.06666666666666667,PbOEQpRS9f,pool34
mental_span,PE,4,0.26666666666666666,PbOEQpRS9f,pool34
mental_span,TI,4,0.26666666666666666,PbOEQpRS9f,pool34
sternberg,EF,3,0.2,PbOEQpRS9f,pool34
sternberg,FR,1,0.06666666666666667,PbOEQpRS9f,pool34
sternberg,ME,4,0.26666666666666666,PbOEQpRS9f,pool34
sternberg,PE,1,0.06666666666666667,PbOEQpRS9f,pool34
sternberg,PH,3,0.2,PbOEQpRS9f,pool34
sternberg,TI,3,0.2,PbOEQpRS9f,pool34
mental_rotation,EF,4,0.26666666666666666,yTPpr0532t,pool34
mental_rotation,FR,2,0.13333333333333333,yTPpr0532t,pool34
mental_rotation,ME,3,0.2,yTPpr0532t,pool34
mental_rotation,PE,4,0.26666666666666666,yTPpr0532t,pool34
mental_rotation,PH,2,0.13333333333333333,yTPpr0532t,pool34
mental_span,EF,3,0.2,yTPpr0532t,pool34
mental_span,FR,2,0.13333333333333333,yTPpr0532t,pool34
mental_span,ME,4,0.26666666666666666,yTPpr0532t,pool34
mental_span,PH,2,0.13333333333333333,yTPpr0532t,pool34
mental_span,TI,4,0.26666666666666666,yTPpr0532t,pool34
sternberg,EF,4,0.26666666666666666,yTPpr0532t,pool34
sternberg,FR,1,0.06666666666666667,yTPpr0532t,pool34
sternberg,ME,5,0.3333333333333333,yTPpr0532t,pool34
sternberg,PE,2,0.13333333333333333,yTPpr0532t,pool34
sternberg,TI,3,0.2,yTPpr0532t,pool34
mental_rotation,EF,4,0.26666666666666666,YlvUbMLU90,pool34
mental_rotation,FR,2,0.13333333333333333,YlvUbMLU90,pool34
mental_rotation,ME,3,0.2,YlvUbMLU90,pool34
mental_rotation,PE,5,0.3333333333333333,YlvUbMLU90,pool34
mental_rotation,PH,1,0.06666666666666667,YlvUbMLU90,pool34
mental_span,EF,2,0.13333333333333333,YlvUbMLU90,pool34
mental_span,FR,5,0.3333333333333333,YlvUbMLU90,pool34
mental_span,ME,3,0.2,YlvUbMLU90,pool34
mental_span,PE,1,0.06666666666666667,YlvUbMLU90,pool34
mental_span,TI,4,0.26666666666666666,YlvUbMLU90,pool34
sternberg,EF,2,0.13333333333333333,YlvUbMLU90,pool34
sternberg,FR,5,0.3333333333333333,YlvUbMLU90,pool34
sternberg,ME,3,0.2,YlvUbMLU90,pool34
sternberg,PE,1,0.06666666666666667,YlvUbMLU90,pool34
sternberg,TI,4,0.26666666666666666,YlvUbMLU90,pool34
mental_rotation,EF,3,0.2,WQyxRdU13t,pool34
mental_rotation,FR,5,0.3333333333333333,WQyxRdU13t,pool34
mental_rotation,ME,3,0.2,WQyxRdU13t,pool34
mental_rotation,PE,3,0.2,WQyxRdU13t,pool34
mental_rotation,TI,1,0.06666666666666667,WQyxRdU13t,pool34
mental_span,EF,3,0.2,WQyxRdU13t,pool34
mental_span,FR,1,0.06666666666666667,WQyxRdU13t,pool34
mental_span,ME,4,0.26666666666666666,WQyxRdU13t,pool34
mental_span,PE,2,0.13333333333333333,WQyxRdU13t,pool34
mental_span,TI,5,0.3333333333333333,WQyxRdU13t,pool34
sternberg,EF,2,0.13333333333333333,WQyxRdU13t,pool34
sternberg,FR,4,0.26666666666666666,WQyxRdU13t,pool34
sternberg,ME,1,0.06666666666666667,WQyxRdU13t,pool34
sternberg,PE,3,0.2,WQyxRdU13t,pool34
sternberg,TI,5,0.3333333333333333,WQyxRdU13t,pool34
mental_rotation,EF,3,0.2,u8oFh0ZHHs,pool34
mental_rotation,FR,2,0.13333333333333333,u8oFh0ZHHs,pool34
mental_rotation,ME,3,0.2,u8oFh0ZHHs,pool34
mental_rotation,PE,4,0.26666666666666666,u8oFh0ZHHs,pool34
mental_rotation,PH,3,0.2,u8oFh0ZHHs,pool34
mental_span,EF,2,0.13333333333333333,u8oFh0ZHHs,pool34
mental_span,FR,1,0.06666666666666667,u8oFh0ZHHs,pool34
mental_span,ME,4,0.26666666666666666,u8oFh0ZHHs,pool34
mental_span,PE,2,0.13333333333333333,u8oFh0ZHHs,pool34
mental_span,PH,1,0.06666666666666667,u8oFh0ZHHs,pool34
mental_span,TI,5,0.3333333333333333,u8oFh0ZHHs,pool34
sternberg,FR,3,0.2,u8oFh0ZHHs,pool34
sternberg,ME,2,0.13333333333333333,u8oFh0ZHHs,pool34
sternberg,PE,3,0.2,u8oFh0ZHHs,pool34
sternberg,PH,4,0.26666666666666666,u8oFh0ZHHs,pool34
sternberg,TI,3,0.2,u8oFh0ZHHs,pool34
mental_rotation,EF,4,0.26666666666666666,lO4tI9SjJX,pool34
mental_rotation,FR,2,0.13333333333333333,lO4tI9SjJX,pool34
mental_rotation,ME,5,0.3333333333333333,lO4tI9SjJX,pool34
mental_rotation,PE,3,0.2,lO4tI9SjJX,pool34
mental_rotation,TI,1,0.06666666666666667,lO4tI9SjJX,pool34
mental_span,EF,4,0.26666666666666666,lO4tI9SjJX,pool34
mental_span,FR,2,0.13333333333333333,lO4tI9SjJX,pool34
mental_span,ME,3,0.2,lO4tI9SjJX,pool34
mental_span,PE,1,0.06666666666666667,lO4tI9SjJX,pool34
mental_span,TI,5,0.3333333333333333,lO4tI9SjJX,pool34
sternberg,EF,3,0.2,lO4tI9SjJX,pool34
sternberg,FR,4,0.26666666666666666,lO4tI9SjJX,pool34
sternberg,ME,2,0.13333333333333333,lO4tI9SjJX,pool34
sternberg,PE,1,0.06666666666666667,lO4tI9SjJX,pool34
sternberg,TI,5,0.3333333333333333,lO4tI9SjJX,pool34
mental_rotation,EF,3,0.2,5oMH7YJKDi,pool34
mental_rotation,FR,3,0.2,5oMH7YJKDi,pool34
mental_rotation,ME,4,0.26666666666666666,5oMH7YJKDi,pool34
mental_rotation,PE,4,0.26666666666666666,5oMH7YJKDi,pool34
mental_rotation,TI,1,0.06666666666666667,5oMH7YJKDi,pool34
mental_span,EF,3,0.2,5oMH7YJKDi,pool34
mental_span,FR,1,0.06666666666666667,5oMH7YJKDi,pool34
mental_span,ME,2,0.13333333333333333,5oMH7YJKDi,pool34
mental_span,PE,5,0.3333333333333333,5oMH7YJKDi,pool34
mental_span,TI,4,0.26666666666666666,5oMH7YJKDi,pool34
sternberg,EF,1,0.06666666666666667,5oMH7YJKDi,pool34
sternberg,FR,3,0.2,5oMH7YJKDi,pool34
sternberg,ME,2,0.13333333333333333,5oMH7YJKDi,pool34
sternberg,PE,4,0.26666666666666666,5oMH7YJKDi,pool34
sternberg,TI,5,0.3333333333333333,5oMH7YJKDi,pool34
mental_rotation,EF,4,0.26666666666666666,wBsXFrRWgF,pool34
mental_rotation,FR,5,0.3333333333333333,wBsXFrRWgF,pool34
mental_rotation,ME,2,0.13333333333333333,wBsXFrRWgF,pool34
mental_rotation,PH,2,0.13333333333333333,wBsXFrRWgF,pool34
mental_rotation,TI,2,0.13333333333333333,wBsXFrRWgF,pool34
mental_span,EF,4,0.26666666666666666,wBsXFrRWgF,pool34
mental_span,FR,2,0.13333333333333333,wBsXFrRWgF,pool34
mental_span,ME,2,0.13333333333333333,wBsXFrRWgF,pool34
mental_span,PE,2,0.13333333333333333,wBsXFrRWgF,pool34
mental_span,PH,3,0.2,wBsXFrRWgF,pool34
mental_span,TI,2,0.13333333333333333,wBsXFrRWgF,pool34
sternberg,EF,4,0.26666666666666666,wBsXFrRWgF,pool34
sternberg,FR,4,0.26666666666666666,wBsXFrRWgF,pool34
sternberg,ME,2,0.13333333333333333,wBsXFrRWgF,pool34
sternberg,PH,2,0.13333333333333333,wBsXFrRWgF,pool34
sternberg,TI,3,0.2,wBsXFrRWgF,pool34
mental_rotation,EF,3,0.2,PkgTbVVI07,pool34
mental_rotation,FR,4,0.26666666666666666,PkgTbVVI07,pool34
mental_rotation,ME,3,0.2,PkgTbVVI07,pool34
mental_rotation,PE,4,0.26666666666666666,PkgTbVVI07,pool34
mental_rotation,TI,1,0.06666666666666667,PkgTbVVI07,pool34
mental_span,EF,2,0.13333333333333333,PkgTbVVI07,pool34
mental_span,FR,1,0.06666666666666667,PkgTbVVI07,pool34
mental_span,ME,5,0.3333333333333333,PkgTbVVI07,pool34
mental_span,PE,4,0.26666666666666666,PkgTbVVI07,pool34
mental_span,TI,3,0.2,PkgTbVVI07,pool34
sternberg,EF,1,0.06666666666666667,PkgTbVVI07,pool34
sternberg,FR,2,0.13333333333333333,PkgTbVVI07,pool34
sternberg,ME,4,0.26666666666666666,PkgTbVVI07,pool34
sternberg,PE,3,0.2,PkgTbVVI07,pool34
sternberg,PH,1,0.06666666666666667,PkgTbVVI07,pool34
sternberg,TI,4,0.26666666666666666,PkgTbVVI07,pool34
mental_rotation,EF,3,0.2,0wY7q7AFDw,pool34
mental_rotation,FR,4,0.26666666666666666,0wY7q7AFDw,pool34
mental_rotation,ME,5,0.3333333333333333,0wY7q7AFDw,pool34
mental_rotation,PE,1,0.06666666666666667,0wY7q7AFDw,pool34
mental_rotation,PH,2,0.13333333333333333,0wY7q7AFDw,pool34
mental_span,EF,3,0.2,0wY7q7AFDw,pool34
mental_span,FR,4,0.26666666666666666,0wY7q7AFDw,pool34
mental_span,ME,5,0.3333333333333333,0wY7q7AFDw,pool34
mental_span,PH,1,0.06666666666666667,0wY7q7AFDw,pool34
mental_span,TI,2,0.13333333333333333,0wY7q7AFDw,pool34
sternberg,EF,2,0.13333333333333333,0wY7q7AFDw,pool34
sternberg,FR,3,0.2,0wY7q7AFDw,pool34
sternberg,ME,4,0.26666666666666666,0wY7q7AFDw,pool34
sternberg,PH,1,0.06666666666666667,0wY7q7AFDw,pool34
sternberg,TI,5,0.3333333333333333,0wY7q7AFDw,pool34
mental_rotation,EF,4,0.26666666666666666,woSzLv5BIV,pool34
mental_rotation,FR,4,0.26666666666666666,woSzLv5BIV,pool34
mental_rotation,ME,3,0.2,woSzLv5BIV,pool34
mental_rotation,PE,2,0.13333333333333333,woSzLv5BIV,pool34
mental_rotation,PH,1,0.06666666666666667,woSzLv5BIV,pool34
mental_rotation,TI,1,0.06666666666666667,woSzLv5BIV,pool34
mental_span,EF,4,0.26666666666666666,woSzLv5BIV,pool34
mental_span,FR,3,0.2,woSzLv5BIV,pool34
mental_span,ME,4,0.26666666666666666,woSzLv5BIV,pool34
mental_span,PE,2,0.13333333333333333,woSzLv5BIV,pool34
mental_span,TI,2,0.13333333333333333,woSzLv5BIV,pool34
sternberg,EF,2,0.13333333333333333,woSzLv5BIV,pool34
sternberg,FR,2,0.13333333333333333,woSzLv5BIV,pool34
sternberg,ME,1,0.06666666666666667,woSzLv5BIV,pool34
sternberg,PE,4,0.26666666666666666,woSzLv5BIV,pool34
sternberg,PH,3,0.2,woSzLv5BIV,pool34
sternberg,TI,3,0.2,woSzLv5BIV,pool34
mental_rotation,EF,3,0.2,O0ngZJhb9l,pool34
mental_rotation,FR,2,0.13333333333333333,O0ngZJhb9l,pool34
mental_rotation,ME,5,0.3333333333333333,O0ngZJhb9l,pool34
mental_rotation,PE,4,0.26666666666666666,O0ngZJhb9l,pool34
mental_rotation,PH,1,0.06666666666666667,O0ngZJhb9l,pool34
mental_span,EF,3,0.2,O0ngZJhb9l,pool34
mental_span,FR,1,0.06666666666666667,O0ngZJhb9l,pool34
mental_span,ME,5,0.3333333333333333,O0ngZJhb9l,pool34
mental_span,PE,2,0.13333333333333333,O0ngZJhb9l,pool34
mental_span,TI,4,0.26666666666666666,O0ngZJhb9l,pool34
sternberg,EF,4,0.26666666666666666,O0ngZJhb9l,pool34
sternberg,FR,1,0.06666666666666667,O0ngZJhb9l,pool34
sternberg,ME,2,0.13333333333333333,O0ngZJhb9l,pool34
sternberg,PE,3,0.2,O0ngZJhb9l,pool34
sternberg,TI,5,0.3333333333333333,O0ngZJhb9l,pool34
mental_rotation,EF,3,0.2,ttxEdLIMGM,pool34
mental_rotation,FR,3,0.2,ttxEdLIMGM,pool34
mental_rotation,ME,5,0.3333333333333333,ttxEdLIMGM,pool34
mental_rotation,PE,3,0.2,ttxEdLIMGM,pool34
mental_rotation,TI,1,0.06666666666666667,ttxEdLIMGM,pool34
mental_span,EF,3,0.2,ttxEdLIMGM,pool34
mental_span,FR,3,0.2,ttxEdLIMGM,pool34
mental_span,ME,4,0.26666666666666666,ttxEdLIMGM,pool34
mental_span,PE,1,0.06666666666666667,ttxEdLIMGM,pool34
mental_span,TI,4,0.26666666666666666,ttxEdLIMGM,pool34
sternberg,EF,2,0.13333333333333333,ttxEdLIMGM,pool34
sternberg,FR,3,0.2,ttxEdLIMGM,pool34
sternberg,ME,4,0.26666666666666666,ttxEdLIMGM,pool34
sternberg,PE,1,0.06666666666666667,ttxEdLIMGM,pool34
sternberg,TI,5,0.3333333333333333,ttxEdLIMGM,pool34
mental_rotation,EF,2,0.13333333333333333,pevbr5tS1I,pool34
mental_rotation,FR,1,0.06666666666666667,pevbr5tS1I,pool34
mental_rotation,ME,3,0.2,pevbr5tS1I,pool34
mental_rotation,PE,4,0.26666666666666666,pevbr5tS1I,pool34
mental_rotation,TI,5,0.3333333333333333,pevbr5tS1I,pool34
mental_span,EF,3,0.2,pevbr5tS1I,pool34
mental_span,FR,3,0.2,pevbr5tS1I,pool34
mental_span,ME,4,0.26666666666666666,pevbr5tS1I,pool34
mental_span,PE,1,0.06666666666666667,pevbr5tS1I,pool34
mental_span,TI,4,0.26666666666666666,pevbr5tS1I,pool34
sternberg,EF,4,0.26666666666666666,pevbr5tS1I,pool34
sternberg,FR,2,0.13333333333333333,pevbr5tS1I,pool34
sternberg,ME,1,0.06666666666666667,pevbr5tS1I,pool34
sternberg,PE,2,0.13333333333333333,pevbr5tS1I,pool34
sternberg,PH,4,0.26666666666666666,pevbr5tS1I,pool34
sternberg,TI,2,0.13333333333333333,pevbr5tS1I,pool34
mental_rotation,EF,5,0.3333333333333333,zMSGYZOzxF,pool34
mental_rotation,FR,2,0.13333333333333333,zMSGYZOzxF,pool34
mental_rotation,ME,4,0.26666666666666666,zMSGYZOzxF,pool34
mental_rotation,PE,3,0.2,zMSGYZOzxF,pool34
mental_rotation,PH,1,0.06666666666666667,zMSGYZOzxF,pool34
mental_span,EF,1,0.06666666666666667,zMSGYZOzxF,pool34
mental_span,FR,3,0.2,zMSGYZOzxF,pool34
mental_span,ME,4,0.26666666666666666,zMSGYZOzxF,pool34
mental_span,PE,5,0.3333333333333333,zMSGYZOzxF,pool34
mental_span,PH,1,0.06666666666666667,zMSGYZOzxF,pool34
mental_span,TI,1,0.06666666666666667,zMSGYZOzxF,pool34
sternberg,EF,4,0.26666666666666666,zMSGYZOzxF,pool34
sternberg,FR,1,0.06666666666666667,zMSGYZOzxF,pool34
sternberg,ME,2,0.13333333333333333,zMSGYZOzxF,pool34
sternberg,PE,3,0.2,zMSGYZOzxF,pool34
sternberg,TI,5,0.3333333333333333,zMSGYZOzxF,pool34
mental_rotation,EF,4,0.26666666666666666,FgaXoRhEpQ,pool34
mental_rotation,FR,2,0.13333333333333333,FgaXoRhEpQ,pool34
mental_rotation,ME,2,0.13333333333333333,FgaXoRhEpQ,pool34
mental_rotation,PE,5,0.3333333333333333,FgaXoRhEpQ,pool34
mental_rotation,PH,2,0.13333333333333333,FgaXoRhEpQ,pool34
mental_span,EF,2,0.13333333333333333,FgaXoRhEpQ,pool34
mental_span,FR,3,0.2,FgaXoRhEpQ,pool34
mental_span,ME,2,0.13333333333333333,FgaXoRhEpQ,pool34
mental_span,PE,3,0.2,FgaXoRhEpQ,pool34
mental_span,TI,5,0.3333333333333333,FgaXoRhEpQ,pool34
sternberg,EF,2,0.13333333333333333,FgaXoRhEpQ,pool34
sternberg,FR,4,0.26666666666666666,FgaXoRhEpQ,pool34
sternberg,ME,1,0.06666666666666667,FgaXoRhEpQ,pool34
sternberg,PE,3,0.2,FgaXoRhEpQ,pool34
sternberg,TI,5,0.3333333333333333,FgaXoRhEpQ,pool34
mental_rotation,EF,4,0.26666666666666666,V4epNAqh9h,pool34
mental_rotation,FR,5,0.3333333333333333,V4epNAqh9h,pool34
mental_rotation,ME,3,0.2,V4epNAqh9h,pool34
mental_rotation,PE,2,0.13333333333333333,V4epNAqh9h,pool34
mental_rotation,PH,1,0.06666666666666667,V4epNAqh9h,pool34
mental_span,EF,2,0.13333333333333333,V4epNAqh9h,pool34
mental_span,FR,3,0.2,V4epNAqh9h,pool34
mental_span,ME,5,0.3333333333333333,V4epNAqh9h,pool34
mental_span,PE,2,0.13333333333333333,V4epNAqh9h,pool34
mental_span,TI,3,0.2,V4epNAqh9h,pool34
sternberg,EF,4,0.26666666666666666,V4epNAqh9h,pool34
sternberg,FR,1,0.06666666666666667,V4epNAqh9h,pool34
sternberg,ME,3,0.2,V4epNAqh9h,pool34
sternberg,PE,2,0.13333333333333333,V4epNAqh9h,pool34
sternberg,TI,5,0.3333333333333333,V4epNAqh9h,pool34
mental_rotation,EF,4,0.26666666666666666,7s1EYKyluI,pool34
mental_rotation,FR,3,0.2,7s1EYKyluI,pool34
mental_rotation,ME,5,0.3333333333333333,7s1EYKyluI,pool34
mental_rotation,PE,2,0.13333333333333333,7s1EYKyluI,pool34
mental_rotation,TI,1,0.06666666666666667,7s1EYKyluI,pool34
mental_span,EF,4,0.26666666666666666,7s1EYKyluI,pool34
mental_span,FR,2,0.13333333333333333,7s1EYKyluI,pool34
mental_span,ME,5,0.3333333333333333,7s1EYKyluI,pool34
mental_span,PE,1,0.06666666666666667,7s1EYKyluI,pool34
mental_span,TI,3,0.2,7s1EYKyluI,pool34
sternberg,EF,3,0.2,7s1EYKyluI,pool34
sternberg,FR,5,0.3333333333333333,7s1EYKyluI,pool34
sternberg,ME,3,0.2,7s1EYKyluI,pool34
sternberg,PE,1,0.06666666666666667,7s1EYKyluI,pool34
sternberg,TI,3,0.2,7s1EYKyluI,pool34
mental_rotation,EF,3,0.2,GxpGXkXK8v,pool34
mental_rotation,FR,5,0.3333333333333333,GxpGXkXK8v,pool34
mental_rotation,ME,3,0.2,GxpGXkXK8v,pool34
mental_rotation,PE,2,0.13333333333333333,GxpGXkXK8v,pool34
mental_rotation,PH,1,0.06666666666666667,GxpGXkXK8v,pool34
mental_rotation,TI,1,0.06666666666666667,GxpGXkXK8v,pool34
mental_span,EF,4,0.26666666666666666,GxpGXkXK8v,pool34
mental_span,FR,3,0.2,GxpGXkXK8v,pool34
mental_span,ME,5,0.3333333333333333,GxpGXkXK8v,pool34
mental_span,PE,1,0.06666666666666667,GxpGXkXK8v,pool34
mental_span,TI,2,0.13333333333333333,GxpGXkXK8v,pool34
sternberg,EF,3,0.2,GxpGXkXK8v,pool34
sternberg,ME,5,0.3333333333333333,GxpGXkXK8v,pool34
sternberg,PE,2,0.13333333333333333,GxpGXkXK8v,pool34
sternberg,PH,2,0.13333333333333333,GxpGXkXK8v,pool34
sternberg,TI,3,0.2,GxpGXkXK8v,pool34
mental_rotation,EF,4,0.26666666666666666,W98TU3XJxb,pool34
mental_rotation,FR,2,0.13333333333333333,W98TU3XJxb,pool34
mental_rotation,ME,5,0.3333333333333333,W98TU3XJxb,pool34
mental_rotation,PE,1,0.06666666666666667,W98TU3XJxb,pool34
mental_rotation,PH,3,0.2,W98TU3XJxb,pool34
mental_span,EF,3,0.2,W98TU3XJxb,pool34
mental_span,ME,4,0.26666666666666666,W98TU3XJxb,pool34
mental_span,PE,1,0.06666666666666667,W98TU3XJxb,pool34
mental_span,PH,2,0.13333333333333333,W98TU3XJxb,pool34
mental_span,TI,5,0.3333333333333333,W98TU3XJxb,pool34
sternberg,EF,4,0.26666666666666666,W98TU3XJxb,pool34
sternberg,FR,1,0.06666666666666667,W98TU3XJxb,pool34
sternberg,ME,3,0.2,W98TU3XJxb,pool34
sternberg,PH,2,0.13333333333333333,W98TU3XJxb,pool34
sternberg,TI,5,0.3333333333333333,W98TU3XJxb,pool34
mental_rotation,EF,4,0.26666666666666666,yWB1eDgHxE,pool34
mental_rotation,FR,2,0.13333333333333333,yWB1eDgHxE,pool34
mental_rotation,ME,3,0.2,yWB1eDgHxE,pool34
mental_rotation,PE,5,0.3333333333333333,yWB1eDgHxE,pool34
mental_rotation,PH,1,0.06666666666666667,yWB1eDgHxE,pool34
mental_span,EF,2,0.13333333333333333,yWB1eDgHxE,pool34
mental_span,FR,5,0.3333333333333333,yWB1eDgHxE,pool34
mental_span,ME,3,0.2,yWB1eDgHxE,pool34
mental_span,PH,1,0.06666666666666667,yWB1eDgHxE,pool34
mental_span,TI,4,0.26666666666666666,yWB1eDgHxE,pool34
sternberg,EF,2,0.13333333333333333,yWB1eDgHxE,pool34
sternberg,FR,4,0.26666666666666666,yWB1eDgHxE,pool34
sternberg,ME,3,0.2,yWB1eDgHxE,pool34
sternberg,PH,1,0.06666666666666667,yWB1eDgHxE,pool34
sternberg,TI,5,0.3333333333333333,yWB1eDgHxE,pool34
mental_rotation,EF,4,0.26666666666666666,cdCa7qlKqK,pool34
mental_rotation,FR,1,0.06666666666666667,cdCa7qlKqK,pool34
mental_rotation,ME,5,0.3333333333333333,cdCa7qlKqK,pool34
mental_rotation,PE,1,0.06666666666666667,cdCa7qlKqK,pool34
mental_rotation,PH,2,0.13333333333333333,cdCa7qlKqK,pool34
mental_rotation,TI,2,0.13333333333333333,cdCa7qlKqK,pool34
mental_span,EF,3,0.2,cdCa7qlKqK,pool34
mental_span,FR,1,0.06666666666666667,cdCa7qlKqK,pool34
mental_span,ME,4,0.26666666666666666,cdCa7qlKqK,pool34
mental_span,PE,1,0.06666666666666667,cdCa7qlKqK,pool34
mental_span,PH,1,0.06666666666666667,cdCa7qlKqK,pool34
mental_span,TI,5,0.3333333333333333,cdCa7qlKqK,pool34
sternberg,EF,4,0.26666666666666666,cdCa7qlKqK,pool34
sternberg,FR,1,0.06666666666666667,cdCa7qlKqK,pool34
sternberg,ME,2,0.13333333333333333,cdCa7qlKqK,pool34
sternberg,PH,3,0.2,cdCa7qlKqK,pool34
sternberg,TI,5,0.3333333333333333,cdCa7qlKqK,pool34
mental_rotation,EF,3,0.2,0dkwUmCwzJ,pool34
mental_rotation,FR,3,0.2,0dkwUmCwzJ,pool34
mental_rotation,ME,2,0.13333333333333333,0dkwUmCwzJ,pool34
mental_rotation,PE,4,0.26666666666666666,0dkwUmCwzJ,pool34
mental_rotation,PH,1,0.06666666666666667,0dkwUmCwzJ,pool34
mental_rotation,TI,2,0.13333333333333333,0dkwUmCwzJ,pool34
mental_span,EF,2,0.13333333333333333,0dkwUmCwzJ,pool34
mental_span,FR,3,0.2,0dkwUmCwzJ,pool34
mental_span,ME,3,0.2,0dkwUmCwzJ,pool34
mental_span,PE,3,0.2,0dkwUmCwzJ,pool34
mental_span,PH,3,0.2,0dkwUmCwzJ,pool34
mental_span,TI,1,0.06666666666666667,0dkwUmCwzJ,pool34
sternberg,EF,4,0.26666666666666666,0dkwUmCwzJ,pool34
sternberg,FR,3,0.2,0dkwUmCwzJ,pool34
sternberg,ME,3,0.2,0dkwUmCwzJ,pool34
sternberg,PE,3,0.2,0dkwUmCwzJ,pool34
sternberg,TI,2,0.13333333333333333,0dkwUmCwzJ,pool34
mental_rotation,EF,3,0.2,h3qLkF1oCE,pool34
mental_rotation,FR,4,0.26666666666666666,h3qLkF1oCE,pool34
mental_rotation,ME,5,0.3333333333333333,h3qLkF1oCE,pool34
mental_rotation,PE,2,0.13333333333333333,h3qLkF1oCE,pool34
mental_rotation,PH,1,0.06666666666666667,h3qLkF1oCE,pool34
mental_span,EF,3,0.2,h3qLkF1oCE,pool34
mental_span,FR,2,0.13333333333333333,h3qLkF1oCE,pool34
mental_span,ME,5,0.3333333333333333,h3qLkF1oCE,pool34
mental_span,PE,1,0.06666666666666667,h3qLkF1oCE,pool34
mental_span,TI,4,0.26666666666666666,h3qLkF1oCE,pool34
sternberg,EF,1,0.06666666666666667,h3qLkF1oCE,pool34
sternberg,FR,3,0.2,h3qLkF1oCE,pool34
sternberg,ME,4,0.26666666666666666,h3qLkF1oCE,pool34
sternberg,PE,4,0.26666666666666666,h3qLkF1oCE,pool34
sternberg,TI,3,0.2,h3qLkF1oCE,pool34
mental_rotation,EF,4,0.26666666666666666,Q479YcpCNr,pool34
mental_rotation,FR,2,0.13333333333333333,Q479YcpCNr,pool34
mental_rotation,ME,5,0.3333333333333333,Q479YcpCNr,pool34
mental_rotation,PE,3,0.2,Q479YcpCNr,pool34
mental_rotation,TI,1,0.06666666666666667,Q479YcpCNr,pool34
mental_span,EF,2,0.13333333333333333,Q479YcpCNr,pool34
mental_span,FR,3,0.2,Q479YcpCNr,pool34
mental_span,ME,4,0.26666666666666666,Q479YcpCNr,pool34
mental_span,PE,1,0.06666666666666667,Q479YcpCNr,pool34
mental_span,TI,5,0.3333333333333333,Q479YcpCNr,pool34
sternberg,EF,2,0.13333333333333333,Q479YcpCNr,pool34
sternberg,FR,4,0.26666666666666666,Q479YcpCNr,pool34
sternberg,ME,1,0.06666666666666667,Q479YcpCNr,pool34
sternberg,PE,3,0.2,Q479YcpCNr,pool34
sternberg,TI,5,0.3333333333333333,Q479YcpCNr,pool34
mental_rotation,EF,3,0.2,vBoSbHJ7AD,pool34
mental_rotation,FR,3,0.2,vBoSbHJ7AD,pool34
mental_rotation,ME,5,0.3333333333333333,vBoSbHJ7AD,pool34
mental_rotation,PE,1,0.06666666666666667,vBoSbHJ7AD,pool34
mental_rotation,PH,3,0.2,vBoSbHJ7AD,pool34
mental_span,EF,2,0.13333333333333333,vBoSbHJ7AD,pool34
mental_span,FR,3,0.2,vBoSbHJ7AD,pool34
mental_span,ME,1,0.06666666666666667,vBoSbHJ7AD,pool34
mental_span,PE,4,0.26666666666666666,vBoSbHJ7AD,pool34
mental_span,TI,5,0.3333333333333333,vBoSbHJ7AD,pool34
sternberg,EF,3,0.2,vBoSbHJ7AD,pool34
sternberg,FR,2,0.13333333333333333,vBoSbHJ7AD,pool34
sternberg,ME,2,0.13333333333333333,vBoSbHJ7AD,pool34
sternberg,PE,3,0.2,vBoSbHJ7AD,pool34
sternberg,TI,5,0.3333333333333333,vBoSbHJ7AD,pool34
mental_rotation,EF,3,0.2,JIY5GSm8aI,pool34
mental_rotation,FR,2,0.13333333333333333,JIY5GSm8aI,pool34
mental_rotation,ME,5,0.3333333333333333,JIY5GSm8aI,pool34
mental_rotation,PE,4,0.26666666666666666,JIY5GSm8aI,pool34
mental_rotation,TI,1,0.06666666666666667,JIY5GSm8aI,pool34
mental_span,EF,4,0.26666666666666666,JIY5GSm8aI,pool34
mental_span,FR,3,0.2,JIY5GSm8aI,pool34
mental_span,ME,5,0.3333333333333333,JIY5GSm8aI,pool34
mental_span,PH,2,0.13333333333333333,JIY5GSm8aI,pool34
mental_span,TI,1,0.06666666666666667,JIY5GSm8aI,pool34
sternberg,EF,4,0.26666666666666666,JIY5GSm8aI,pool34
sternberg,FR,1,0.06666666666666667,JIY5GSm8aI,pool34
sternberg,ME,5,0.3333333333333333,JIY5GSm8aI,pool34
sternberg,PH,2,0.13333333333333333,JIY5GSm8aI,pool34
sternberg,TI,3,0.2,JIY5GSm8aI,pool34
mental_rotation,EF,4,0.26666666666666666,KMzkcoEoDX,pool34
mental_rotation,FR,4,0.26666666666666666,KMzkcoEoDX,pool34
mental_rotation,ME,4,0.26666666666666666,KMzkcoEoDX,pool34
mental_rotation,PE,2,0.13333333333333333,KMzkcoEoDX,pool34
mental_rotation,PH,1,0.06666666666666667,KMzkcoEoDX,pool34
mental_span,EF,3,0.2,KMzkcoEoDX,pool34
mental_span,FR,3,0.2,KMzkcoEoDX,pool34
mental_span,ME,1,0.06666666666666667,KMzkcoEoDX,pool34
mental_span,PE,4,0.26666666666666666,KMzkcoEoDX,pool34
mental_span,TI,4,0.26666666666666666,KMzkcoEoDX,pool34
sternberg,EF,2,0.13333333333333333,KMzkcoEoDX,pool34
sternberg,FR,4,0.26666666666666666,KMzkcoEoDX,pool34
sternberg,ME,3,0.2,KMzkcoEoDX,pool34
sternberg,PH,1,0.06666666666666667,KMzkcoEoDX,pool34
sternberg,TI,5,0.3333333333333333,KMzkcoEoDX,pool34
mental_rotation,EF,4,0.26666666666666666,bKUxjX0i0W,pool34
mental_rotation,ME,2,0.13333333333333333,bKUxjX0i0W,pool34
mental_rotation,PE,2,0.13333333333333333,bKUxjX0i0W,pool34
mental_rotation,PH,4,0.26666666666666666,bKUxjX0i0W,pool34
mental_rotation,TI,3,0.2,bKUxjX0i0W,pool34
mental_span,EF,4,0.26666666666666666,bKUxjX0i0W,pool34
mental_span,FR,3,0.2,bKUxjX0i0W,pool34
mental_span,ME,5,0.3333333333333333,bKUxjX0i0W,pool34
mental_span,PH,2,0.13333333333333333,bKUxjX0i0W,pool34
mental_span,TI,1,0.06666666666666667,bKUxjX0i0W,pool34
sternberg,EF,4,0.26666666666666666,bKUxjX0i0W,pool34
sternberg,FR,3,0.2,bKUxjX0i0W,pool34
sternberg,ME,5,0.3333333333333333,bKUxjX0i0W,pool34
sternberg,PE,1,0.06666666666666667,bKUxjX0i0W,pool34
sternberg,PH,2,0.13333333333333333,bKUxjX0i0W,pool34
mental_rotation,EF,3,0.2,cGANl4iQl1,pool34
mental_rotation,FR,4,0.26666666666666666,cGANl4iQl1,pool34
mental_rotation,ME,5,0.3333333333333333,cGANl4iQl1,pool34
mental_rotation,PE,1,0.06666666666666667,cGANl4iQl1,pool34
mental_rotation,PH,2,0.13333333333333333,cGANl4iQl1,pool34
mental_span,EF,3,0.2,cGANl4iQl1,pool34
mental_span,FR,2,0.13333333333333333,cGANl4iQl1,pool34
mental_span,ME,5,0.3333333333333333,cGANl4iQl1,pool34
mental_span,PE,1,0.06666666666666667,cGANl4iQl1,pool34
mental_span,TI,4,0.26666666666666666,cGANl4iQl1,pool34
sternberg,EF,3,0.2,cGANl4iQl1,pool34
sternberg,FR,2,0.13333333333333333,cGANl4iQl1,pool34
sternberg,ME,4,0.26666666666666666,cGANl4iQl1,pool34
sternberg,PE,1,0.06666666666666667,cGANl4iQl1,pool34
sternberg,TI,5,0.3333333333333333,cGANl4iQl1,pool34
mental_rotation,EF,4,0.26666666666666666,jDL2pqqoXv,pool34
mental_rotation,FR,1,0.06666666666666667,jDL2pqqoXv,pool34
mental_rotation,ME,3,0.2,jDL2pqqoXv,pool34
mental_rotation,PE,2,0.13333333333333333,jDL2pqqoXv,pool34
mental_rotation,PH,2,0.13333333333333333,jDL2pqqoXv,pool34
mental_rotation,TI,3,0.2,jDL2pqqoXv,pool34
mental_span,EF,4,0.26666666666666666,jDL2pqqoXv,pool34
mental_span,FR,2,0.13333333333333333,jDL2pqqoXv,pool34
mental_span,ME,3,0.2,jDL2pqqoXv,pool34
mental_span,PH,2,0.13333333333333333,jDL2pqqoXv,pool34
mental_span,TI,4,0.26666666666666666,jDL2pqqoXv,pool34
sternberg,EF,2,0.13333333333333333,jDL2pqqoXv,pool34
sternberg,FR,3,0.2,jDL2pqqoXv,pool34
sternberg,ME,4,0.26666666666666666,jDL2pqqoXv,pool34
sternberg,PE,3,0.2,jDL2pqqoXv,pool34
sternberg,PH,1,0.06666666666666667,jDL2pqqoXv,pool34
sternberg,TI,2,0.13333333333333333,jDL2pqqoXv,pool34
mental_rotation,EF,5,0.3333333333333333,HV4ueBgaoL,pool34
mental_rotation,FR,1,0.06666666666666667,HV4ueBgaoL,pool34
mental_rotation,ME,3,0.2,HV4ueBgaoL,pool34
mental_rotation,PH,2,0.13333333333333333,HV4ueBgaoL,pool34
mental_rotation,TI,4,0.26666666666666666,HV4ueBgaoL,pool34
mental_span,EF,5,0.3333333333333333,HV4ueBgaoL,pool34
mental_span,FR,1,0.06666666666666667,HV4ueBgaoL,pool34
mental_span,ME,2,0.13333333333333333,HV4ueBgaoL,pool34
mental_span,PH,4,0.26666666666666666,HV4ueBgaoL,pool34
mental_span,TI,3,0.2,HV4ueBgaoL,pool34
sternberg,EF,5,0.3333333333333333,HV4ueBgaoL,pool34
sternberg,FR,1,0.06666666666666667,HV4ueBgaoL,pool34
sternberg,ME,3,0.2,HV4ueBgaoL,pool34
sternberg,PH,2,0.13333333333333333,HV4ueBgaoL,pool34
sternberg,TI,4,0.26666666666666666,HV4ueBgaoL,pool34
mental_rotation,EF,3,0.2,2HJHCZEQE1,pool34
mental_rotation,FR,5,0.3333333333333333,2HJHCZEQE1,pool34
mental_rotation,ME,4,0.26666666666666666,2HJHCZEQE1,pool34
mental_rotation,PH,2,0.13333333333333333,2HJHCZEQE1,pool34
mental_rotation,TI,1,0.06666666666666667,2HJHCZEQE1,pool34
mental_span,EF,2,0.13333333333333333,2HJHCZEQE1,pool34
mental_span,FR,4,0.26666666666666666,2HJHCZEQE1,pool34
mental_span,ME,3,0.2,2HJHCZEQE1,pool34
mental_span,PH,1,0.06666666666666667,2HJHCZEQE1,pool34
mental_span,TI,5,0.3333333333333333,2HJHCZEQE1,pool34
sternberg,EF,2,0.13333333333333333,2HJHCZEQE1,pool34
sternberg,FR,4,0.26666666666666666,2HJHCZEQE1,pool34
sternberg,ME,3,0.2,2HJHCZEQE1,pool34
sternberg,PH,1,0.06666666666666667,2HJHCZEQE1,pool34
sternberg,TI,5,0.3333333333333333,2HJHCZEQE1,pool34
mental_rotation,EF,2,0.13333333333333333,Fd15tXKjh3,pool34
mental_rotation,FR,3,0.2,Fd15tXKjh3,pool34
mental_rotation,ME,4,0.26666666666666666,Fd15tXKjh3,pool34
mental_rotation,PE,5,0.3333333333333333,Fd15tXKjh3,pool34
mental_rotation,TI,1,0.06666666666666667,Fd15tXKjh3,pool34
mental_span,EF,2,0.13333333333333333,Fd15tXKjh3,pool34
mental_span,FR,2,0.13333333333333333,Fd15tXKjh3,pool34
mental_span,ME,5,0.3333333333333333,Fd15tXKjh3,pool34
mental_span,PE,3,0.2,Fd15tXKjh3,pool34
mental_span,TI,3,0.2,Fd15tXKjh3,pool34
sternberg,EF,2,0.13333333333333333,Fd15tXKjh3,pool34
sternberg,FR,4,0.26666666666666666,Fd15tXKjh3,pool34
sternberg,ME,3,0.2,Fd15tXKjh3,pool34
sternberg,PE,1,0.06666666666666667,Fd15tXKjh3,pool34
sternberg,TI,5,0.3333333333333333,Fd15tXKjh3,pool34
mental_rotation,EF,5,0.3333333333333333,E1wQ16OGRS,pool34
mental_rotation,FR,3,0.2,E1wQ16OGRS,pool34
mental_rotation,ME,4,0.26666666666666666,E1wQ16OGRS,pool34
mental_rotation,PE,2,0.13333333333333333,E1wQ16OGRS,pool34
mental_rotation,PH,1,0.06666666666666667,E1wQ16OGRS,pool34
mental_span,EF,3,0.2,E1wQ16OGRS,pool34
mental_span,FR,1,0.06666666666666667,E1wQ16OGRS,pool34
mental_span,ME,4,0.26666666666666666,E1wQ16OGRS,pool34
mental_span,PE,2,0.13333333333333333,E1wQ16OGRS,pool34
mental_span,TI,5,0.3333333333333333,E1wQ16OGRS,pool34
sternberg,EF,2,0.13333333333333333,E1wQ16OGRS,pool34
sternberg,FR,3,0.2,E1wQ16OGRS,pool34
sternberg,ME,1,0.06666666666666667,E1wQ16OGRS,pool34
sternberg,PE,4,0.26666666666666666,E1wQ16OGRS,pool34
sternberg,TI,5,0.3333333333333333,E1wQ16OGRS,pool34
mental_rotation,EF,2,0.13333333333333333,E6k5x9v8pf,pool34
mental_rotation,FR,1,0.06666666666666667,E6k5x9v8pf,pool34
mental_rotation,ME,4,0.26666666666666666,E6k5x9v8pf,pool34
mental_rotation,PE,3,0.2,E6k5x9v8pf,pool34
mental_rotation,TI,5,0.3333333333333333,E6k5x9v8pf,pool34
mental_span,EF,1,0.06666666666666667,E6k5x9v8pf,pool34
mental_span,FR,4,0.26666666666666666,E6k5x9v8pf,pool34
mental_span,ME,3,0.2,E6k5x9v8pf,pool34
mental_span,PE,2,0.13333333333333333,E6k5x9v8pf,pool34
mental_span,TI,5,0.3333333333333333,E6k5x9v8pf,pool34
sternberg,EF,3,0.2,E6k5x9v8pf,pool34
sternberg,FR,5,0.3333333333333333,E6k5x9v8pf,pool34
sternberg,ME,1,0.06666666666666667,E6k5x9v8pf,pool34
sternberg,PE,2,0.13333333333333333,E6k5x9v8pf,pool34
sternberg,TI,4,0.26666666666666666,E6k5x9v8pf,pool34
mental_rotation,EF,3,0.2,cSI9W49vxo,pool34
mental_rotation,FR,5,0.3333333333333333,cSI9W49vxo,pool34
mental_rotation,ME,3,0.2,cSI9W49vxo,pool34
mental_rotation,PE,3,0.2,cSI9W49vxo,pool34
mental_rotation,TI,1,0.06666666666666667,cSI9W49vxo,pool34
mental_span,EF,2,0.13333333333333333,cSI9W49vxo,pool34
mental_span,FR,2,0.13333333333333333,cSI9W49vxo,pool34
mental_span,ME,3,0.2,cSI9W49vxo,pool34
mental_span,PE,2,0.13333333333333333,cSI9W49vxo,pool34
mental_span,PH,1,0.06666666666666667,cSI9W49vxo,pool34
mental_span,TI,5,0.3333333333333333,cSI9W49vxo,pool34
sternberg,EF,4,0.26666666666666666,cSI9W49vxo,pool34
sternberg,FR,3,0.2,cSI9W49vxo,pool34
sternberg,ME,2,0.13333333333333333,cSI9W49vxo,pool34
sternberg,PH,1,0.06666666666666667,cSI9W49vxo,pool34
sternberg,TI,5,0.3333333333333333,cSI9W49vxo,pool34
mental_rotation,EF,4,0.26666666666666666,wT2BNjpDXV,pool5
mental_rotation,FR,2,0.13333333333333333,wT2BNjpDXV,pool5
mental_rotation,ME,5,0.3333333333333333,wT2BNjpDXV,pool5
mental_rotation,PE,3,0.2,wT2BNjpDXV,pool5
mental_rotation,TI,1,0.06666666666666667,wT2BNjpDXV,pool5
mental_span,EF,4,0.26666666666666666,wT2BNjpDXV,pool5
mental_span,FR,2,0.13333333333333333,wT2BNjpDXV,pool5
mental_span,ME,1,0.06666666666666667,wT2BNjpDXV,pool5
mental_span,PE,3,0.2,wT2BNjpDXV,pool5
mental_span,TI,5,0.3333333333333333,wT2BNjpDXV,pool5
sternberg,EF,4,0.26666666666666666,wT2BNjpDXV,pool5
sternberg,FR,1,0.06666666666666667,wT2BNjpDXV,pool5
sternberg,ME,2,0.13333333333333333,wT2BNjpDXV,pool5
sternberg,PE,3,0.2,wT2BNjpDXV,pool5
sternberg,TI,5,0.3333333333333333,wT2BNjpDXV,pool5
mental_rotation,EF,3,0.2,MArUzIGtu1,pool5
mental_rotation,FR,4,0.26666666666666666,MArUzIGtu1,pool5
mental_rotation,ME,5,0.3333333333333333,MArUzIGtu1,pool5
mental_rotation,PE,2,0.13333333333333333,MArUzIGtu1,pool5
mental_rotation,PH,1,0.06666666666666667,MArUzIGtu1,pool5
mental_span,EF,4,0.26666666666666666,MArUzIGtu1,pool5
mental_span,FR,2,0.13333333333333333,MArUzIGtu1,pool5
mental_span,ME,5,0.3333333333333333,MArUzIGtu1,pool5
mental_span,PE,3,0.2,MArUzIGtu1,pool5
mental_span,PH,1,0.06666666666666667,MArUzIGtu1,pool5
sternberg,EF,3,0.2,MArUzIGtu1,pool5
sternberg,FR,2,0.13333333333333333,MArUzIGtu1,pool5
sternberg,ME,3,0.2,MArUzIGtu1,pool5
sternberg,PE,2,0.13333333333333333,MArUzIGtu1,pool5
sternberg,TI,5,0.3333333333333333,MArUzIGtu1,pool5
mental_rotation,EF,2,0.13333333333333333,YQfNrv0e5B,pool5
mental_rotation,FR,2,0.13333333333333333,YQfNrv0e5B,pool5
mental_rotation,ME,2,0.13333333333333333,YQfNrv0e5B,pool5
mental_rotation,PE,5,0.3333333333333333,YQfNrv0e5B,pool5
mental_rotation,TI,4,0.26666666666666666,YQfNrv0e5B,pool5
mental_span,EF,5,0.3333333333333333,YQfNrv0e5B,pool5
mental_span,FR,4,0.26666666666666666,YQfNrv0e5B,pool5
mental_span,ME,2,0.13333333333333333,YQfNrv0e5B,pool5
mental_span,PE,3,0.2,YQfNrv0e5B,pool5
mental_span,TI,1,0.06666666666666667,YQfNrv0e5B,pool5
sternberg,EF,3,0.2,YQfNrv0e5B,pool5
sternberg,FR,4,0.26666666666666666,YQfNrv0e5B,pool5
sternberg,ME,2,0.13333333333333333,YQfNrv0e5B,pool5
sternberg,PE,3,0.2,YQfNrv0e5B,pool5
sternberg,TI,3,0.2,YQfNrv0e5B,pool5
mental_rotation,EF,3,0.2,yVjHadDLmM,pool5
mental_rotation,FR,1,0.06666666666666667,yVjHadDLmM,pool5
mental_rotation,ME,4,0.26666666666666666,yVjHadDLmM,pool5
mental_rotation,PE,5,0.3333333333333333,yVjHadDLmM,pool5
mental_rotation,PH,2,0.13333333333333333,yVjHadDLmM,pool5
mental_span,EF,3,0.2,yVjHadDLmM,pool5
mental_span,FR,5,0.3333333333333333,yVjHadDLmM,pool5
mental_span,ME,2,0.13333333333333333,yVjHadDLmM,pool5
mental_span,PE,1,0.06666666666666667,yVjHadDLmM,pool5
mental_span,TI,4,0.26666666666666666,yVjHadDLmM,pool5
sternberg,EF,3,0.2,yVjHadDLmM,pool5
sternberg,FR,2,0.13333333333333333,yVjHadDLmM,pool5
sternberg,ME,2,0.13333333333333333,yVjHadDLmM,pool5
sternberg,PE,3,0.2,yVjHadDLmM,pool5
sternberg,TI,5,0.3333333333333333,yVjHadDLmM,pool5
mental_rotation,EF,5,0.3333333333333333,Mh4D0deXmE,pool5
mental_rotation,FR,2,0.13333333333333333,Mh4D0deXmE,pool5
mental_rotation,ME,4,0.26666666666666666,Mh4D0deXmE,pool5
mental_rotation,PE,3,0.2,Mh4D0deXmE,pool5
mental_rotation,PH,1,0.06666666666666667,Mh4D0deXmE,pool5
mental_span,EF,2,0.13333333333333333,Mh4D0deXmE,pool5
mental_span,FR,2,0.13333333333333333,Mh4D0deXmE,pool5
mental_span,ME,4,0.26666666666666666,Mh4D0deXmE,pool5
mental_span,PE,3,0.2,Mh4D0deXmE,pool5
mental_span,TI,4,0.26666666666666666,Mh4D0deXmE,pool5
sternberg,EF,4,0.26666666666666666,Mh4D0deXmE,pool5
sternberg,FR,2,0.13333333333333333,Mh4D0deXmE,pool5
sternberg,ME,4,0.26666666666666666,Mh4D0deXmE,pool5
sternberg,PE,2,0.13333333333333333,Mh4D0deXmE,pool5
sternberg,TI,3,0.2,Mh4D0deXmE,pool5
mental_rotation,EF,4,0.26666666666666666,4PjgFYmt2Z,pool5
mental_rotation,ME,3,0.2,4PjgFYmt2Z,pool5
mental_rotation,PE,5,0.3333333333333333,4PjgFYmt2Z,pool5
mental_rotation,PH,2,0.13333333333333333,4PjgFYmt2Z,pool5
mental_rotation,TI,1,0.06666666666666667,4PjgFYmt2Z,pool5
mental_span,EF,5,0.3333333333333333,4PjgFYmt2Z,pool5
mental_span,ME,2,0.13333333333333333,4PjgFYmt2Z,pool5
mental_span,PE,4,0.26666666666666666,4PjgFYmt2Z,pool5
mental_span,PH,3,0.2,4PjgFYmt2Z,pool5
mental_span,TI,1,0.06666666666666667,4PjgFYmt2Z,pool5
sternberg,EF,2,0.13333333333333333,4PjgFYmt2Z,pool5
sternberg,ME,4,0.26666666666666666,4PjgFYmt2Z,pool5
sternberg,PE,3,0.2,4PjgFYmt2Z,pool5
sternberg,PH,1,0.06666666666666667,4PjgFYmt2Z,pool5
sternberg,TI,5,0.3333333333333333,4PjgFYmt2Z,pool5
mental_rotation,EF,4,0.26666666666666666,0a4DqEEKSb,pool5
mental_rotation,FR,3,0.2,0a4DqEEKSb,pool5
mental_rotation,ME,5,0.3333333333333333,0a4DqEEKSb,pool5
mental_rotation,PE,2,0.13333333333333333,0a4DqEEKSb,pool5
mental_rotation,PH,1,0.06666666666666667,0a4DqEEKSb,pool5
mental_span,EF,3,0.2,0a4DqEEKSb,pool5
mental_span,FR,3,0.2,0a4DqEEKSb,pool5
mental_span,PE,4,0.26666666666666666,0a4DqEEKSb,pool5
mental_span,PH,2,0.13333333333333333,0a4DqEEKSb,pool5
mental_span,TI,3,0.2,0a4DqEEKSb,pool5
sternberg,EF,4,0.26666666666666666,0a4DqEEKSb,pool5
sternberg,FR,2,0.13333333333333333,0a4DqEEKSb,pool5
sternberg,ME,5,0.3333333333333333,0a4DqEEKSb,pool5
sternberg,PE,1,0.06666666666666667,0a4DqEEKSb,pool5
sternberg,PH,3,0.2,0a4DqEEKSb,pool5
mental_rotation,EF,3,0.2,8JrN5VwG94,pool5
mental_rotation,FR,4,0.26666666666666666,8JrN5VwG94,pool5
mental_rotation,ME,1,0.06666666666666667,8JrN5VwG94,pool5
mental_rotation,PE,3,0.2,8JrN5VwG94,pool5
mental_rotation,TI,4,0.26666666666666666,8JrN5VwG94,pool5
mental_span,EF,3,0.2,8JrN5VwG94,pool5
mental_span,FR,5,0.3333333333333333,8JrN5VwG94,pool5
mental_span,ME,2,0.13333333333333333,8JrN5VwG94,pool5
mental_span,PE,1,0.06666666666666667,8JrN5VwG94,pool5
mental_span,TI,4,0.26666666666666666,8JrN5VwG94,pool5
sternberg,EF,3,0.2,8JrN5VwG94,pool5
sternberg,FR,2,0.13333333333333333,8JrN5VwG94,pool5
sternberg,ME,3,0.2,8JrN5VwG94,pool5
sternberg,PE,2,0.13333333333333333,8JrN5VwG94,pool5
sternberg,TI,5,0.3333333333333333,8JrN5VwG94,pool5
mental_rotation,EF,4,0.26666666666666666,v8TXZ0YflN,pool5
mental_rotation,FR,1,0.06666666666666667,v8TXZ0YflN,pool5
mental_rotation,ME,4,0.26666666666666666,v8TXZ0YflN,pool5
mental_rotation,PE,3,0.2,v8TXZ0YflN,pool5
mental_rotation,TI,3,0.2,v8TXZ0YflN,pool5
mental_span,EF,5,0.3333333333333333,v8TXZ0YflN,pool5
mental_span,FR,2,0.13333333333333333,v8TXZ0YflN,pool5
mental_span,ME,3,0.2,v8TXZ0YflN,pool5
mental_span,PE,2,0.13333333333333333,v8TXZ0YflN,pool5
mental_span,TI,3,0.2,v8TXZ0YflN,pool5
sternberg,EF,4,0.26666666666666666,v8TXZ0YflN,pool5
sternberg,FR,1,0.06666666666666667,v8TXZ0YflN,pool5
sternberg,ME,4,0.26666666666666666,v8TXZ0YflN,pool5
sternberg,PE,2,0.13333333333333333,v8TXZ0YflN,pool5
sternberg,TI,4,0.26666666666666666,v8TXZ0YflN,pool5
mental_rotation,EF,4,0.26666666666666666,TT3KEsSN3J,pool5
mental_rotation,FR,2,0.13333333333333333,TT3KEsSN3J,pool5
mental_rotation,ME,4,0.26666666666666666,TT3KEsSN3J,pool5
mental_rotation,PE,4,0.26666666666666666,TT3KEsSN3J,pool5
mental_rotation,TI,1,0.06666666666666667,TT3KEsSN3J,pool5
mental_span,EF,4,0.26666666666666666,TT3KEsSN3J,pool5
mental_span,FR,1,0.06666666666666667,TT3KEsSN3J,pool5
mental_span,ME,4,0.26666666666666666,TT3KEsSN3J,pool5
mental_span,PE,4,0.26666666666666666,TT3KEsSN3J,pool5
mental_span,TI,2,0.13333333333333333,TT3KEsSN3J,pool5
sternberg,EF,4,0.26666666666666666,TT3KEsSN3J,pool5
sternberg,ME,4,0.26666666666666666,TT3KEsSN3J,pool5
sternberg,PE,2,0.13333333333333333,TT3KEsSN3J,pool5
sternberg,PH,2,0.13333333333333333,TT3KEsSN3J,pool5
sternberg,TI,3,0.2,TT3KEsSN3J,pool5
mental_rotation,EF,2,0.13333333333333333,t9OiOaQwxH,pool5
mental_rotation,FR,4,0.26666666666666666,t9OiOaQwxH,pool5
mental_rotation,ME,3,0.2,t9OiOaQwxH,pool5
mental_rotation,PE,5,0.3333333333333333,t9OiOaQwxH,pool5
mental_rotation,TI,1,0.06666666666666667,t9OiOaQwxH,pool5
mental_span,EF,1,0.06666666666666667,t9OiOaQwxH,pool5
mental_span,FR,3,0.2,t9OiOaQwxH,pool5
mental_span,ME,2,0.13333333333333333,t9OiOaQwxH,pool5
mental_span,PE,4,0.26666666666666666,t9OiOaQwxH,pool5
mental_span,TI,5,0.3333333333333333,t9OiOaQwxH,pool5
sternberg,EF,3,0.2,t9OiOaQwxH,pool5
sternberg,FR,4,0.26666666666666666,t9OiOaQwxH,pool5
sternberg,ME,2,0.13333333333333333,t9OiOaQwxH,pool5
sternberg,PE,1,0.06666666666666667,t9OiOaQwxH,pool5
sternberg,TI,5,0.3333333333333333,t9OiOaQwxH,pool5
mental_rotation,EF,3,0.2,2W50OifXwA,pool5
mental_rotation,FR,2,0.13333333333333333,2W50OifXwA,pool5
mental_rotation,ME,5,0.3333333333333333,2W50OifXwA,pool5
mental_rotation,PE,4,0.26666666666666666,2W50OifXwA,pool5
mental_rotation,TI,1,0.06666666666666667,2W50OifXwA,pool5
mental_span,EF,4,0.26666666666666666,2W50OifXwA,pool5
mental_span,FR,1,0.06666666666666667,2W50OifXwA,pool5
mental_span,ME,3,0.2,2W50OifXwA,pool5
mental_span,PE,5,0.3333333333333333,2W50OifXwA,pool5
mental_span,TI,2,0.13333333333333333,2W50OifXwA,pool5
sternberg,EF,3,0.2,2W50OifXwA,pool5
sternberg,FR,1,0.06666666666666667,2W50OifXwA,pool5
sternberg,ME,2,0.13333333333333333,2W50OifXwA,pool5
sternberg,PE,4,0.26666666666666666,2W50OifXwA,pool5
sternberg,TI,5,0.3333333333333333,2W50OifXwA,pool5
