task_type,choice,n,w,id
mental_rotation,EF,4,0.26666666666666666,jKBHzXx0Pg
mental_rotation,FR,3,0.2,jKBHzXx0Pg
mental_rotation,ME,5,0.3333333333333333,jKBHzXx0Pg
mental_rotation,PE,2,0.13333333333333333,jKBHzXx0Pg
mental_rotation,TI,1,0.06666666666666667,jKBHzXx0Pg
mental_span,EF,4,0.26666666666666666,jKBHzXx0Pg
mental_span,FR,2,0.13333333333333333,jKBHzXx0Pg
mental_span,ME,3,0.2,jKBHzXx0Pg
mental_span,PE,1,0.06666666666666667,jKBHzXx0Pg
mental_span,TI,5,0.3333333333333333,jKBHzXx0Pg
sternberg,EF,3,0.2,jKBHzXx0Pg
sternberg,FR,1,0.06666666666666667,jKBHzXx0Pg
sternberg,ME,2,0.13333333333333333,jKBHzXx0Pg
sternberg,PE,4,0.26666666666666666,jKBHzXx0Pg
sternberg,TI,5,0.3333333333333333,jKBHzXx0Pg
mental_rotation,EF,3,0.2,TqUBvW8Aaz
mental_rotation,FR,4,0.26666666666666666,TqUBvW8Aaz
mental_rotation,ME,5,0.3333333333333333,TqUBvW8Aaz
mental_rotation,PE,2,0.13333333333333333,TqUBvW8Aaz
mental_rotation,TI,1,0.06666666666666667,TqUBvW8Aaz
mental_span,EF,3,0.2,TqUBvW8Aaz
mental_span,FR,2,0.13333333333333333,TqUBvW8Aaz
mental_span,ME,4,0.26666666666666666,TqUBvW8Aaz
mental_span,PE,1,0.06666666666666667,TqUBvW8Aaz
mental_span,TI,5,0.3333333333333333,TqUBvW8Aaz
sternberg,EF,2,0.13333333333333333,TqUBvW8Aaz
sternberg,FR,3,0.2,TqUBvW8Aaz
sternberg,ME,1,0.06666666666666667,TqUBvW8Aaz
sternberg,PE,3,0.2,TqUBvW8Aaz
sternberg,PH,1,0.06666666666666667,TqUBvW8Aaz
sternberg,TI,5,0.3333333333333333,TqUBvW8Aaz
mental_rotation,EF,2,0.13333333333333333,WAh9qhgg6o
mental_rotation,FR,3,0.2,WAh9qhgg6o
mental_rotation,ME,4,0.26666666666666666,WAh9qhgg6o
mental_rotation,PE,3,0.2,WAh9qhgg6o
mental_rotation,PH,1,0.06666666666666667,WAh9qhgg6o
mental_rotation,TI,2,0.13333333333333333,WAh9qhgg6o
mental_span,EF,3,0.2,WAh9qhgg6o
mental_span,ME,3,0.2,WAh9qhgg6o
mental_span,PE,1,0.06666666666666667,WAh9qhgg6o
mental_span,PH,3,0.2,WAh9qhgg6o
mental_span,TI,5,0.3333333333333333,WAh9qhgg6o
sternberg,EF,1,0.06666666666666667,WAh9qhgg6o
sternberg,FR,2,0.13333333333333333,WAh9qhgg6o
sternberg,ME,4,0.26666666666666666,WAh9qhgg6o
sternberg,PE,3,0.2,WAh9qhgg6o
sternberg,TI,5,0.3333333333333333,WAh9qhgg6o
mental_rotation,EF,4,0.26666666666666666,6xDo1DDaCf
mental_rotation,FR,1,0.06666666666666667,6xDo1DDaCf
mental_rotation,ME,3,0.2,6xDo1DDaCf
mental_rotation,PE,5,0.3333333333333333,6xDo1DDaCf
mental_rotation,TI,2,0.13333333333333333,6xDo1DDaCf
mental_span,EF,2,0.13333333333333333,6xDo1DDaCf
mental_span,FR,1,0.06666666666666667,6xDo1DDaCf
mental_span,ME,4,0.26666666666666666,6xDo1DDaCf
mental_span,PE,5,0.3333333333333333,6xDo1DDaCf
mental_span,TI,3,0.2,6xDo1DDaCf
sternberg,EF,4,0.26666666666666666,6xDo1DDaCf
sternberg,FR,2,0.13333333333333333,6xDo1DDaCf
sternberg,ME,3,0.2,6xDo1DDaCf
sternberg,PE,5,0.3333333333333333,6xDo1DDaCf
sternberg,TI,1,0.06666666666666667,6xDo1DDaCf
mental_rotation,EF,3,0.2,9ZffIZqFHz
mental_rotation,FR,2,0.13333333333333333,9ZffIZqFHz
mental_rotation,ME,5,0.3333333333333333,9ZffIZqFHz
mental_rotation,PE,3,0.2,9ZffIZqFHz
mental_rotation,TI,2,0.13333333333333333,9ZffIZqFHz
mental_span,EF,2,0.13333333333333333,9ZffIZqFHz
mental_span,FR,3,0.2,9ZffIZqFHz
mental_span,ME,5,0.3333333333333333,9ZffIZqFHz
mental_span,PE,1,0.06666666666666667,9ZffIZqFHz
mental_span,TI,4,0.26666666666666666,9ZffIZqFHz
sternberg,EF,1,0.06666666666666667,9ZffIZqFHz
sternberg,FR,4,0.26666666666666666,9ZffIZqFHz
sternberg,ME,2,0.13333333333333333,9ZffIZqFHz
sternberg,PE,3,0.2,9ZffIZqFHz
sternberg,TI,5,0.3333333333333333,9ZffIZqFHz
mental_rotation,EF,4,0.26666666666666666,wiRZfBYOru
mental_rotation,FR,3,0.2,wiRZfBYOru
mental_rotation,ME,2,0.13333333333333333,wiRZfBYOru
mental_rotation,PE,2,0.13333333333333333,wiRZfBYOru
mental_rotation,PH,4,0.26666666666666666,wiRZfBYOru
mental_span,EF,4,0.26666666666666666,wiRZfBYOru
mental_span,FR,2,0.13333333333333333,wiRZfBYOru
mental_span,ME,3,0.2,wiRZfBYOru
mental_span,PE,2,0.13333333333333333,wiRZfBYOru
mental_span,PH,3,0.2,wiRZfBYOru
mental_span,TI,1,0.06666666666666667,wiRZfBYOru
sternberg,EF,4,0.26666666666666666,wiRZfBYOru
sternberg,FR,3,0.2,wiRZfBYOru
sternberg,ME,3,0.2,wiRZfBYOru
sternberg,PE,1,0.06666666666666667,wiRZfBYOru
sternberg,PH,4,0.26666666666666666,wiRZfBYOru
mental_rotation,EF,4,0.26666666666666666,cCWrG11sgp
mental_rotation,FR,1,0.06666666666666667,cCWrG11sgp
mental_rotation,ME,2,0.13333333333333333,cCWrG11sgp
mental_rotation,PH,3,0.2,cCWrG11sgp
mental_rotation,TI,5,0.3333333333333333,cCWrG11sgp
mental_span,EF,4,0.26666666666666666,cCWrG11sgp
mental_span,FR,2,0.13333333333333333,cCWrG11sgp
mental_span,ME,3,0.2,cCWrG11sgp
mental_span,PH,1,0.06666666666666667,cCWrG11sgp
mental_span,TI,5,0.3333333333333333,cCWrG11sgp
sternberg,EF,3,0.2,cCWrG11sgp
sternberg,FR,2,0.13333333333333333,cCWrG11sgp
sternberg,ME,4,0.26666666666666666,cCWrG11sgp
sternberg,PE,1,0.06666666666666667,cCWrG11sgp
sternberg,TI,5,0.3333333333333333,cCWrG11sgp
mental_rotation,EF,2,0.13333333333333333,gI6hCgCchT
mental_rotation,FR,1,0.06666666666666667,gI6hCgCchT
mental_rotation,ME,5,0.3333333333333333,gI6hCgCchT
mental_rotation,PE,3,0.2,gI6hCgCchT
mental_rotation,TI,4,0.26666666666666666,gI6hCgCchT
mental_span,EF,3,0.2,gI6hCgCchT
mental_span,FR,5,0.3333333333333333,gI6hCgCchT
mental_span,ME,4,0.26666666666666666,gI6hCgCchT
mental_span,PE,1,0.06666666666666667,gI6hCgCchT
mental_span,TI,2,0.13333333333333333,gI6hCgCchT
sternberg,EF,3,0.2,gI6hCgCchT
sternberg,FR,4,0.26666666666666666,gI6hCgCchT
sternberg,ME,5,0.3333333333333333,gI6hCgCchT
sternberg,PE,1,0.06666666666666667,gI6hCgCchT
sternberg,TI,2,0.13333333333333333,gI6hCgCchT
mental_rotation,EF,3,0.2,kGWL9y5AS9
mental_rotation,FR,5,0.3333333333333333,kGWL9y5AS9
mental_rotation,ME,4,0.26666666666666666,kGWL9y5AS9
mental_rotation,PE,1,0.06666666666666667,kGWL9y5AS9
mental_rotation,PH,2,0.13333333333333333,kGWL9y5AS9
mental_span,EF,3,0.2,kGWL9y5AS9
mental_span,ME,5,0.3333333333333333,kGWL9y5AS9
mental_span,PE,4,0.26666666666666666,kGWL9y5AS9
mental_span,PH,2,0.13333333333333333,kGWL9y5AS9
mental_span,TI,1,0.06666666666666667,kGWL9y5AS9
sternberg,EF,5,0.3333333333333333,kGWL9y5AS9
sternberg,ME,3,0.2,kGWL9y5AS9
sternberg,PE,3,0.2,kGWL9y5AS9
sternberg,PH,2,0.13333333333333333,kGWL9y5AS9
sternberg,TI,2,0.13333333333333333,kGWL9y5AS9
mental_rotation,EF,2,0.13333333333333333,ntoLpzjCrW
mental_rotation,FR,1,0.06666666666666667,ntoLpzjCrW
mental_rotation,ME,4,0.26666666666666666,ntoLpzjCrW
mental_rotation,PE,5,0.3333333333333333,ntoLpzjCrW
mental_rotation,PH,1,0.06666666666666667,ntoLpzjCrW
mental_rotation,TI,2,0.13333333333333333,ntoLpzjCrW
mental_span,EF,3,0.2,ntoLpzjCrW
mental_span,FR,4,0.26666666666666666,ntoLpzjCrW
mental_span,ME,2,0.13333333333333333,ntoLpzjCrW
mental_span,PE,1,0.06666666666666667,ntoLpzjCrW
mental_span,PH,1,0.06666666666666667,ntoLpzjCrW
mental_span,TI,4,0.26666666666666666,ntoLpzjCrW
sternberg,EF,2,0.13333333333333333,ntoLpzjCrW
sternberg,FR,5,0.3333333333333333,ntoLpzjCrW
sternberg,ME,2,0.13333333333333333,ntoLpzjCrW
sternberg,PE,2,0.13333333333333333,ntoLpzjCrW
sternberg,PH,1,0.06666666666666667,ntoLpzjCrW
sternberg,TI,3,0.2,ntoLpzjCrW
mental_rotation,EF,4,0.26666666666666666,12zOSfawTO
mental_rotation,FR,2,0.13333333333333333,12zOSfawTO
mental_rotation,ME,3,0.2,12zOSfawTO
mental_rotation,PE,1,0.06666666666666667,12zOSfawTO
mental_rotation,TI,5,0.3333333333333333,12zOSfawTO
mental_span,EF,2,0.13333333333333333,12zOSfawTO
mental_span,FR,3,0.2,12zOSfawTO
mental_span,ME,5,0.3333333333333333,12zOSfawTO
mental_span,PE,1,0.06666666666666667,12zOSfawTO
mental_span,TI,4,0.26666666666666666,12zOSfawTO
sternberg,EF,4,0.26666666666666666,12zOSfawTO
sternberg,FR,2,0.13333333333333333,12zOSfawTO
sternberg,ME,4,0.26666666666666666,12zOSfawTO
sternberg,PE,1,0.06666666666666667,12zOSfawTO
sternberg,TI,4,0.26666666666666666,12zOSfawTO
mental_rotation,EF,3,0.2,DVCsNitb7p
mental_rotation,FR,2,0.13333333333333333,DVCsNitb7p
mental_rotation,ME,4,0.26666666666666666,DVCsNitb7p
mental_rotation,PE,5,0.3333333333333333,DVCsNitb7p
mental_rotation,TI,1,0.06666666666666667,DVCsNitb7p
mental_span,EF,3,0.2,DVCsNitb7p
mental_span,FR,5,0.3333333333333333,DVCsNitb7p
mental_span,PE,3,0.2,DVCsNitb7p
mental_span,PH,2,0.13333333333333333,DVCsNitb7p
mental_span,TI,2,0.13333333333333333,DVCsNitb7p
sternberg,EF,3,0.2,DVCsNitb7p
sternberg,FR,1,0.06666666666666667,DVCsNitb7p
sternberg,ME,3,0.2,DVCsNitb7p
sternberg,PE,3,0.2,DVCsNitb7p
sternberg,TI,5,0.3333333333333333,DVCsNitb7p
mental_rotation,EF,2,0.13333333333333333,sPXXgeOo7t
mental_rotation,FR,5,0.3333333333333333,sPXXgeOo7t
mental_rotation,ME,3,0.2,sPXXgeOo7t
mental_rotation,PE,4,0.26666666666666666,sPXXgeOo7t
mental_rotation,TI,1,0.06666666666666667,sPXXgeOo7t
mental_span,EF,4,0.26666666666666666,sPXXgeOo7t
mental_span,FR,4,0.26666666666666666,sPXXgeOo7t
mental_span,ME,1,0.06666666666666667,sPXXgeOo7t
mental_span,PE,1,0.06666666666666667,sPXXgeOo7t
mental_span,PH,3,0.2,sPXXgeOo7t
mental_span,TI,2,0.13333333333333333,sPXXgeOo7t
sternberg,EF,5,0.3333333333333333,sPXXgeOo7t
sternberg,FR,2,0.13333333333333333,sPXXgeOo7t
sternberg,ME,1,0.06666666666666667,sPXXgeOo7t
sternberg,PE,3,0.2,sPXXgeOo7t
sternberg,TI,4,0.26666666666666666,sPXXgeOo7t
mental_rotation,EF,3,0.2,ujNKR4re1M
mental_rotation,FR,4,0.26666666666666666,ujNKR4re1M
mental_rotation,ME,5,0.3333333333333333,ujNKR4re1M
mental_rotation,PE,2,0.13333333333333333,ujNKR4re1M
mental_rotation,TI,1,0.06666666666666667,ujNKR4re1M
mental_span,EF,3,0.2,ujNKR4re1M
mental_span,FR,3,0.2,ujNKR4re1M
mental_span,ME,5,0.3333333333333333,ujNKR4re1M
mental_span,PH,1,0.06666666666666667,ujNKR4re1M
mental_span,TI,3,0.2,ujNKR4re1M
sternberg,EF,2,0.13333333333333333,ujNKR4re1M
sternberg,FR,2,0.13333333333333333,ujNKR4re1M
sternberg,ME,3,0.2,ujNKR4re1M
sternberg,PE,3,0.2,ujNKR4re1M
sternberg,PH,4,0.26666666666666666,ujNKR4re1M
sternberg,TI,1,0.06666666666666667,ujNKR4re1M
mental_rotation,EF,2,0.13333333333333333,8EBFmIUfAy
mental_rotation,FR,5,0.3333333333333333,8EBFmIUfAy
mental_rotation,ME,3,0.2,8EBFmIUfAy
mental_rotation,PE,1,0.06666666666666667,8EBFmIUfAy
mental_rotation,TI,4,0.26666666666666666,8EBFmIUfAy
mental_span,EF,1,0.06666666666666667,8EBFmIUfAy
mental_span,FR,2,0.13333333333333333,8EBFmIUfAy
mental_span,ME,4,0.26666666666666666,8EBFmIUfAy
mental_span,PE,4,0.26666666666666666,8EBFmIUfAy
mental_span,TI,4,0.26666666666666666,8EBFmIUfAy
sternberg,EF,1,0.06666666666666667,8EBFmIUfAy
sternberg,FR,3,0.2,8EBFmIUfAy
sternberg,ME,5,0.3333333333333333,8EBFmIUfAy
sternberg,PE,3,0.2,8EBFmIUfAy
sternberg,TI,3,0.2,8EBFmIUfAy
mental_rotation,EF,2,0.13333333333333333,aqEAPJJI8e
mental_rotation,FR,3,0.2,aqEAPJJI8e
mental_rotation,ME,4,0.26666666666666666,aqEAPJJI8e
mental_rotation,PE,2,0.13333333333333333,aqEAPJJI8e
mental_rotation,PH,2,0.13333333333333333,aqEAPJJI8e
mental_rotation,TI,2,0.13333333333333333,aqEAPJJI8e
mental_span,EF,1,0.06666666666666667,aqEAPJJI8e
mental_span,FR,4,0.26666666666666666,aqEAPJJI8e
mental_span,ME,3,0.2,aqEAPJJI8e
mental_span,PE,2,0.13333333333333333,aqEAPJJI8e
mental_span,PH,3,0.2,aqEAPJJI8e
mental_span,TI,2,0.13333333333333333,aqEAPJJI8e
sternberg,EF,1,0.06666666666666667,aqEAPJJI8e
sternberg,FR,3,0.2,aqEAPJJI8e
sternberg,PE,3,0.2,aqEAPJJI8e
sternberg,PH,4,0.26666666666666666,aqEAPJJI8e
sternberg,TI,4,0.26666666666666666,aqEAPJJI8e
mental_rotation,EF,4,0.26666666666666666,rh40WUcVcA
mental_rotation,FR,2,0.13333333333333333,rh40WUcVcA
mental_rotation,ME,4,0.26666666666666666,rh40WUcVcA
mental_rotation,PE,4,0.26666666666666666,rh40WUcVcA
mental_rotation,TI,1,0.06666666666666667,rh40WUcVcA
mental_span,EF,4,0.26666666666666666,rh40WUcVcA
mental_span,FR,1,0.06666666666666667,rh40WUcVcA
mental_span,ME,5,0.3333333333333333,rh40WUcVcA
mental_span,PH,2,0.13333333333333333,rh40WUcVcA
mental_span,TI,3,0.2,rh40WUcVcA
sternberg,EF,3,0.2,rh40WUcVcA
sternberg,FR,2,0.13333333333333333,rh40WUcVcA
sternberg,ME,4,0.26666666666666666,rh40WUcVcA
sternberg,PH,1,0.06666666666666667,rh40WUcVcA
sternberg,TI,5,0.3333333333333333,rh40WUcVcA
mental_rotation,EF,2,0.13333333333333333,ky7vtw0gdz
mental_rotation,FR,1,0.06666666666666667,ky7vtw0gdz
mental_rotation,ME,5,0.3333333333333333,ky7vtw0gdz
mental_rotation,PE,3,0.2,ky7vtw0gdz
mental_rotation,TI,4,0.26666666666666666,ky7vtw0gdz
mental_span,EF,2,0.13333333333333333,ky7vtw0gdz
mental_span,ME,4,0.26666666666666666,ky7vtw0gdz
mental_span,PE,3,0.2,ky7vtw0gdz
mental_span,PH,2,0.13333333333333333,ky7vtw0gdz
mental_span,TI,4,0.26666666666666666,ky7vtw0gdz
sternberg,EF,3,0.2,ky7vtw0gdz
sternberg,FR,1,0.06666666666666667,ky7vtw0gdz
sternberg,ME,4,0.26666666666666666,ky7vtw0gdz
sternberg,PE,3,0.2,ky7vtw0gdz
sternberg,TI,4,0.26666666666666666,ky7vtw0gdz
mental_rotation,EF,3,0.2,zvDM8Go5Bd
mental_rotation,FR,4,0.26666666666666666,zvDM8Go5Bd
mental_rotation,ME,5,0.3333333333333333,zvDM8Go5Bd
mental_rotation,PE,2,0.13333333333333333,zvDM8Go5Bd
mental_rotation,PH,1,0.06666666666666667,zvDM8Go5Bd
mental_span,EF,1,0.06666666666666667,zvDM8Go5Bd
mental_span,FR,2,0.13333333333333333,zvDM8Go5Bd
mental_span,ME,4,0.26666666666666666,zvDM8Go5Bd
mental_span,PE,3,0.2,zvDM8Go5Bd
mental_span,TI,5,0.3333333333333333,zvDM8Go5Bd
sternberg,EF,2,0.13333333333333333,zvDM8Go5Bd
sternberg,FR,2,0.13333333333333333,zvDM8Go5Bd
sternberg,ME,3,0.2,zvDM8Go5Bd
sternberg,PE,3,0.2,zvDM8Go5Bd
sternberg,TI,5,0.3333333333333333,zvDM8Go5Bd
mental_rotation,EF,2,0.13333333333333333,7SltMY2Jba
mental_rotation,FR,3,0.2,7SltMY2Jba
mental_rotation,ME,5,0.3333333333333333,7SltMY2Jba
mental_rotation,PE,3,0.2,7SltMY2Jba
mental_rotation,TI,2,0.13333333333333333,7SltMY2Jba
mental_span,EF,1,0.06666666666666667,7SltMY2Jba
mental_span,FR,5,0.3333333333333333,7SltMY2Jba
mental_span,ME,3,0.2,7SltMY2Jba
mental_span,PE,4,0.26666666666666666,7SltMY2Jba
mental_span,TI,2,0.13333333333333333,7SltMY2Jba
sternberg,EF,3,0.2,7SltMY2Jba
sternberg,FR,5,0.3333333333333333,7SltMY2Jba
sternberg,ME,2,0.13333333333333333,7SltMY2Jba
sternberg,PE,3,0.2,7SltMY2Jba
sternberg,TI,2,0.13333333333333333,7SltMY2Jba
mental_rotation,EF,1,0.06666666666666667,PbOEQpRS9f
mental_rotation,FR,5,0.3333333333333333,PbOEQpRS9f
mental_rotation,ME,2,0.13333333333333333,PbOEQpRS9f
mental_rotation,PE,4,0.26666666666666666,PbOEQpRS9f
mental_rotation,PH,2,0.13333333333333333,PbOEQpRS9f
mental_rotation,TI,1,0.06666666666666667,PbOEQpRS9f
mental_span,EF,2,0.13333333333333333,PbOEQpRS9f
mental_span,FR,4,0.26666666666666666,PbOEQpRS9f
mental_span,ME,1,0.06666666666666667,PbOEQpRS9f
mental_span,PE,4,0.26666666666666666,PbOEQpRS9f
mental_span,TI,4,0.26666666666666666,PbOEQpRS9f
sternberg,EF,3,0.2,PbOEQpRS9f
sternberg,FR,1,0.06666666666666667,PbOEQpRS9f
sternberg,ME,4,0.26666666666666666,PbOEQpRS9f
sternberg,PE,1,0.06666666666666667,PbOEQpRS9f
sternberg,PH,3,0.2,PbOEQpRS9f
sternberg,TI,3,0.2,PbOEQpRS9f
mental_rotation,EF,4,0.26666666666666666,yTPpr0532t
mental_rotation,FR,2,0.13333333333333333,yTPpr0532t
mental_rotation,ME,3,0.2,yTPpr0532t
mental_rotation,PE,4,0.26666666666666666,yTPpr0532t
mental_rotation,PH,2,0.13333333333333333,yTPpr0532t
mental_span,EF,3,0.2,yTPpr0532t
mental_span,FR,2,0.13333333333333333,yTPpr0532t
mental_span,ME,4,0.26666666666666666,yTPpr0532t
mental_span,PH,2,0.13333333333333333,yTPpr0532t
mental_span,TI,4,0.26666666666666666,yTPpr0532t
sternberg,EF,4,0.26666666666666666,yTPpr0532t
sternberg,FR,1,0.06666666666666667,yTPpr0532t
sternberg,ME,5,0.3333333333333333,yTPpr0532t
sternberg,PE,2,0.13333333333333333,yTPpr0532t
sternberg,TI,3,0.2,yTPpr0532t
mental_rotation,EF,4,0.26666666666666666,YlvUbMLU90
mental_rotation,FR,2,0.13333333333333333,YlvUbMLU90
mental_rotation,ME,3,0.2,YlvUbMLU90
mental_rotation,PE,5,0.3333333333333333,YlvUbMLU90
mental_rotation,PH,1,0.06666666666666667,YlvUbMLU90
mental_span,EF,2,0.13333333333333333,YlvUbMLU90
mental_span,FR,5,0.3333333333333333,YlvUbMLU90
mental_span,ME,3,0.2,YlvUbMLU90
mental_span,PE,1,0.06666666666666667,YlvUbMLU90
mental_span,TI,4,0.26666666666666666,YlvUbMLU90
sternberg,EF,2,0.13333333333333333,YlvUbMLU90
sternberg,FR,5,0.3333333333333333,YlvUbMLU90
sternberg,ME,3,0.2,YlvUbMLU90
sternberg,PE,1,0.06666666666666667,YlvUbMLU90
sternberg,TI,4,0.26666666666666666,YlvUbMLU90
mental_rotation,EF,3,0.2,WQyxRdU13t
mental_rotation,FR,5,0.3333333333333333,WQyxRdU13t
mental_rotation,ME,3,0.2,WQyxRdU13t
mental_rotation,PE,3,0.2,WQyxRdU13t
mental_rotation,TI,1,0.06666666666666667,WQyxRdU13t
mental_span,EF,3,0.2,WQyxRdU13t
mental_span,FR,1,0.06666666666666667,WQyxRdU13t
mental_span,ME,4,0.26666666666666666,WQyxRdU13t
mental_span,PE,2,0.13333333333333333,WQyxRdU13t
mental_span,TI,5,0.3333333333333333,WQyxRdU13t
sternberg,EF,2,0.13333333333333333,WQyxRdU13t
sternberg,FR,4,0.26666666666666666,WQyxRdU13t
sternberg,ME,1,0.06666666666666667,WQyxRdU13t
sternberg,PE,3,0.2,WQyxRdU13t
sternberg,TI,5,0.3333333333333333,WQyxRdU13t
mental_rotation,EF,3,0.2,u8oFh0ZHHs
mental_rotation,FR,2,0.13333333333333333,u8oFh0ZHHs
mental_rotation,ME,3,0.2,u8oFh0ZHHs
mental_rotation,PE,4,0.26666666666666666,u8oFh0ZHHs
mental_rotation,PH,3,0.2,u8oFh0ZHHs
mental_span,EF,2,0.13333333333333333,u8oFh0ZHHs
mental_span,FR,1,0.06666666666666667,u8oFh0ZHHs
mental_span,ME,4,0.26666666666666666,u8oFh0ZHHs
mental_span,PE,2,0.13333333333333333,u8oFh0ZHHs
mental_span,PH,1,0.06666666666666667,u8oFh0ZHHs
mental_span,TI,5,0.3333333333333333,u8oFh0ZHHs
sternberg,FR,3,0.2,u8oFh0ZHHs
sternberg,ME,2,0.13333333333333333,u8oFh0ZHHs
sternberg,PE,3,0.2,u8oFh0ZHHs
sternberg,PH,4,0.26666666666666666,u8oFh0ZHHs
sternberg,TI,3,0.2,u8oFh0ZHHs
mental_rotation,EF,4,0.26666666666666666,lO4tI9SjJX
mental_rotation,FR,2,0.13333333333333333,lO4tI9SjJX
mental_rotation,ME,5,0.3333333333333333,lO4tI9SjJX
mental_rotation,PE,3,0.2,lO4tI9SjJX
mental_rotation,TI,1,0.06666666666666667,lO4tI9SjJX
mental_span,EF,4,0.26666666666666666,lO4tI9SjJX
mental_span,FR,2,0.13333333333333333,lO4tI9SjJX
mental_span,ME,3,0.2,lO4tI9SjJX
mental_span,PE,1,0.06666666666666667,lO4tI9SjJX
mental_span,TI,5,0.3333333333333333,lO4tI9SjJX
sternberg,EF,3,0.2,lO4tI9SjJX
sternberg,FR,4,0.26666666666666666,lO4tI9SjJX
sternberg,ME,2,0.13333333333333333,lO4tI9SjJX
sternberg,PE,1,0.06666666666666667,lO4tI9SjJX
sternberg,TI,5,0.3333333333333333,lO4tI9SjJX
mental_rotation,EF,3,0.2,5oMH7YJKDi
mental_rotation,FR,3,0.2,5oMH7YJKDi
mental_rotation,ME,4,0.26666666666666666,5oMH7YJKDi
mental_rotation,PE,4,0.26666666666666666,5oMH7YJKDi
mental_rotation,TI,1,0.06666666666666667,5oMH7YJKDi
mental_span,EF,3,0.2,5oMH7YJKDi
mental_span,FR,1,0.06666666666666667,5oMH7YJKDi
mental_span,ME,2,0.13333333333333333,5oMH7YJKDi
mental_span,PE,5,0.3333333333333333,5oMH7YJKDi
mental_span,TI,4,0.26666666666666666,5oMH7YJKDi
sternberg,EF,1,0.06666666666666667,5oMH7YJKDi
sternberg,FR,3,0.2,5oMH7YJKDi
sternberg,ME,2,0.13333333333333333,5oMH7YJKDi
sternberg,PE,4,0.26666666666666666,5oMH7YJKDi
sternberg,TI,5,0.3333333333333333,5oMH7YJKDi
mental_rotation,EF,4,0.26666666666666666,wBsXFrRWgF
mental_rotation,FR,5,0.3333333333333333,wBsXFrRWgF
mental_rotation,ME,2,0.13333333333333333,wBsXFrRWgF
mental_rotation,PH,2,0.13333333333333333,wBsXFrRWgF
mental_rotation,TI,2,0.13333333333333333,wBsXFrRWgF
mental_span,EF,4,0.26666666666666666,wBsXFrRWgF
mental_span,FR,2,0.13333333333333333,wBsXFrRWgF
mental_span,ME,2,0.13333333333333333,wBsXFrRWgF
mental_span,PE,2,0.13333333333333333,wBsXFrRWgF
mental_span,PH,3,0.2,wBsXFrRWgF
mental_span,TI,2,0.13333333333333333,wBsXFrRWgF
sternberg,EF,4,0.26666666666666666,wBsXFrRWgF
sternberg,FR,4,0.26666666666666666,wBsXFrRWgF
sternberg,ME,2,0.13333333333333333,wBsXFrRWgF
sternberg,PH,2,0.13333333333333333,wBsXFrRWgF
sternberg,TI,3,0.2,wBsXFrRWgF
mental_rotation,EF,3,0.2,PkgTbVVI07
mental_rotation,FR,4,0.26666666666666666,PkgTbVVI07
mental_rotation,ME,3,0.2,PkgTbVVI07
mental_rotation,PE,4,0.26666666666666666,PkgTbVVI07
mental_rotation,TI,1,0.06666666666666667,PkgTbVVI07
mental_span,EF,2,0.13333333333333333,PkgTbVVI07
mental_span,FR,1,0.06666666666666667,PkgTbVVI07
mental_span,ME,5,0.3333333333333333,PkgTbVVI07
mental_span,PE,4,0.26666666666666666,PkgTbVVI07
mental_span,TI,3,0.2,PkgTbVVI07
sternberg,EF,1,0.06666666666666667,PkgTbVVI07
sternberg,FR,2,0.13333333333333333,PkgTbVVI07
sternberg,ME,4,0.26666666666666666,PkgTbVVI07
sternberg,PE,3,0.2,PkgTbVVI07
sternberg,PH,1,0.06666666666666667,PkgTbVVI07
sternberg,TI,4,0.26666666666666666,PkgTbVVI07
mental_rotation,EF,3,0.2,0wY7q7AFDw
mental_rotation,FR,4,0.26666666666666666,0wY7q7AFDw
mental_rotation,ME,5,0.3333333333333333,0wY7q7AFDw
mental_rotation,PE,1,0.06666666666666667,0wY7q7AFDw
mental_rotation,PH,2,0.13333333333333333,0wY7q7AFDw
mental_span,EF,3,0.2,0wY7q7AFDw
mental_span,FR,4,0.26666666666666666,0wY7q7AFDw
mental_span,ME,5,0.3333333333333333,0wY7q7AFDw
mental_span,PH,1,0.06666666666666667,0wY7q7AFDw
mental_span,TI,2,0.13333333333333333,0wY7q7AFDw
sternberg,EF,2,0.13333333333333333,0wY7q7AFDw
sternberg,FR,3,0.2,0wY7q7AFDw
sternberg,ME,4,0.26666666666666666,0wY7q7AFDw
sternberg,PH,1,0.06666666666666667,0wY7q7AFDw
sternberg,TI,5,0.3333333333333333,0wY7q7AFDw
mental_rotation,EF,4,0.26666666666666666,woSzLv5BIV
mental_rotation,FR,4,0.26666666666666666,woSzLv5BIV
mental_rotation,ME,3,0.2,woSzLv5BIV
mental_rotation,PE,2,0.13333333333333333,woSzLv5BIV
mental_rotation,PH,1,0.06666666666666667,woSzLv5BIV
mental_rotation,TI,1,0.06666666666666667,woSzLv5BIV
mental_span,EF,4,0.26666666666666666,woSzLv5BIV
mental_span,FR,3,0.2,woSzLv5BIV
mental_span,ME,4,0.26666666666666666,woSzLv5BIV
mental_span,PE,2,0.13333333333333333,woSzLv5BIV
mental_span,TI,2,0.13333333333333333,woSzLv5BIV
sternberg,EF,2,0.13333333333333333,woSzLv5BIV
sternberg,FR,2,0.13333333333333333,woSzLv5BIV
sternberg,ME,1,0.06666666666666667,woSzLv5BIV
sternberg,PE,4,0.26666666666666666,woSzLv5BIV
sternberg,PH,3,0.2,woSzLv5BIV
sternberg,TI,3,0.2,woSzLv5BIV
mental_rotation,EF,3,0.2,O0ngZJhb9l
mental_rotation,FR,2,0.13333333333333333,O0ngZJhb9l
mental_rotation,ME,5,0.3333333333333333,O0ngZJhb9l
mental_rotation,PE,4,0.26666666666666666,O0ngZJhb9l
mental_rotation,PH,1,0.06666666666666667,O0ngZJhb9l
mental_span,EF,3,0.2,O0ngZJhb9l
mental_span,FR,1,0.06666666666666667,O0ngZJhb9l
mental_span,ME,5,0.3333333333333333,O0ngZJhb9l
mental_span,PE,2,0.13333333333333333,O0ngZJhb9l
mental_span,TI,4,0.26666666666666666,O0ngZJhb9l
sternberg,EF,4,0.26666666666666666,O0ngZJhb9l
sternberg,FR,1,0.06666666666666667,O0ngZJhb9l
sternberg,ME,2,0.13333333333333333,O0ngZJhb9l
sternberg,PE,3,0.2,O0ngZJhb9l
sternberg,TI,5,0.3333333333333333,O0ngZJhb9l
mental_rotation,EF,3,0.2,ttxEdLIMGM
mental_rotation,FR,3,0.2,ttxEdLIMGM
mental_rotation,ME,5,0.3333333333333333,ttxEdLIMGM
mental_rotation,PE,3,0.2,ttxEdLIMGM
mental_rotation,TI,1,0.06666666666666667,ttxEdLIMGM
mental_span,EF,3,0.2,ttxEdLIMGM
mental_span,FR,3,0.2,ttxEdLIMGM
mental_span,ME,4,0.26666666666666666,ttxEdLIMGM
mental_span,PE,1,0.06666666666666667,ttxEdLIMGM
mental_span,TI,4,0.26666666666666666,ttxEdLIMGM
sternberg,EF,2,0.13333333333333333,ttxEdLIMGM
sternberg,FR,3,0.2,ttxEdLIMGM
sternberg,ME,4,0.26666666666666666,ttxEdLIMGM
sternberg,PE,1,0.06666666666666667,ttxEdLIMGM
sternberg,TI,5,0.3333333333333333,ttxEdLIMGM
mental_rotation,EF,2,0.13333333333333333,pevbr5tS1I
mental_rotation,FR,1,0.06666666666666667,pevbr5tS1I
mental_rotation,ME,3,0.2,pevbr5tS1I
mental_rotation,PE,4,0.26666666666666666,pevbr5tS1I
mental_rotation,TI,5,0.3333333333333333,pevbr5tS1I
mental_span,EF,3,0.2,pevbr5tS1I
mental_span,FR,3,0.2,pevbr5tS1I
mental_span,ME,4,0.26666666666666666,pevbr5tS1I
mental_span,PE,1,0.06666666666666667,pevbr5tS1I
mental_span,TI,4,0.26666666666666666,pevbr5tS1I
sternberg,EF,4,0.26666666666666666,pevbr5tS1I
sternberg,FR,2,0.13333333333333333,pevbr5tS1I
sternberg,ME,1,0.06666666666666667,pevbr5tS1I
sternberg,PE,2,0.13333333333333333,pevbr5tS1I
sternberg,PH,4,0.26666666666666666,pevbr5tS1I
sternberg,TI,2,0.13333333333333333,pevbr5tS1I
mental_rotation,EF,5,0.3333333333333333,zMSGYZOzxF
mental_rotation,FR,2,0.13333333333333333,zMSGYZOzxF
mental_rotation,ME,4,0.26666666666666666,zMSGYZOzxF
mental_rotation,PE,3,0.2,zMSGYZOzxF
mental_rotation,PH,1,0.06666666666666667,zMSGYZOzxF
mental_span,EF,1,0.06666666666666667,zMSGYZOzxF
mental_span,FR,3,0.2,zMSGYZOzxF
mental_span,ME,4,0.26666666666666666,zMSGYZOzxF
mental_span,PE,5,0.3333333333333333,zMSGYZOzxF
mental_span,PH,1,0.06666666666666667,zMSGYZOzxF
mental_span,TI,1,0.06666666666666667,zMSGYZOzxF
sternberg,EF,4,0.26666666666666666,zMSGYZOzxF
sternberg,FR,1,0.06666666666666667,zMSGYZOzxF
sternberg,ME,2,0.13333333333333333,zMSGYZOzxF
sternberg,PE,3,0.2,zMSGYZOzxF
sternberg,TI,5,0.3333333333333333,zMSGYZOzxF
mental_rotation,EF,4,0.26666666666666666,FgaXoRhEpQ
mental_rotation,FR,2,0.13333333333333333,FgaXoRhEpQ
mental_rotation,ME,2,0.13333333333333333,FgaXoRhEpQ
mental_rotation,PE,5,0.3333333333333333,FgaXoRhEpQ
mental_rotation,PH,2,0.13333333333333333,FgaXoRhEpQ
mental_span,EF,2,0.13333333333333333,FgaXoRhEpQ
mental_span,FR,3,0.2,FgaXoRhEpQ
mental_span,ME,2,0.13333333333333333,FgaXoRhEpQ
mental_span,PE,3,0.2,FgaXoRhEpQ
mental_span,TI,5,0.3333333333333333,FgaXoRhEpQ
sternberg,EF,2,0.13333333333333333,FgaXoRhEpQ
sternberg,FR,4,0.26666666666666666,FgaXoRhEpQ
sternberg,ME,1,0.06666666666666667,FgaXoRhEpQ
sternberg,PE,3,0.2,FgaXoRhEpQ
sternberg,TI,5,0.3333333333333333,FgaXoRhEpQ
mental_rotation,EF,4,0.26666666666666666,V4epNAqh9h
mental_rotation,FR,5,0.3333333333333333,V4epNAqh9h
mental_rotation,ME,3,0.2,V4epNAqh9h
mental_rotation,PE,2,0.13333333333333333,V4epNAqh9h
mental_rotation,PH,1,0.06666666666666667,V4epNAqh9h
mental_span,EF,2,0.13333333333333333,V4epNAqh9h
mental_span,FR,3,0.2,V4epNAqh9h
mental_span,ME,5,0.3333333333333333,V4epNAqh9h
mental_span,PE,2,0.13333333333333333,V4epNAqh9h
mental_span,TI,3,0.2,V4epNAqh9h
sternberg,EF,4,0.26666666666666666,V4epNAqh9h
sternberg,FR,1,0.06666666666666667,V4epNAqh9h
sternberg,ME,3,0.2,V4epNAqh9h
sternberg,PE,2,0.13333333333333333,V4epNAqh9h
sternberg,TI,5,0.3333333333333333,V4epNAqh9h
mental_rotation,EF,4,0.26666666666666666,7s1EYKyluI
mental_rotation,FR,3,0.2,7s1EYKyluI
mental_rotation,ME,5,0.3333333333333333,7s1EYKyluI
mental_rotation,PE,2,0.13333333333333333,7s1EYKyluI
mental_rotation,TI,1,0.06666666666666667,7s1EYKyluI
mental_span,EF,4,0.26666666666666666,7s1EYKyluI
mental_span,FR,2,0.13333333333333333,7s1EYKyluI
mental_span,ME,5,0.3333333333333333,7s1EYKyluI
mental_span,PE,1,0.06666666666666667,7s1EYKyluI
mental_span,TI,3,0.2,7s1EYKyluI
sternberg,EF,3,0.2,7s1EYKyluI
sternberg,FR,5,0.3333333333333333,7s1EYKyluI
sternberg,ME,3,0.2,7s1EYKyluI
sternberg,PE,1,0.06666666666666667,7s1EYKyluI
sternberg,TI,3,0.2,7s1EYKyluI
mental_rotation,EF,3,0.2,GxpGXkXK8v
mental_rotation,FR,5,0.3333333333333333,GxpGXkXK8v
mental_rotation,ME,3,0.2,GxpGXkXK8v
mental_rotation,PE,2,0.13333333333333333,GxpGXkXK8v
mental_rotation,PH,1,0.06666666666666667,GxpGXkXK8v
mental_rotation,TI,1,0.06666666666666667,GxpGXkXK8v
mental_span,EF,4,0.26666666666666666,GxpGXkXK8v
mental_span,FR,3,0.2,GxpGXkXK8v
mental_span,ME,5,0.3333333333333333,GxpGXkXK8v
mental_span,PE,1,0.06666666666666667,GxpGXkXK8v
mental_span,TI,2,0.13333333333333333,GxpGXkXK8v
sternberg,EF,3,0.2,GxpGXkXK8v
sternberg,ME,5,0.3333333333333333,GxpGXkXK8v
sternberg,PE,2,0.13333333333333333,GxpGXkXK8v
sternberg,PH,2,0.13333333333333333,GxpGXkXK8v
sternberg,TI,3,0.2,GxpGXkXK8v
mental_rotation,EF,4,0.26666666666666666,W98TU3XJxb
mental_rotation,FR,2,0.13333333333333333,W98TU3XJxb
mental_rotation,ME,5,0.3333333333333333,W98TU3XJxb
mental_rotation,PE,1,0.06666666666666667,W98TU3XJxb
mental_rotation,PH,3,0.2,W98TU3XJxb
mental_span,EF,3,0.2,W98TU3XJxb
mental_span,ME,4,0.26666666666666666,W98TU3XJxb
mental_span,PE,1,0.06666666666666667,W98TU3XJxb
mental_span,PH,2,0.13333333333333333,W98TU3XJxb
mental_span,TI,5,0.3333333333333333,W98TU3XJxb
sternberg,EF,4,0.26666666666666666,W98TU3XJxb
sternberg,FR,1,0.06666666666666667,W98TU3XJxb
sternberg,ME,3,0.2,W98TU3XJxb
sternberg,PH,2,0.13333333333333333,W98TU3XJxb
sternberg,TI,5,0.3333333333333333,W98TU3XJxb
mental_rotation,EF,4,0.26666666666666666,yWB1eDgHxE
mental_rotation,FR,2,0.13333333333333333,yWB1eDgHxE
mental_rotation,ME,3,0.2,yWB1eDgHxE
mental_rotation,PE,5,0.3333333333333333,yWB1eDgHxE
mental_rotation,PH,1,0.06666666666666667,yWB1eDgHxE
mental_span,EF,2,0.13333333333333333,yWB1eDgHxE
mental_span,FR,5,0.3333333333333333,yWB1eDgHxE
mental_span,ME,3,0.2,yWB1eDgHxE
mental_span,PH,1,0.06666666666666667,yWB1eDgHxE
mental_span,TI,4,0.26666666666666666,yWB1eDgHxE
sternberg,EF,2,0.13333333333333333,yWB1eDgHxE
sternberg,FR,4,0.26666666666666666,yWB1eDgHxE
sternberg,ME,3,0.2,yWB1eDgHxE
sternberg,PH,1,0.06666666666666667,yWB1eDgHxE
sternberg,TI,5,0.3333333333333333,yWB1eDgHxE
mental_rotation,EF,4,0.26666666666666666,cdCa7qlKqK
mental_rotation,FR,1,0.06666666666666667,cdCa7qlKqK
mental_rotation,ME,5,0.3333333333333333,cdCa7qlKqK
mental_rotation,PE,1,0.06666666666666667,cdCa7qlKqK
mental_rotation,PH,2,0.13333333333333333,cdCa7qlKqK
mental_rotation,TI,2,0.13333333333333333,cdCa7qlKqK
mental_span,EF,3,0.2,cdCa7qlKqK
mental_span,FR,1,0.06666666666666667,cdCa7qlKqK
mental_span,ME,4,0.26666666666666666,cdCa7qlKqK
mental_span,PE,1,0.06666666666666667,cdCa7qlKqK
mental_span,PH,1,0.06666666666666667,cdCa7qlKqK
mental_span,TI,5,0.3333333333333333,cdCa7qlKqK
sternberg,EF,4,0.26666666666666666,cdCa7qlKqK
sternberg,FR,1,0.06666666666666667,cdCa7qlKqK
sternberg,ME,2,0.13333333333333333,cdCa7qlKqK
sternberg,PH,3,0.2,cdCa7qlKqK
sternberg,TI,5,0.3333333333333333,cdCa7qlKqK
mental_rotation,EF,3,0.2,0dkwUmCwzJ
mental_rotation,FR,3,0.2,0dkwUmCwzJ
mental_rotation,ME,2,0.13333333333333333,0dkwUmCwzJ
mental_rotation,PE,4,0.26666666666666666,0dkwUmCwzJ
mental_rotation,PH,1,0.06666666666666667,0dkwUmCwzJ
mental_rotation,TI,2,0.13333333333333333,0dkwUmCwzJ
mental_span,EF,2,0.13333333333333333,0dkwUmCwzJ
mental_span,FR,3,0.2,0dkwUmCwzJ
mental_span,ME,3,0.2,0dkwUmCwzJ
mental_span,PE,3,0.2,0dkwUmCwzJ
mental_span,PH,3,0.2,0dkwUmCwzJ
mental_span,TI,1,0.06666666666666667,0dkwUmCwzJ
sternberg,EF,4,0.26666666666666666,0dkwUmCwzJ
sternberg,FR,3,0.2,0dkwUmCwzJ
sternberg,ME,3,0.2,0dkwUmCwzJ
sternberg,PE,3,0.2,0dkwUmCwzJ
sternberg,TI,2,0.13333333333333333,0dkwUmCwzJ
mental_rotation,EF,3,0.2,h3qLkF1oCE
mental_rotation,FR,4,0.26666666666666666,h3qLkF1oCE
mental_rotation,ME,5,0.3333333333333333,h3qLkF1oCE
mental_rotation,PE,2,0.13333333333333333,h3qLkF1oCE
mental_rotation,PH,1,0.06666666666666667,h3qLkF1oCE
mental_span,EF,3,0.2,h3qLkF1oCE
mental_span,FR,2,0.13333333333333333,h3qLkF1oCE
mental_span,ME,5,0.3333333333333333,h3qLkF1oCE
mental_span,PE,1,0.06666666666666667,h3qLkF1oCE
mental_span,TI,4,0.26666666666666666,h3qLkF1oCE
sternberg,EF,1,0.06666666666666667,h3qLkF1oCE
sternberg,FR,3,0.2,h3qLkF1oCE
sternberg,ME,4,0.26666666666666666,h3qLkF1oCE
sternberg,PE,4,0.26666666666666666,h3qLkF1oCE
sternberg,TI,3,0.2,h3qLkF1oCE
mental_rotation,EF,4,0.26666666666666666,Q479YcpCNr
mental_rotation,FR,2,0.13333333333333333,Q479YcpCNr
mental_rotation,ME,5,0.3333333333333333,Q479YcpCNr
mental_rotation,PE,3,0.2,Q479YcpCNr
mental_rotation,TI,1,0.06666666666666667,Q479YcpCNr
mental_span,EF,2,0.13333333333333333,Q479YcpCNr
mental_span,FR,3,0.2,Q479YcpCNr
mental_span,ME,4,0.26666666666666666,Q479YcpCNr
mental_span,PE,1,0.06666666666666667,Q479YcpCNr
mental_span,TI,5,0.3333333333333333,Q479YcpCNr
sternberg,EF,2,0.13333333333333333,Q479YcpCNr
sternberg,FR,4,0.26666666666666666,Q479YcpCNr
sternberg,ME,1,0.06666666666666667,Q479YcpCNr
sternberg,PE,3,0.2,Q479YcpCNr
sternberg,TI,5,0.3333333333333333,Q479YcpCNr
mental_rotation,EF,3,0.2,vBoSbHJ7AD
mental_rotation,FR,3,0.2,vBoSbHJ7AD
mental_rotation,ME,5,0.3333333333333333,vBoSbHJ7AD
mental_rotation,PE,1,0.06666666666666667,vBoSbHJ7AD
mental_rotation,PH,3,0.2,vBoSbHJ7AD
mental_span,EF,2,0.13333333333333333,vBoSbHJ7AD
mental_span,FR,3,0.2,vBoSbHJ7AD
mental_span,ME,1,0.06666666666666667,vBoSbHJ7AD
mental_span,PE,4,0.26666666666666666,vBoSbHJ7AD
mental_span,TI,5,0.3333333333333333,vBoSbHJ7AD
sternberg,EF,3,0.2,vBoSbHJ7AD
sternberg,FR,2,0.13333333333333333,vBoSbHJ7AD
sternberg,ME,2,0.13333333333333333,vBoSbHJ7AD
sternberg,PE,3,0.2,vBoSbHJ7AD
sternberg,TI,5,0.3333333333333333,vBoSbHJ7AD
mental_rotation,EF,3,0.2,JIY5GSm8aI
mental_rotation,FR,2,0.13333333333333333,JIY5GSm8aI
mental_rotation,ME,5,0.3333333333333333,JIY5GSm8aI
mental_rotation,PE,4,0.26666666666666666,JIY5GSm8aI
mental_rotation,TI,1,0.06666666666666667,JIY5GSm8aI
mental_span,EF,4,0.26666666666666666,JIY5GSm8aI
mental_span,FR,3,0.2,JIY5GSm8aI
mental_span,ME,5,0.3333333333333333,JIY5GSm8aI
mental_span,PH,2,0.13333333333333333,JIY5GSm8aI
mental_span,TI,1,0.06666666666666667,JIY5GSm8aI
sternberg,EF,4,0.26666666666666666,JIY5GSm8aI
sternberg,FR,1,0.06666666666666667,JIY5GSm8aI
sternberg,ME,5,0.3333333333333333,JIY5GSm8aI
sternberg,PH,2,0.13333333333333333,JIY5GSm8aI
sternberg,TI,3,0.2,JIY5GSm8aI
mental_rotation,EF,4,0.26666666666666666,KMzkcoEoDX
mental_rotation,FR,4,0.26666666666666666,KMzkcoEoDX
mental_rotation,ME,4,0.26666666666666666,KMzkcoEoDX
mental_rotation,PE,2,0.13333333333333333,KMzkcoEoDX
mental_rotation,PH,1,0.06666666666666667,KMzkcoEoDX
mental_span,EF,3,0.2,KMzkcoEoDX
mental_span,FR,3,0.2,KMzkcoEoDX
mental_span,ME,1,0.06666666666666667,KMzkcoEoDX
mental_span,PE,4,0.26666666666666666,KMzkcoEoDX
mental_span,TI,4,0.26666666666666666,KMzkcoEoDX
sternberg,EF,2,0.13333333333333333,KMzkcoEoDX
sternberg,FR,4,0.26666666666666666,KMzkcoEoDX
sternberg,ME,3,0.2,KMzkcoEoDX
sternberg,PH,1,0.06666666666666667,KMzkcoEoDX
sternberg,TI,5,0.3333333333333333,KMzkcoEoDX
mental_rotation,EF,4,0.26666666666666666,bKUxjX0i0W
mental_rotation,ME,2,0.13333333333333333,bKUxjX0i0W
mental_rotation,PE,2,0.13333333333333333,bKUxjX0i0W
mental_rotation,PH,4,0.26666666666666666,bKUxjX0i0W
mental_rotation,TI,3,0.2,bKUxjX0i0W
mental_span,EF,4,0.26666666666666666,bKUxjX0i0W
mental_span,FR,3,0.2,bKUxjX0i0W
mental_span,ME,5,0.3333333333333333,bKUxjX0i0W
mental_span,PH,2,0.13333333333333333,bKUxjX0i0W
mental_span,TI,1,0.06666666666666667,bKUxjX0i0W
sternberg,EF,4,0.26666666666666666,bKUxjX0i0W
sternberg,FR,3,0.2,bKUxjX0i0W
sternberg,ME,5,0.3333333333333333,bKUxjX0i0W
sternberg,PE,1,0.06666666666666667,bKUxjX0i0W
sternberg,PH,2,0.13333333333333333,bKUxjX0i0W
mental_rotation,EF,3,0.2,cGANl4iQl1
mental_rotation,FR,4,0.26666666666666666,cGANl4iQl1
mental_rotation,ME,5,0.3333333333333333,cGANl4iQl1
mental_rotation,PE,1,0.06666666666666667,cGANl4iQl1
mental_rotation,PH,2,0.13333333333333333,cGANl4iQl1
mental_span,EF,3,0.2,cGANl4iQl1
mental_span,FR,2,0.13333333333333333,cGANl4iQl1
mental_span,ME,5,0.3333333333333333,cGANl4iQl1
mental_span,PE,1,0.06666666666666667,cGANl4iQl1
mental_span,TI,4,0.26666666666666666,cGANl4iQl1
sternberg,EF,3,0.2,cGANl4iQl1
sternberg,FR,2,0.13333333333333333,cGANl4iQl1
sternberg,ME,4,0.26666666666666666,cGANl4iQl1
sternberg,PE,1,0.06666666666666667,cGANl4iQl1
sternberg,TI,5,0.3333333333333333,cGANl4iQl1
mental_rotation,EF,4,0.26666666666666666,jDL2pqqoXv
mental_rotation,FR,1,0.06666666666666667,jDL2pqqoXv
mental_rotation,ME,3,0.2,jDL2pqqoXv
mental_rotation,PE,2,0.13333333333333333,jDL2pqqoXv
mental_rotation,PH,2,0.13333333333333333,jDL2pqqoXv
mental_rotation,TI,3,0.2,jDL2pqqoXv
mental_span,EF,4,0.26666666666666666,jDL2pqqoXv
mental_span,FR,2,0.13333333333333333,jDL2pqqoXv
mental_span,ME,3,0.2,jDL2pqqoXv
mental_span,PH,2,0.13333333333333333,jDL2pqqoXv
mental_span,TI,4,0.26666666666666666,jDL2pqqoXv
sternberg,EF,2,0.13333333333333333,jDL2pqqoXv
sternberg,FR,3,0.2,jDL2pqqoXv
sternberg,ME,4,0.26666666666666666,jDL2pqqoXv
sternberg,PE,3,0.2,jDL2pqqoXv
sternberg,PH,1,0.06666666666666667,jDL2pqqoXv
sternberg,TI,2,0.13333333333333333,jDL2pqqoXv
mental_rotation,EF,5,0.3333333333333333,HV4ueBgaoL
mental_rotation,FR,1,0.06666666666666667,HV4ueBgaoL
mental_rotation,ME,3,0.2,HV4ueBgaoL
mental_rotation,PH,2,0.13333333333333333,HV4ueBgaoL
mental_rotation,TI,4,0.26666666666666666,HV4ueBgaoL
mental_span,EF,5,0.3333333333333333,HV4ueBgaoL
mental_span,FR,1,0.06666666666666667,HV4ueBgaoL
mental_span,ME,2,0.13333333333333333,HV4ueBgaoL
mental_span,PH,4,0.26666666666666666,HV4ueBgaoL
mental_span,TI,3,0.2,HV4ueBgaoL
sternberg,EF,5,0.3333333333333333,HV4ueBgaoL
sternberg,FR,1,0.06666666666666667,HV4ueBgaoL
sternberg,ME,3,0.2,HV4ueBgaoL
sternberg,PH,2,0.13333333333333333,HV4ueBgaoL
sternberg,TI,4,0.26666666666666666,HV4ueBgaoL
mental_rotation,EF,3,0.2,2HJHCZEQE1
mental_rotation,FR,5,0.3333333333333333,2HJHCZEQE1
mental_rotation,ME,4,0.26666666666666666,2HJHCZEQE1
mental_rotation,PH,2,0.13333333333333333,2HJHCZEQE1
mental_rotation,TI,1,0.06666666666666667,2HJHCZEQE1
mental_span,EF,2,0.13333333333333333,2HJHCZEQE1
mental_span,FR,4,0.26666666666666666,2HJHCZEQE1
mental_span,ME,3,0.2,2HJHCZEQE1
mental_span,PH,1,0.06666666666666667,2HJHCZEQE1
mental_span,TI,5,0.3333333333333333,2HJHCZEQE1
sternberg,EF,2,0.13333333333333333,2HJHCZEQE1
sternberg,FR,4,0.26666666666666666,2HJHCZEQE1
sternberg,ME,3,0.2,2HJHCZEQE1
sternberg,PH,1,0.06666666666666667,2HJHCZEQE1
sternberg,TI,5,0.3333333333333333,2HJHCZEQE1
mental_rotation,EF,2,0.13333333333333333,Fd15tXKjh3
mental_rotation,FR,3,0.2,Fd15tXKjh3
mental_rotation,ME,4,0.26666666666666666,Fd15tXKjh3
mental_rotation,PE,5,0.3333333333333333,Fd15tXKjh3
mental_rotation,TI,1,0.06666666666666667,Fd15tXKjh3
mental_span,EF,2,0.13333333333333333,Fd15tXKjh3
mental_span,FR,2,0.13333333333333333,Fd15tXKjh3
mental_span,ME,5,0.3333333333333333,Fd15tXKjh3
mental_span,PE,3,0.2,Fd15tXKjh3
mental_span,TI,3,0.2,Fd15tXKjh3
sternberg,EF,2,0.13333333333333333,Fd15tXKjh3
sternberg,FR,4,0.26666666666666666,Fd15tXKjh3
sternberg,ME,3,0.2,Fd15tXKjh3
sternberg,PE,1,0.06666666666666667,Fd15tXKjh3
sternberg,TI,5,0.3333333333333333,Fd15tXKjh3
mental_rotation,EF,5,0.3333333333333333,E1wQ16OGRS
mental_rotation,FR,3,0.2,E1wQ16OGRS
mental_rotation,ME,4,0.26666666666666666,E1wQ16OGRS
mental_rotation,PE,2,0.13333333333333333,E1wQ16OGRS
mental_rotation,PH,1,0.06666666666666667,E1wQ16OGRS
mental_span,EF,3,0.2,E1wQ16OGRS
mental_span,FR,1,0.06666666666666667,E1wQ16OGRS
mental_span,ME,4,0.26666666666666666,E1wQ16OGRS
mental_span,PE,2,0.13333333333333333,E1wQ16OGRS
mental_span,TI,5,0.3333333333333333,E1wQ16OGRS
sternberg,EF,2,0.13333333333333333,E1wQ16OGRS
sternberg,FR,3,0.2,E1wQ16OGRS
sternberg,ME,1,0.06666666666666667,E1wQ16OGRS
sternberg,PE,4,0.26666666666666666,E1wQ16OGRS
sternberg,TI,5,0.3333333333333333,E1wQ16OGRS
mental_rotation,EF,2,0.13333333333333333,E6k5x9v8pf
mental_rotation,FR,1,0.06666666666666667,E6k5x9v8pf
mental_rotation,ME,4,0.26666666666666666,E6k5x9v8pf
mental_rotation,PE,3,0.2,E6k5x9v8pf
mental_rotation,TI,5,0.3333333333333333,E6k5x9v8pf
mental_span,EF,1,0.06666666666666667,E6k5x9v8pf
mental_span,FR,4,0.26666666666666666,E6k5x9v8pf
mental_span,ME,3,0.2,E6k5x9v8pf
mental_span,PE,2,0.13333333333333333,E6k5x9v8pf
mental_span,TI,5,0.3333333333333333,E6k5x9v8pf
sternberg,EF,3,0.2,E6k5x9v8pf
sternberg,FR,5,0.3333333333333333,E6k5x9v8pf
sternberg,ME,1,0.06666666666666667,E6k5x9v8pf
sternberg,PE,2,0.13333333333333333,E6k5x9v8pf
sternberg,TI,4,0.26666666666666666,E6k5x9v8pf
mental_rotation,EF,3,0.2,cSI9W49vxo
mental_rotation,FR,5,0.3333333333333333,cSI9W49vxo
mental_rotation,ME,3,0.2,cSI9W49vxo
mental_rotation,PE,3,0.2,cSI9W49vxo
mental_rotation,TI,1,0.06666666666666667,cSI9W49vxo
mental_span,EF,2,0.13333333333333333,cSI9W49vxo
mental_span,FR,2,0.13333333333333333,cSI9W49vxo
mental_span,ME,3,0.2,cSI9W49vxo
mental_span,PE,2,0.13333333333333333,cSI9W49vxo
mental_span,PH,1,0.06666666666666667,cSI9W49vxo
mental_span,TI,5,0.3333333333333333,cSI9W49vxo
sternberg,EF,4,0.26666666666666666,cSI9W49vxo
sternberg,FR,3,0.2,cSI9W49vxo
sternberg,ME,2,0.13333333333333333,cSI9W49vxo
sternberg,PH,1,0.06666666666666667,cSI9W49vxo
sternberg,TI,5,0.3333333333333333,cSI9W49vxo
